{"version":1,"hash":{"type":"Buffer","data":"QLHZDL3hrT6CpCLZmEl5XSB4lw3Cv4QcZLmMZZUm5OfK7KoccUMB+jsX9wevVSNrONhbKWrr+KGFpPTlhApZxMDKb5gk1v5Yz7VtsJl399s8T5GUt3px++UP44zu9bDqYjobKMzj155fgotnHtrZtnYojChooJFgZW7pczly6A4="},"indexValueMap":{"AnEGafoF1b4baogx4cUvcPObINL3mSBJjGASoptteAY=":{"valueMac":{"type":"Buffer","data":"ks6Qm9B4ufyCPgDHy6ZYQGKpK3/mvC7ICZGoXPCpG0s="}},"KH77Up6paXryReER5rjjmUOj4oMSAIejYWQ4AVQtGp0=":{"valueMac":{"type":"Buffer","data":"N3+d/NmcYJamnuON7vuAb1iGIZ+jb9Rs/bvZ9q2Wodo="}},"rbdW9iCw2XALMvxhtRGFx+i4epiZVP/YITi3cu4ljzw=":{"valueMac":{"type":"Buffer","data":"u7Lybnf5zP7/E5IsjfjeRWnhQCdmJY8SLCd7Py71UN0="}},"rN44t2eCxkhqFwT+AD617reQ1utJihss++e+4Zhd3lU=":{"valueMac":{"type":"Buffer","data":"Oe743Lia3PQS244MThY65ajZDrHIWe5W+XunAhb5GEQ="}},"48AWwujeaoNiHItZJ2kv+Sb2ptKvva8NtPmCzyFfRXo=":{"valueMac":{"type":"Buffer","data":"ScnkdZp2/OpYxa3b8uPpWljrEcsAI4u6fGNGRu9ekn8="}},"Y5A1MFbV9kb3LT5SG3AiKM9rtNIF4pNp89Anm/SB2ps=":{"valueMac":{"type":"Buffer","data":"A2DVqjy8ZGkDHWX8XGD91WKXTrq/hyRKupZDmS2h0bY="}},"l+Y8H2maIz3RDf+kaRYdOSTOUfC91depzFq9o4KzudY=":{"valueMac":{"type":"Buffer","data":"MkZRBULXTOVw6JVPGe2TbRuLfv5t4ppPuUpcqg9w518="}},"R1ighbT2435ISZ7B/vCsGdA8K2uNzvAjK61H0j7DYw0=":{"valueMac":{"type":"Buffer","data":"OSX36frRDi/xRxg7sV30DPcEHRx4RqJTfVtUVvBqsac="}},"swRzeOzkz6MmeiLB4oMHNPCiPwLRanQifgpW9OFCXjw=":{"valueMac":{"type":"Buffer","data":"E/fx0v53QJegxvp8L7wp7kGvgWlVydtvCj2Mm8zYqmw="}},"YboDxTyKrr3zo8IMUw05VUhkD8Tffv62sUfgxw24OTk=":{"valueMac":{"type":"Buffer","data":"FXV5bWkz5QQ2JDNd7QmCGUpc+It4/jkeDOradJ9hwyA="}},"oLoiZMznU/wc15IQ6vDODOXTTmxdgrlNQLTnFv22pAs=":{"valueMac":{"type":"Buffer","data":"3uCNcnG6J9EI8IsLq/3Pu0EZzcX0kxiExsFE4g1tHRQ="}},"6eoGKOXTrAIZl5Evica+AUm/Q3tASQvap5N/WkOvb08=":{"valueMac":{"type":"Buffer","data":"2ya2xa2hxR2t1xBM1qeTkAZxJlH2EFSUnKbEcERr344="}},"D/GRLU4aFfEAsQVyfnGK/X0TNWo+59vVzG3swwtoll4=":{"valueMac":{"type":"Buffer","data":"CY2nzNO8dbL21JX4DZHdPXCBos8eNdT8atznA7Kdfb4="}},"IO2+5aQjYoOUzg9DIleAEPxjEUx0ef/9isMFGem94BI=":{"valueMac":{"type":"Buffer","data":"4tdZNPBOE9AZT1hkV4gbYA7XW4MEGA5PoeQVCI3eotE="}},"v/hrYdUgc9NwflvtyrS3qCOA2IfZ5IxR2LvEZbetFKU=":{"valueMac":{"type":"Buffer","data":"3Ild8z13OK+Bl3eDFNpt5/DFCis7TpBvq9hCiuBKWT8="}},"heelr248v9E8SwZLsr32Y1hxh5H+Ov6ZwUlju9QAp0w=":{"valueMac":{"type":"Buffer","data":"S2kP8uC2Ez8Z8BsFsP13CvH/BhicyrNMVRlofWiUdX4="}},"/WlsIXVaeIMQbKEYONpzIFJH/DnSOp6lx54VvSuKu/8=":{"valueMac":{"type":"Buffer","data":"WOHpgE4O+Vui8RdvM9AFxyyC8eTax8LpP6DEAG7keSM="}},"S7QrS4zAAh3EGvsqdbvfnIOV8TXLzd5s7Icr52CI6jU=":{"valueMac":{"type":"Buffer","data":"SI4d5tHZryqNHqMoSI/Xdp8sJ4Gn7qyDPq6GCGeU560="}},"wd7wX6gmv5mVmYHvDwHsS6cc7CXQEJCKav1Xj/3WvRo=":{"valueMac":{"type":"Buffer","data":"swijtXK8tcihs25aHpqO6FwDEmxoQsS2/SwKiA3q3YY="}},"4aE4R0Uf643X4RMauJ2nyOgTseubPPFAslcHpX3WDKA=":{"valueMac":{"type":"Buffer","data":"6/pAOyLhV76xBXw+IiIZsFKyBoEUUxPhip1AaoOpRxs="}},"nGMy3N1BhEUx8l8WeeDAYVU8gE+Pai+qKP7J9FGpfoA=":{"valueMac":{"type":"Buffer","data":"i2pieBhqe2GTLZol3sb3cZoZCusWHCCYGff2AYL+BAg="}},"qGgzgo3VXOJS7NcSfZ7Rd1M96yFxsZq1Td5Jj6SP0cE=":{"valueMac":{"type":"Buffer","data":"+PHk/u2GJDSOh1i2elaBEVkTfHRL7bTSmvG2ygsmqWY="}},"hvVd6NOAzVQDznoeomxVcwW821vCmrdbauoLXmdA42g=":{"valueMac":{"type":"Buffer","data":"sP8p2nkMlYTbYat/zTBaw0HXhcZTKMTrqc4lL+CPfXs="}},"lXobtpDnMnXsBlI2PsBkERBwh9X4YUQfFlIaZcLbnhw=":{"valueMac":{"type":"Buffer","data":"xJwq13OdRV8qHKI5/fXCdnD3bmv/w2PS3Keq8E3TgtQ="}},"OnSwfRB430DKeDHFoeQuRfyjApqpevhhB7dAO3fdcB8=":{"valueMac":{"type":"Buffer","data":"H8DHs7nB6XdiRwh7pKofZ3Df1YuRRW7VCCs7/bHFq/o="}},"sXRNFE3wh0vKe+JQMiKKy4nr0Exp+K8YID/nwino3VQ=":{"valueMac":{"type":"Buffer","data":"pAAS/JxhsJPyFnuFU/BamTzeBE/X1uFKR1r9PyERcDk="}},"fDQsxRojN+LWGi379AMhpkRpD/5NcJH5Qy5OUeP1AQI=":{"valueMac":{"type":"Buffer","data":"sYdtI9MZdCpOn/szTKasDpBhwNu0M/jZaK3DxenBZkA="}},"EZwbOO05De399SEAFj+28SMeDXPTgOgNfCUXNq+RO1I=":{"valueMac":{"type":"Buffer","data":"wKLGU66URL/UITb0o9a4wqRJ+Rk6fdeGtmEZ+ur/sTU="}},"d4PzMdEsi+Rqt/SCagsFCvwcMVc6Hf1WjaLXG3SiSyY=":{"valueMac":{"type":"Buffer","data":"QFMZeikFi2w+t5CDXHby0STrKf5lD5Cyo84zmEnRdOQ="}},"tncQ5lyivCCtAIrNhIbqETHlsVdyO5/ihAc8/zY/ymE=":{"valueMac":{"type":"Buffer","data":"6nalEo/lt3vL/bUko1h273JBMNY4yN/kUW1AM1ctFoM="}},"avgYElF7559C/rGeQkjGhiuYRQiR4ubBxHJFt4M6fUw=":{"valueMac":{"type":"Buffer","data":"1mtNJqoVML0K1zhEANoQDTXAxrF50UCfHtaCtkhUBik="}},"WSTkDgABIaVEAqMtDqvMk8Ygq1sabmOb3apNON2BBfk=":{"valueMac":{"type":"Buffer","data":"oAdpD0kYOC1wsVbwfGwU+4WChPg67/fg3M4fZk6nk2I="}},"VzG/1w+PUu4awFLtaiac18iCYIw4XEoaU3+ZavVBNds=":{"valueMac":{"type":"Buffer","data":"tXWB+8Y7g3gNPkanE+aofkvV6oTYyZchP1m2AahDuX8="}},"QkJ60iJOIYwmyhlsAPEl08l0WjKgicf8VfWuMtHc0bw=":{"valueMac":{"type":"Buffer","data":"yvgXyplfZHDBc2srg1mYdqSHrZqUVJ3zdPA/0JNYTaE="}},"VBcrU7m7izNhnx3olbQcj/S43p7x5ufQNhYmeGCvY1o=":{"valueMac":{"type":"Buffer","data":"FcnTk0eodv8J9CwnV4hcbzqIMADcxcxRV2XFq7XE90A="}},"jElMigndqtu+WvLmi8BKUECwRPYf7ZqWQTpjmDp0HS4=":{"valueMac":{"type":"Buffer","data":"LTV6SJMK+X9mjERKTtEmcFd1HZIvIeBuOXjVqBw+D6o="}},"fx0Lzr4HPjXgn/QijLyPdlcwQ+cUvo5024+6PGw5/CU=":{"valueMac":{"type":"Buffer","data":"20uoBbH4WFfdXxZ+MOij8hdmhIUgAMCwrt/XaeUnUrA="}},"J7nGMgY8SgsrZgaXIgm/bGX7diyMeEgtwij5RjShM1I=":{"valueMac":{"type":"Buffer","data":"db75P/8J/hxH/VbvUoXpY0opsnfA9eK8hC1oZnwHkHk="}},"pnDhjBginNBc5uJ0cKvP89EcEtr7fO28wyVWeLe8y7c=":{"valueMac":{"type":"Buffer","data":"JmiR76ziX91IxOcZMWJAa5Dev+1pRE+CAEFxC1i3e8g="}},"f6evTm2qNvuFhEEDz6sZKlw3OAOqRdY0o5y6/sd78Fo=":{"valueMac":{"type":"Buffer","data":"3w5rGRXA3dCU/+YCGbMsD6m38fWT1yhEnYHu5/TS5Q8="}},"b/DodT7AUX7KJNSFuQolvuNiMymiogMWXfXWJbVKT3U=":{"valueMac":{"type":"Buffer","data":"c7yrUdsBV93nQh+MGc7J3Xk8qm0+6qOnUUMt4AyVoWE="}},"JDXEE9LBm3ITqSmHU88rVFYCdwVMexHlwaZ2wnEu3Ps=":{"valueMac":{"type":"Buffer","data":"HCQuJUJm3GQNEVdVa6xwJKLyAyAWR7kxO/hR34E13CM="}},"AwKksHlnAJ9SUi6bi6Xez+YSG+Vg8eMMeuwpDguiS/w=":{"valueMac":{"type":"Buffer","data":"4ZsduAh8Jy5Wv6p6L1FzUe32DoR+2O//mb26Icvwhj8="}},"Wq38up68Tl6jzjhRM3N3q6PGj2t07WxSsOtJsoW8SYc=":{"valueMac":{"type":"Buffer","data":"Y+tjeuO61U5Kdhr+o07Hy6zr5sl8kLmuMlN6I7Nz/6M="}},"4Jci05Ef59PYUSxImL+dZDzsxeBMUXTvcd1cHT6Wq7o=":{"valueMac":{"type":"Buffer","data":"ugRumlRhshHg1JlcQInJQpyZP+WkCVuGTZZYq5w6Ejo="}},"aUVD4RHNm6apVAxezz0pzlG+aKR6BFKIHPkQLJJlLX0=":{"valueMac":{"type":"Buffer","data":"9fRMKwDFWNj2A9AKNYMKYtatOJ8catI2aRz7ox6y1fk="}},"PemPB+K8Brdunw7w9whAhAhXINqZWqJuIEUAfAtWj8Q=":{"valueMac":{"type":"Buffer","data":"YBSeiQh/B2ZA8nGF9stZN7o6pZcLfuSF7apOOUOsrok="}},"aTlfTIKOhqJYD4WZfUwOmr4BXf0NK11Pv1An/vLOzsE=":{"valueMac":{"type":"Buffer","data":"PE7w/bWMnZW+mFje/ez2iBOk1GhPqLtoas3lj3KTca0="}},"dP1QTogXwZM/mJdFfgITrWPe032MlR0EDD5pFWtX2o8=":{"valueMac":{"type":"Buffer","data":"Ej+A7NiELEh2+lyqi+vSVGsUhQBjnqw9zNahXA/DHeQ="}},"lK0ZiFVZzPcsjpAfhHqewGTETar2wp4ZEse/ta9q/tw=":{"valueMac":{"type":"Buffer","data":"09EJ5sY1/QWWVgni9FCnyE0DGV1OH6HwnlDwpBL+XFI="}},"GXRGlVuUke6ApNZyu58loqvlNw/LriwZwHMJouzT+Qg=":{"valueMac":{"type":"Buffer","data":"PWmjeo/jfZHD/c88PhJJ6oIFeOIJyX38MATSR7R4xb8="}},"2wEM+v3tQAY0J8zk74cy8ygxWRqaW3+mW5Ev58EEby0=":{"valueMac":{"type":"Buffer","data":"qwiE57gdqh8gjIvOTCGYpvTjWa5k4BQyk/fr0mXh6rI="}},"9fRFZMs2d/zKlESfVuqOcM0XIbmUah1qIE8llpfaWN4=":{"valueMac":{"type":"Buffer","data":"85obNMIfo+X9BhP6KeFmJOXVDajCf0qB/D0G9BiqbSM="}},"i5P//ll8HJZLzX5VE1sg44gi9gl3Wt3NAv6p5W3s4lg=":{"valueMac":{"type":"Buffer","data":"LdLDGYlPnzjvlSQnw5c3KcT7rhc6HfSJnQyVlcQg+fQ="}},"TqLwGYbHJE6EjQuaeiRQkH54EDe169J0TN9ZwE0m++4=":{"valueMac":{"type":"Buffer","data":"GdZCfc7MpS7xMOIUOeSJjlP+qsI0uMwqvBe9hOYmc/I="}},"h/hxHQ42acvP/BvAI05yiGUPmv4A14UAiiXok7H2mlg=":{"valueMac":{"type":"Buffer","data":"gnRhWBByzUJON5eSC/0cMfa34Rl/pyKoW6g9Ubbzerc="}},"n+9Egs9junVu+BJ2e7hWFZToDn2By41J5ZuPd8lIRGg=":{"valueMac":{"type":"Buffer","data":"1J1L+KElWy8OKK7d97CC54eZ57IHmEJyxH+ZCqa0b4s="}},"ZJFmPJw0i2AzsGPz+4ZXDoxa3AH9zQKtoFFsOrK3pW8=":{"valueMac":{"type":"Buffer","data":"EH5DHvXYYTR3LjPJ6Q3dTl+38gesU2ccKqOL96JsVds="}},"nJUbo+Lnlt0TF7IE2iltEWMthjLLXSXOyImAqGAoSY4=":{"valueMac":{"type":"Buffer","data":"AmWbxr0FUACGQqio3hO462PQT6HyhDJM5QqR0SFaPh0="}},"LfMCt3jOafdxHmQ0WvOwWvEdWqVMnM1F+kJkg8mJQjA=":{"valueMac":{"type":"Buffer","data":"egsfoEW89nG/mv2KVBjutKRk5va4Ed1Dx0c9wmQrA0o="}},"DuaEYp8IxL0vsbWxCXhxamGrfEBmPZg2MFv2uCcSV/w=":{"valueMac":{"type":"Buffer","data":"3Q1ViYofRZ4X0zx03tsSXb4chwJmTI/pVAgRLnpy1tI="}},"HyM57XvIBKVZ+S9tqmnJwsmq1leZ8RJ2P5PD0eG2VZU=":{"valueMac":{"type":"Buffer","data":"MWUFT3jIgM3b56RLVe83LCBe06BFEkYn0j0awdRkHCw="}},"OzcF6Q7DgLWnjj6hUHNceKUCiOQY2Nx925hpgKjPk1w=":{"valueMac":{"type":"Buffer","data":"+rEgG0Tkytjiw9dvJM3zN3KyEXtmeLyimzqeMLHhhBk="}},"aqbohZg3mJ7GWQli+k3uqNBAra+n7eZqW2wSLsw/Kv0=":{"valueMac":{"type":"Buffer","data":"UgWVyFMP7fIXG1EUWCNb4gm7jtn9gNsJxtBMTX+qFlM="}},"DRUFDcb1cvPoyAAgcVNBNouYF+SOX4gwjbCoPjyVjC0=":{"valueMac":{"type":"Buffer","data":"PigqkogjI0vjle7txqJGMGPTAT5P4tMLdytf6392I+Y="}},"skvt7RSo1qbETEZJwBik/zRRee/7BfEJt9ZsrqCvxck=":{"valueMac":{"type":"Buffer","data":"6t7smEOMs6E5HftEZV2F2W8B7Udrsz5ooLbzov5BR4E="}},"U7JiCa0qP3/yiFuWE5OIMN0tWUirbxuicEgkpcimr3o=":{"valueMac":{"type":"Buffer","data":"z666Bib86BR1cwyQJDhEGCceu9UmMzDplqxjL9pQu7M="}},"j5IyKP20EbsUtobDX1tKUFoUlGfzcnrIVrMHyfRH8Q0=":{"valueMac":{"type":"Buffer","data":"LFchi5cux6iflhwLxFZhMRnjb+w5U8UP2uxnFCGUaxg="}},"a65pXzpfXZY0zkZ2TyzfW/HNx3H4cYbwl/j0KrKkWAY=":{"valueMac":{"type":"Buffer","data":"S9/zlkA69REFjxWclkx7P79YP8FJ1gJ0ShxzqocnS8Q="}},"Yh3V20jhNKFFFfj8BKWtolk2d0zTP3OoovbmmREmLzo=":{"valueMac":{"type":"Buffer","data":"lLRCWGXWl0pjFrMG/jEUY09DLodQfQJEFOCPEcrebr0="}},"m8QLve3k1gMAG3XVGM+Hz/gBwTIJHBoV8F4P89Xak0o=":{"valueMac":{"type":"Buffer","data":"Mz61ZYFsyemS+KX1iOmgJZRdoZmwUrmJ9OVgXVwVRhg="}},"ZC8ieaWDO0G9XI4CxNtDBgfAjk7Uc76pEw3rYfELJxk=":{"valueMac":{"type":"Buffer","data":"Dxnb3PLE31v0WEnUvgXcsenE+1HjUknFIwYyZXV/AjE="}},"/xzrW8vDEMQhPGROsF0ejIjDaAhtdNtGGr549e6jPrs=":{"valueMac":{"type":"Buffer","data":"ah1DJAyuueA6Hf3FKv9+iiYQq3//IYTuQuSG3gVvheY="}},"wnfiyDuKrUbzl5gwR+vdFk2rhxEX1rGgQj35ikdMt+Q=":{"valueMac":{"type":"Buffer","data":"4BCNeJTOpTi0Np6QECYLbTxG+PYvx+0VAN7D6RKNReI="}},"I2kHhwuvV8Ua0TyI+x8F77dbx0j4SeVSodxbzz2vZ6k=":{"valueMac":{"type":"Buffer","data":"D6AVYfilRtgvE9OSCfSeTgn+ADrnThD72GEOQEr6Jho="}},"nSFkhRlbze2TElBekiRAkYm2h/vokmYhKVwl+QUDs3A=":{"valueMac":{"type":"Buffer","data":"s/zPox0owFPrg8wWpmBg44XvgYAndeVOKosOtAy2NJE="}},"B4GWtibetzoQdJZVhkG9EDTEyjW9/8rFB0gccadOIdI=":{"valueMac":{"type":"Buffer","data":"pAL10poiUexvRk/lr7Snavyl1eZfeVTUtmH0KE03Jo0="}},"W6dybfYnZFEbfRgg53xKqR1h1rMWtnmiU7NLJLXPCvY=":{"valueMac":{"type":"Buffer","data":"sfzEzUshG5RRzOnHCWU+a9n/dvp9/p7Ro/O2CxRy+ao="}},"ZfDnW+wxgeATx0z6LhYoDN4yxO5smiWjB73IJA99FSk=":{"valueMac":{"type":"Buffer","data":"FUN7pnz1igizuhe44QafQIIA8jadssqXDHoatyZCNBg="}},"KMbkRh4/wGZULjRDrNoJ96X400YKFXGtPd78XS7/0G8=":{"valueMac":{"type":"Buffer","data":"SPIGnnPkVtLefnvAR5bGi4kI0xrC/hV5HMipS5e5mCA="}},"ILUjWKWaGKSyHGEXMe8ZGSsrVjJiIk5VBq4qaCzOa1U=":{"valueMac":{"type":"Buffer","data":"sUqi+M4rXaznD5SqbUpvMUDqaWq3jhbBvmlkuRGl0Kg="}},"IIdHAfFG6cT/FxiSvmnuFUbuawMgpjOvozQgFRKtPdU=":{"valueMac":{"type":"Buffer","data":"WrEIcSWAqel3muVUkOHcc8r44VTChENE2cdWLPTe/S4="}},"zULxGIbJEsWTz4hNEIZsqEcTENpiJJuAkK0zcfbMrRs=":{"valueMac":{"type":"Buffer","data":"AlixBateD8J6DLAAtl//Yn2KVSoziRHhZjbx8o1/Mlw="}},"UpV1nvG6P3IfM4C1AjRsVBtwAhLZR30IgDTSPovQuFo=":{"valueMac":{"type":"Buffer","data":"nkz+MEKzdQPZ1wPDUbOJz7sjIgW75n5PUxZMM52cBPM="}},"rKy3+5SzT/MNhQfT3ULZ/Ev8rzXQKHL4AWzXAAPqBM0=":{"valueMac":{"type":"Buffer","data":"w6LaUiUPiLswbm9E7NSJepBDpYp7AD34TWSpwbFhlzU="}},"WTT6jshJFOG9EmHbi8pGTiuJ/W/2D0VONzuTMjCRk5Q=":{"valueMac":{"type":"Buffer","data":"Ar0gRpM+GHqXfbFuvmsXdE5lLr5LjgF+mrrHI2hAjTo="}},"SmDSqtgOUHegns+b25qKlRFef/YgxARKqjCNfNkLhxo=":{"valueMac":{"type":"Buffer","data":"+9vUyurlTE5KfF81sWmgfCOYN4i0TwokfIs4XieXunI="}},"DIe0eMJ3ewh2ZKk7DfPD9ebPoRgojz+J7UMRZj46EbI=":{"valueMac":{"type":"Buffer","data":"HdSXgZ7zufB7K0eXZtny8y4kHA0vMsliibKpkk8qyhc="}},"en2zh4loXihMpX44s/fwDU7wvj9jBvm6l11TO2LQTjc=":{"valueMac":{"type":"Buffer","data":"wLUH1Opawd4EU9gY/wGI8Qt/mgpwXN1JMtQ11aDf98c="}},"xRMSJBVMkcEIf3Jm7cSS8aRs4+tp/on+y9dkxbPJk3w=":{"valueMac":{"type":"Buffer","data":"Ja7cZDKd3hNWxaa+pc5rEaGSMlJ8CuD9xyo/G7yCQbg="}},"KU1SAGOQDnUXz6Peoabc1x/LE1kAkrqwEQo2xIqXiUU=":{"valueMac":{"type":"Buffer","data":"pMMXYOXuzH83xGh+A83HpjAMunBaa3UQTkFViR1tdsk="}},"OaLLEgBdunSiqNCs6gE5Zr4MAwtNU5AWZRFXe1DDhYg=":{"valueMac":{"type":"Buffer","data":"ZycDdaNNl3HI5ZUtew6nCAsvoK+zmT6Kwy2j3qcVGwo="}},"s6RWh9hl0EMBLsbC5NS8gvFNPmQZ2WWDx6HvqmB64lQ=":{"valueMac":{"type":"Buffer","data":"B4tAKxvbe0qHEF0GGFhBkTKCROqNVJpOP/R/Piy2l7Q="}},"A7Y52CwInJuyOW5l76US+OKYEloxIOmkjsdbFYQGLSE=":{"valueMac":{"type":"Buffer","data":"MzlV2VUSP93GPLBh73T0GAYBIkzVYVaFJjcF06m2Wns="}},"/OMBFG2kMxta/AK2OD6MEUJvTOad6bhZV4XRas4TUeU=":{"valueMac":{"type":"Buffer","data":"OqIrPS0b4e0we6mWhHWBo+UfBTR/1k9vl1rK1gI000Y="}},"K6ByDlr5G1DvigKCPw6qWuRnqoyl00Cd/lH/qhqK+AU=":{"valueMac":{"type":"Buffer","data":"KdtX2E/Ugxra8ZCAGyZ9VklPPrpa5y22hOZBycOfKgo="}},"HBgDhN6UUtPine8mLvpVFB6OOA1CGt+Ei+I75xlO0GY=":{"valueMac":{"type":"Buffer","data":"zTsKhe4P2/Vd1LKjj6gMaYQpMnyiyZ3iHXsjCVaTG8c="}},"GZu6hhH52NrpjTUa2c4L2JKioLMswOVk4jSrgTwZ72Q=":{"valueMac":{"type":"Buffer","data":"eWHjWczqvEtqOvG1Xy7kba7pQ3jOLmLDtOfOob7lpQo="}},"v+B5CV+8a3u4/12FHDIfxD0noqHYgXvup5xgAvFH+xs=":{"valueMac":{"type":"Buffer","data":"PDfDD5Ik30n0BwbltVS2VnclYf6jIlfr94/ZsKOsjgQ="}},"Tt7T4ahtdfuoqagQyscNxKW8jBEPdKlACkdyyqotNnM=":{"valueMac":{"type":"Buffer","data":"qFpncMFq2Ox8VeSbH3ifDESuMaTw1sOQO8mCey43OzI="}},"zB4vzEno97t+6n/O+cqY0IXwjPfiecD3gSjH+57Nf6Y=":{"valueMac":{"type":"Buffer","data":"bV5cl7Q5TRwKi0LJyRhevuI6eKKVzvJCw7fZ8USqZyM="}},"pHHNvMMWk7/YWT4Gq1SpknMBHE9z4DJIkWvachnlWGE=":{"valueMac":{"type":"Buffer","data":"OvEuhiHYwWBY0iL2FTNU6VVvLo5+vjgLQ/SQzY+dY2c="}},"hwBsKye9nJ/eycXCclbnPJRGPOyyb5OQ1qKZbMSHReo=":{"valueMac":{"type":"Buffer","data":"zOcWJGx8wyqmjwCrnsqR+1rUTrQda5Qgw9yxvT2F4v8="}},"MPJV69uA6YpNX8gfN6iApd2Tc2JNrsd91PvDzqUOqcA=":{"valueMac":{"type":"Buffer","data":"Mg2tlok6est1Bk/RCDd6aO4XGcMbH8WoOnSTVzOg81E="}},"6brUk9F+v+kooT41jb/7cS9lmOV6Ci5pHRNWBHGzIh8=":{"valueMac":{"type":"Buffer","data":"wevXw75dA2NfUiUaRKDHgFP+CjHEhg9HEKzlN2WYI5g="}},"tBdZ3b80INYx0fYP5H2PkfnleVST4ifVVTKxQQ5ohPs=":{"valueMac":{"type":"Buffer","data":"Qmd71Y14hIsANFLyyw8ZuvI/KH/56Lpma/JPijXMysw="}},"nvwi8ectNd3qy8fZfwa98r2LXyCJGdg9D7kX2+rkAiE=":{"valueMac":{"type":"Buffer","data":"q+H7B+XZsr7at7M1TkyuoUKOYRlgpJVieqEG8e3pY/M="}},"AGBihMaQfIN4LbCmQ+xFihNoeBqp27i7KeYwx21cTB0=":{"valueMac":{"type":"Buffer","data":"krHG6X/XXg7eRz5aGMX/+ZgA2IZS/I2VDQHjJTAkB5o="}},"1yYG+vXDrp6vZkNCF93IApTZ2/SwqFIWQT1e8JMJSgQ=":{"valueMac":{"type":"Buffer","data":"POOQQ2GmXTWwP4VWMqqfo/d//tR9cVxsRI36xQCH+iE="}},"uAyMy/r7UQbd4EjpqnDgRhZlso1YHtCjIlcT66a2xo0=":{"valueMac":{"type":"Buffer","data":"qGY89h6Sp8edN8xdlnPqkcU8XR/W86tb2hV2G53fQUA="}},"KsDK0Q2mrwWGr1ISlUSVDGs1CEE98yy7B5qBD7ZEGNU=":{"valueMac":{"type":"Buffer","data":"LfNg/o2Ql5quYVmQpLj4hwMqbrp/VofTqau8wOKmB7o="}},"eK4uXWURz7ynCsUEsMh2qdR+wKHfutQilSImqu9T13I=":{"valueMac":{"type":"Buffer","data":"wq/1+b7hyMXcTNg2RhK0E0KmCvJJLCqEhtyHlMUD5X0="}},"iDmH3CBuNeKb3j9dYfN2ycbEajnuoiHOQC+7Gu1W1UM=":{"valueMac":{"type":"Buffer","data":"h2LhuXkxR43H44xjK4aa9q6bGtOtq4LZdHMfbdOv4Rc="}},"7/OfXPmsFeEeLGWvvE86HfrMZWnGAExM3ktLWkI9qMw=":{"valueMac":{"type":"Buffer","data":"jDQUCCEY0cMH+yggWiIeN0Rp+Dc6Y6DEPQ+p1bf1eow="}},"opvFTyWWllHqnmOPF8aZd0/xNcRAlbp6Kh0dH7fUIH8=":{"valueMac":{"type":"Buffer","data":"z7sz1riXx2J9lb1FMkIZ679ENKx9e8FDD+BjiuE5+7M="}},"v0HjukF6iI+kdFSqVK6QToMVDAkFM8ITnj5WPGpcKYw=":{"valueMac":{"type":"Buffer","data":"6lZXoLgkIgcwQPWLYXtGdyDBFz/9iNzFExm4tau20p0="}},"TKf5nEGzrRjUmigRLgIh3cTTv3Sn4swTO5GKb6Y56zQ=":{"valueMac":{"type":"Buffer","data":"QslOuUwC80Ptr7Lu5zuxagOiKby/6AaqlJvpgqxs7N8="}},"T86z6M6mv0WhRIsnzw6tpj5Oq0yGtzr4v/EisBu5rrM=":{"valueMac":{"type":"Buffer","data":"uSwJtzG+WZjlFJ+EED8ylU0iZsNanbMXA8LUH58tpHY="}},"b9aDik8eHl3gB2id8qtU149XbkemDlIjXTXdPt1DOTU=":{"valueMac":{"type":"Buffer","data":"IRo0tvGiIvBfeZN97EhZcs9PH7y2dv2/Ayov3aH/mDE="}},"Btu7B+FAX5XvWOi1VPjSQpoltskAOU4z8wThmsVbnm8=":{"valueMac":{"type":"Buffer","data":"DgFMefZ4XalDGOZcqHDyoLI+1xW8idunfkQ+G9Qcg58="}},"2yDBCDGXaHZ6bmH2tpo2OkzA03+ffjeqdhUsDQRyF80=":{"valueMac":{"type":"Buffer","data":"46ebxFmbGjgjPxr3VIYcPKeMMOr/IqFTDe6hgIDd28o="}},"qAFHeXhzx3Y3GcsaXaQvQuZj2wz0AOqI2hEiS9x3HBU=":{"valueMac":{"type":"Buffer","data":"tHF3+ndX4rIJ7gO5LmoA7g1e8StdZbybOfRxaCPXJJs="}},"WFays6GNY+F+KvfwQTuJOIfIT+HTIX7bEPzf5+2zKRk=":{"valueMac":{"type":"Buffer","data":"L/hcNIsO1QcM2iIy6P7fVmRjsLGiB8PQGkzaDgbAJ9w="}},"pKj/A0upeGt1NdpIBl3cQWlGavFfO+EF4zexdf+GpfM=":{"valueMac":{"type":"Buffer","data":"8pi1XNDl9QBZcEWbKB40ZAfAY6X8LRoeQ83KY0Du0us="}},"ht372CaTQGpunqJoU3y+19RHG+OxUGWebjL68SPq1QQ=":{"valueMac":{"type":"Buffer","data":"O7eOmU1ckKB36IljWugE7ZGvj4BKxSmh+LFBouSiu4k="}},"1+nDCDBt1Q8uK+ieGqmHBbpKtgwUK+JPTeRGFSi4Is4=":{"valueMac":{"type":"Buffer","data":"QIPiZinj9Kx+t4PgHf0abl9aicyVk8U4KzNSGTvkI2I="}},"qq25k0X90jdb2+m0a9zw9ZGDfWr7Ym4PcK89xl6wtzI=":{"valueMac":{"type":"Buffer","data":"Q+5oyJxkLHNJPJlup/HPTiN9VnjG+v7gV1Z1xek9kS4="}},"jOXPSL1OGXlkEBe3n+zrGpbkuS8wyI18aS5iF1bnhuc=":{"valueMac":{"type":"Buffer","data":"XRkR+M8FHQAB8K8Y/JAJmItmXS832ocrw0VF+P8jZiU="}},"zpC7VVMNo+NrebRKBy+XXdQKJFcLCWJTVOga8E0+pOI=":{"valueMac":{"type":"Buffer","data":"9VUp1xqzSWQY43RRWJ6bBDQ1NVdn4juEG8AsEJqb23o="}},"DkZUu8N9KQ3or3grcdC1Lndkqwy/rxmypZDtMLNXzxQ=":{"valueMac":{"type":"Buffer","data":"PAeGmBwGzxlRgRnj0jfU4yQyr14B3jreH1ntCrgyjWU="}},"kfDn96ZC6Scox7We4rCJR4eJ+lt5vW2v4d3vbboU5gw=":{"valueMac":{"type":"Buffer","data":"hyiKSU+96KiqeA/UXd6MxHzRFQKo/gy6510625LYf9Y="}},"tIb+1znUCtcxUQ7pCceHQQlj9C4iTsw8i0GYKYlUqeY=":{"valueMac":{"type":"Buffer","data":"SEpAvRIEQAmONVVjbQ0Pgsvnll26Qu61LLJ4rXM5DT0="}},"nUsLKJJPctnuA9NcY9upNL63DzDYrlMR+2dCrHZHKe4=":{"valueMac":{"type":"Buffer","data":"DB/IisJxBhYMAJ/QyHxiqIAeU128TpbAuhNrnVNvrCI="}},"pkvWjyNGaWay7uEiJR/E8M8YKOSd7NDdapk/Ev2dQyY=":{"valueMac":{"type":"Buffer","data":"EvEsMMDrXW6pKvhSRIwbejHAE10olIzeyL178UwdS/4="}},"yUBR1RsVyjzi2PCKSi/3Ekf5yegPWhLomLPvYTqbjfs=":{"valueMac":{"type":"Buffer","data":"56XNwayJe6dcpCO23uKTgboR5PR5P0r/kIdwqfwsTyg="}},"a/tE0qFhF9xBVVWiNzB8lxp0VFFR2nO8TaoM6H502xo=":{"valueMac":{"type":"Buffer","data":"n9FJRPvUkziuw6dXdgV41+lbcfM7LPREVMzerQIqNPI="}},"c8IBNkY3mju7HK2R9+srgsTLt2z4tKHemVnOm/0Iqtg=":{"valueMac":{"type":"Buffer","data":"elhgySxo5eMUnspZnwjUqWZyhlIUVUBttRDOj08/yUs="}},"gwkaxR2W1gaTt5XinZNOCGo/xmKaeNofhN2mRx02Kb4=":{"valueMac":{"type":"Buffer","data":"rGWfU9IsLWsL9fU43u2yHe1ZMt/PCgDqt9uzOYje8x0="}},"L4rtwXo3+nFLlNblOnTFv5xI1maRfMjNwcF77eFu50g=":{"valueMac":{"type":"Buffer","data":"CDINjAaY0FpcTjo2sVCYPA3S8VFpK0rvMjYPilvwKus="}},"yYreL4VZpfedDCHc8XYqlcwTf9KYODmLcdG9Dc7Cpv0=":{"valueMac":{"type":"Buffer","data":"1B6ozvUeVz4oH8d/36bJ7aCxC8ehihFEj7rB0SbwHsI="}},"09f/zgN40KNlWnkkAQt6P9wGMWiGqMntC/Unj2cxKGQ=":{"valueMac":{"type":"Buffer","data":"wLPfbVOEK0Ml6FRoruaueELGBOKQKAlMpTJqAxJtXXo="}},"m+HR3RgqzYL7dIRrbl2upI3LK+2yPDdA3a+qMkA/py4=":{"valueMac":{"type":"Buffer","data":"NHvMmSeWKuEALqTxJ1swp33w8grH9vXx/bY23DtymEk="}},"Ae0f1TVA5lG6Bzh7i7fv27uFB9xWkedknVrVHwcJ3mU=":{"valueMac":{"type":"Buffer","data":"tHqksXWMmOyr4swlqXA6RESZ8xtmQs931ojDXGjiyRM="}},"br4m7LdGyBgsGbdSMsFQIIFMd4vVz4cgfUgmFnDn3ig=":{"valueMac":{"type":"Buffer","data":"QZ9bdR+GOKcbnvZ4uLYmW/AwherrsbJZx4Q4Bn3SmlU="}},"PSx03+kQhtwuzHNK4FwrI3a/fl3Pd2jz54fZ+dK7lyc=":{"valueMac":{"type":"Buffer","data":"wniJ0HostPsKt/mFCSuIG6vDl2Co8dnllF6mOYsHtKQ="}},"2pSKpZW9XfBHkLVqoyTvsPggRbNqY7k27VVRC8dfalU=":{"valueMac":{"type":"Buffer","data":"J5G1ZFe0SDDRLNY9UiXf1axclCp0edGONg89TTZh7Cg="}},"xx+P88vQ89vADUNzV7uLSfmMolS0C2j8g1F+kt9DGYE=":{"valueMac":{"type":"Buffer","data":"DcKstXNnphNlLtj7LDwhLXUo9RxdVt4uymRrYpLD6aY="}},"dor7/IsOQpWDjAiIHiIOP0jqUjLRzXVD+c6vh+EgJkg=":{"valueMac":{"type":"Buffer","data":"HPgKYrliyRwKAn4kxjKjc3g/XGEVmFUhyPx/DO19NY0="}},"VEoMmjXO33VrMJ4mNKkF7nxXo89V2VMR/+a+/rIEa84=":{"valueMac":{"type":"Buffer","data":"3WmOL5mON/tekTfKft/wmAfi3xCtJICeoMKen9BVrX8="}},"gmX5QWANauNJApyt5guETV39cZEwf9SKFKedJxS4/Ik=":{"valueMac":{"type":"Buffer","data":"/xu4ksabyFmZlZ5wUBcqUMhtsFLj1Zy3Hgo3d2lWe60="}},"NWRxaytfX2ZSrUdtCf7rGHg+37WnyXsDdB3Zctl/NdY=":{"valueMac":{"type":"Buffer","data":"E5cSMh2qPM76uvqUGWTGbEMbdgGrfEDXNAuGguazF60="}},"HSrK6vuAeIEkFuwaViOmzm+w617ARdQmLkMMTasZwtE=":{"valueMac":{"type":"Buffer","data":"yhACc3JM3P440DhETsxPA86MM6EmlhWHQ9gtRb6TWgY="}},"2ZOv9e4YqQt4jMH0zn5/Rp7JIRyQ2ceg5TllZSzLwa0=":{"valueMac":{"type":"Buffer","data":"CkpS5PzZQMhXkDX18DfI5b6tDwHJmNpDSdwHns5od88="}},"bjy8dT257eRH6W4x/XjZ0HuYAwfh6ZE7rUWpi6IEMFY=":{"valueMac":{"type":"Buffer","data":"a3u6OredEz5G1j6AYZ9wyl1DR7St87wOO50OXFYZJS0="}},"+QsVw7EilqrkG/CK1+WuYG2xhsVtJf0oyVU9ljuHby8=":{"valueMac":{"type":"Buffer","data":"y/QS32LvI/dJeeXv8YPn77Eoy53kr4g/U677UwMono4="}},"oilyBeBicpIhN24dWbNWzas2WtSt5syA1KIzaPbjNqQ=":{"valueMac":{"type":"Buffer","data":"QhRvMNa027Exdc9oQwQsqZTOVdGTBRepWipfedRF4vo="}},"viuKs2VQjKnDwRZv3ZTblLTQSsSkOYNDTpEabdFux8k=":{"valueMac":{"type":"Buffer","data":"VC7USyMGgRl9AAMWU5cIwqQVrjhQPjz3TsFDmPW1zkY="}},"MlD77QtWV8FCpObBqAn7kCT+dKdjEOxKaljEDFQ0JDY=":{"valueMac":{"type":"Buffer","data":"auIJYmvbbL9N2M0wzCSS7sW2gYbqDDuC2L+CekLCJ2w="}},"LUwN5FMbhrFj8k8taZ5M6bk5UKuTLZmrsFQjubqmdnY=":{"valueMac":{"type":"Buffer","data":"lY5WUro7soq2D+nKc9u2J7o3ujGCYlMchOZ27MfUvU0="}},"QP6GAGb2tpYWkh54LVVetiDBzUgOSiJIVICKxmZpPkc=":{"valueMac":{"type":"Buffer","data":"QwzBObCAQIZrUPcu80LzfL/pey6FwTQ2ALfqhcl6SD0="}},"28Yb1GoBBIWAbGYu87WrL8w2/TQc6tNeG7GLyiMUQKc=":{"valueMac":{"type":"Buffer","data":"cGCCMJ4O9AHF+foFFbXbFGbovaYVU4w6Xnp4x1l51uk="}},"Cw0qkcnP7zY0J4LyfIeeQnDGUgWRUYBPZ1yTfz37YtA=":{"valueMac":{"type":"Buffer","data":"Rv3a+2GO/nmBH9X/wpLXS8IgL8bRJQdS3xltZKER7Rk="}},"OUZDroT75zuNftmCSeAXPu4PDGPvy909TYrhotmS1nc=":{"valueMac":{"type":"Buffer","data":"Y1o/GHrwlbrsv67Lt+JX8SzaD99MmZXrcwqArY4ci3M="}},"AO7xQpswH7wFMnOYfKPoh0C6A8fVM9PFBLRPwuUT3Ys=":{"valueMac":{"type":"Buffer","data":"/ZIlm93gDCjWZjV8ansjeLiII+WOK+EefVNOTsBnLOw="}},"s6AxkkUqQN24tCebGmukJdlgXifUK3iOY+e//04saNQ=":{"valueMac":{"type":"Buffer","data":"h69yQWUyYnjOEWWg03lfXXpQd1Jh9Ggc1oc0eaXyuQA="}},"D3n3LBdGuhl59lhfhhJ1gHb9Ahi1LMhEhp93xr9G/Sw=":{"valueMac":{"type":"Buffer","data":"R5wvXfJ8sKZ/EaAvmc+IQMn6BZwC71gU38Pi2th/Hww="}},"PWqsv8mEnXhzP5uP5v2rQK5wfb/8gj42DX2iYfG2xbk=":{"valueMac":{"type":"Buffer","data":"Pc7qHWVaR4wsfSbxgzKw+3oy9YXSSZjqNOuVSYN+tWg="}},"Ar5O6RvnpL+/2Ut+70poeLg2DznxOioA8juzAOWXaFo=":{"valueMac":{"type":"Buffer","data":"6gbafJXrIulD5AQ+8L1j0CKhanG2BTwApND2mBfG2po="}},"sIYjaqXLaSPh1yVccb6un9RuUXINBJHZUV7ilJ88DS0=":{"valueMac":{"type":"Buffer","data":"if+GL5BxfUubqSAdLSl2BPJ/k0wiIziSu5zGVBiz6b0="}},"uV/k8FmeH5CMgOH6MhAoZSg/FNWB/8VOqo3XTFvERgA=":{"valueMac":{"type":"Buffer","data":"ejkbH/jCCKfgLf9U09buHR6O0nOvnYEqyj57kQO/lEM="}},"NKND10BsVf5bs6hKXh8XPEgTe4mNdtZHSixs8shJxDU=":{"valueMac":{"type":"Buffer","data":"uTZxlgdETyxrq5Sgb5aGtRcBCir9FKYSyTisc9pZJBA="}},"fxAKY9rhdJW29sRV72bcKgz6TX78lMloEfDBnmzJbGU=":{"valueMac":{"type":"Buffer","data":"QINU8eS9O3FBkpcF/JBhRRAOOWWGY6nWUlqXn9UjFyo="}},"pldWyEy37jQo0JSjVGZdvE7VF5eOtZboNdYbAnXRuf0=":{"valueMac":{"type":"Buffer","data":"wtUUPqSaDn2UcAm96+7N/DBnWtdan8bcJdf+LBgXiYw="}},"J3e2YNvWXful2pIhsLFe6EvFFtdR4QWvwY7eB5Xn9dE=":{"valueMac":{"type":"Buffer","data":"8iIA0fRB7UH7XkolYjBop9pTnRLc+STpfZX3T1l1fNE="}},"OmbUpV6hk11Da9N17eS6gZhu2PxH7+h4UqU6a9/0n9Q=":{"valueMac":{"type":"Buffer","data":"vixXk7enw8zVN8GQ+7PraRvBMEZ628t3rXIyNQ6DUvs="}},"c2T04j118XrOCjYB+DDg6d7JA/F354T1ZmFDYCMPX7w=":{"valueMac":{"type":"Buffer","data":"xfECsrev1EfF5VV0EoJy3r+EhdZ7Jh+l4SbIOmEvoz4="}},"I+YMZZoq56CpqBhGSCxZIkoODQjLV9ACA25XxWm4oQQ=":{"valueMac":{"type":"Buffer","data":"f05JvpTrPhZT189KguA8GBPkLsZ5SvNPt10wRZDXl+c="}},"nl7vV6EpoCtyth8S7cbFjk2+u8aFzPdy4g54QtZlnzQ=":{"valueMac":{"type":"Buffer","data":"NFwvMAzsCWGdqa9xAZFGC8x4Cs+q+wFN/rsVLggw04M="}},"7l42xeQi7h4rpir03tjOCM/GeP6i0R7K5YuoZKoCAkc=":{"valueMac":{"type":"Buffer","data":"y1OmMDoJ/iLSFwn42J9z2UexZJoBRJqbgMXiqOXcGwQ="}},"Z4OoxF3J+UpVI9lmupW9Gv5mS9z447GopNf8ZCqWPxg=":{"valueMac":{"type":"Buffer","data":"vKDngoNPqH2Aj0zZXn1rVYGjWcUqCURndJDx3IFmULQ="}},"Egjrp/l3QS/wbIQouo4OafeU8SMqg/xVclh+EH0VbQI=":{"valueMac":{"type":"Buffer","data":"qa3LOnp8DJlD5E7a6DXv9GdSQePZmDz0DcxAfKZ85B4="}},"GVwvgZCLZX8bxYfXVsIVZwGCrui5FTcfjXvEv4/CCGk=":{"valueMac":{"type":"Buffer","data":"oDHHcdUAE3XqrC4lELrNbcLhqe71p5N4BrsVDjmwwCs="}},"OFfwCYHEtAKaE/rcvq3WgNUvZOfDhTLk96WQ88QyBlc=":{"valueMac":{"type":"Buffer","data":"Z82yabEvN5NLNdilpz4gsjPff+kR/xFPpXoTTgFSXFI="}},"Bfv7wqkKO4Ww33YEHAck1A1ArskBZjOD1XcMnBWFK7s=":{"valueMac":{"type":"Buffer","data":"9YP6vjHM8tm5zMtlClxnNCBkN/6EjRZb05dU1Wq+7oo="}},"h1OMhxSUOPAR5PGoCPkWHnPrTAe4xpogtK/4w+ZAAKc=":{"valueMac":{"type":"Buffer","data":"vhNjLOXZQNGx9fTfQcKZTAuzyRDGcTISKci7KXprzSs="}},"eGh+urdy7c38NUWHgcZvEGYwt7wja05cREdxcQd9Xgc=":{"valueMac":{"type":"Buffer","data":"W4TP9cqNEeya/z8JKldJBLDno9PTVNtWpxhhEzWafws="}},"rSrJa+rXUt6bMXz8ROz4Idf27Yu8ISKGY4j6d0urk0A=":{"valueMac":{"type":"Buffer","data":"yuxQZ7z+cVhhxCOl0mUfuzHLYHr3np2ys9TmHuLhG+Q="}},"lHXciz7KaBz+tzmF/oEveMoTFXSOYFjNKIe5nI0vi/Q=":{"valueMac":{"type":"Buffer","data":"yd9ivUyJm1IWcK/acUT6tdAoUEAezo3gRohPkMAt7yo="}},"6NqDenkovfEEFqZC8AzjJKO0861FbrQnbErWyLHj8Mg=":{"valueMac":{"type":"Buffer","data":"NisLqoA/CUKPVcJZrxVf2oWyhwyz7mPr9VAwgTMPliQ="}},"/XLJAXwZwTv8a5HbBsQZbVuAumcyOJunt2XK/LY4kYc=":{"valueMac":{"type":"Buffer","data":"fMZAcFongQcEpVtaZSKRDaBihlFhR3a4fELPHwmihFE="}},"FFwZNUqdg9PK/OsgF2F/vJojFzLgaed/Nuju07LyMfw=":{"valueMac":{"type":"Buffer","data":"zgJTz+JojfvQdZ0cHK0NQhxq2GG6lxhuho3nZLKGVF4="}},"laPpCNPNsP5ofVG6O3NxouAcdIkxBUKtP7DNQdqXevQ=":{"valueMac":{"type":"Buffer","data":"tPWWNLLtgWuCIh3LP13fKZBfMNqFzyxwEJ/ah+7nSz0="}},"KbA2RBV9WgACxDp1LyHTTktT0RgK9LKt+ll1sCaeXPU=":{"valueMac":{"type":"Buffer","data":"7sw9Cbc9m3W09dhnlK4Y5WxePKTRW0aY38wxHTd0+qI="}},"hI9hDlzMejmFJ0HY41Rzdpomj8L8RSX73FyyV7MH+rM=":{"valueMac":{"type":"Buffer","data":"aEDDo2uZnQjiio7XHiLQHIKJaHuqso6gn/iESESMmIU="}},"csnCizWIK4aCruMXHjZDoADt0cx75hs+HXJfQgPT/ts=":{"valueMac":{"type":"Buffer","data":"Z5AW76zDcrgGznsRr3Zpig4I+PcOYCCmbWhS7O3Ac8g="}},"yZkupP80LGqv4Cj0MEJXZ/hTUJaWNKF3pDAr8WIe2+A=":{"valueMac":{"type":"Buffer","data":"9rdX4CxtQkc63EkveESCjLjpjoOELsgIaW6W/E8v5B4="}},"z7FiVMgFN4eViD2H6EnecBSEW+472Xf9qpQIAQYQ+q0=":{"valueMac":{"type":"Buffer","data":"cE8YM5YQcPq0mUHPuF9H1wazPljHcoVwciMWEapsc48="}},"iUSDWmMPDpqLGKM8KInQPZUZ5PLwzrmc/xA2vZeeKCY=":{"valueMac":{"type":"Buffer","data":"6DBypA/ccIFqbAvBJwlhOL7zljt+qXH6o+5oa2bxZLc="}},"OWWCgkijhote9RRrZ3HOArZVSESULEXSmkVgrvak2HM=":{"valueMac":{"type":"Buffer","data":"NSZS5Fzbd+PQ2IzihAX5egE5logiaBhveEZ2kmXYENk="}},"ioDbJgZp71KH4dYvZpmJxKAzXnHafKQi6QSx+0l02Cw=":{"valueMac":{"type":"Buffer","data":"iggFWmun3vVtyI5Me4N29I8Um6oE55pCbNS/Q+KDYPU="}},"LwTO37JMoolmkA1eI6JfSFjTiOuYGizj3Hr+2LRX7I4=":{"valueMac":{"type":"Buffer","data":"clhkLpkEGRBJl/oAizIR+VHWaK4+dfwcV0cc5zC/x/A="}},"Y7t5TZwXhVgBB3p7+Pecy5eEPUkqDMlMNZ71XCanBkw=":{"valueMac":{"type":"Buffer","data":"IYuwuLddwbrRceYpdHiTLQg6i+L4w2lkG6hBIp473YE="}},"6sN5eQPICoGcgq7y3RCKr5Um2ScWYBj9W8VKdvPVqm8=":{"valueMac":{"type":"Buffer","data":"WG1E/OamFnemX9dyo4FEVXNX5hVHyzQ25UYvr3Ed1QY="}},"AzhMd8A3Mjgu3AjnJKHDqYEotxYpnN8JQgeBwM97tWM=":{"valueMac":{"type":"Buffer","data":"mvToILB5BPR2kCOKN9Sq+Vb/Uk3KVEpT2Wb0m0BwylQ="}},"2j/28DAeCMU6VAgV0hycZ8Zb4lyj7b6f49EfADibe48=":{"valueMac":{"type":"Buffer","data":"pc1ETlsGHRVKQgWPLbS0x9M2naHQ+XE8dnW5jdsUpxc="}},"R6ZKN9NA3B9S/YMnA/FH6TsLn8eUHTuknXrhSQDEed4=":{"valueMac":{"type":"Buffer","data":"Wo8aKa3Ab6W+3D2FLjpP/Ss6J2QG31hDY29xYXQgFiE="}},"L0B26qpyU4YM8xEDBEGGPxRlYKDOuy3zOzUTAfYRhB8=":{"valueMac":{"type":"Buffer","data":"LIVNVpvUkHH4PsLcj5C0BiqGYplVCKMdUrx7usg+E8o="}},"GCskvO7OC83WtuGgojHEYNJNMXMZhBP/nbf906e2SII=":{"valueMac":{"type":"Buffer","data":"0aNAsQja/aUBmFssp9ztD3GuDisRrZevRhCz1R+eiwA="}},"Ad1AR9xd+LF21vJeYdNlrT+4NnKrn2b74yVu/IeW+0U=":{"valueMac":{"type":"Buffer","data":"ULD6M/Lx6w4eHaB5igXPXad1Qg1zMXKk6qY6u3gvurY="}},"LQ3Xt34VCwV/5TtzDKUyp7ZK4yjEmRYNmiakkap7+Ks=":{"valueMac":{"type":"Buffer","data":"iiUxiZ9FdpikzDeJ8u6DOUwllgY+eC3/oL4ItCvoxcM="}},"fpJSmiAfhdhtMN/R1LuJergGW32Bfjr9gWokib2Pn2Q=":{"valueMac":{"type":"Buffer","data":"PYHZf9Lyx+aKhTQW103YvdPLs8PBLBox047e/ZjzWe8="}},"VLAtpeXP6ipmnACcN/EX97PQ0SzYC+b0SbC2mOQPGEs=":{"valueMac":{"type":"Buffer","data":"sAjYsd1VZ+HWDzwCp3s327ZIoylZcUU6fGypd4vuqyM="}},"A3NfIVGXDLPFkjdN0nDYWSashMezl8wm1HkMFmAjxuc=":{"valueMac":{"type":"Buffer","data":"f88xB+CEbdnc15w6fCO+uP9DCdElNryucdj1/Fbwacg="}},"+8iEH6ezjkwBl7hPPFnMZcRPA82+ky72ovv359hAF2I=":{"valueMac":{"type":"Buffer","data":"a20KlbKkHsbSKWoPN/GeofwBQLyr2CIOpynk+IOUzXg="}},"BbGRbquv09Yb05KWoaBI6ksyz3ggiRSxwYfSEJLXS8g=":{"valueMac":{"type":"Buffer","data":"W71095Q2yfvlRSg8aHbXwHZuHYKChkmdXeMvnJFZytU="}},"TJ0Nb873cuKFTnnobHImnBIKBYQdp/YATaneUWvIkRc=":{"valueMac":{"type":"Buffer","data":"a/9EnX5Cg5OnBGoms6hG/ZMhQX2qR6sQCJzlF71apLc="}},"R8mapzNc1KTFmjZvi/Egvstsg+HDrR7Lnz82SydYlb0=":{"valueMac":{"type":"Buffer","data":"Z7Lh0bG7LSApJbsL0AufxoKlhY8b8vEn0v5nyZo/qGE="}},"/UjfiC7/sib2pkY+RJRnaNc/GP5KOOWScKOzhmAY3pU=":{"valueMac":{"type":"Buffer","data":"3MTj6Cw4u9MrBWf+ku9yqOf3dgVDa+Jdur7dwQt+TEI="}},"plji3FLhYpQwtiWU/TT0CZM6E3B65vFXIeahEpwKLLg=":{"valueMac":{"type":"Buffer","data":"HzGL4hDSdfgcWkXOwwf8oW0um52Fa0Pg98mLHXUXSC0="}},"juSA+3U0V19BgBYy7SnqSh4X8aaJvB5MlZwFcuYDhf0=":{"valueMac":{"type":"Buffer","data":"CPplyLkIkRdihWZBs74tK4Sebni9JO3YJUB5+fdFqOA="}},"RKqmZhLuUBcBWBpj4j4EAPj0m/oLbdDEIf4epCJtm4k=":{"valueMac":{"type":"Buffer","data":"nq9zkAlm56g+oXO+EVVrQkKYl6DL5RxjuBQOIhiIL3k="}},"L8/vjY+QVPRfQCrIudWJ/U48Bfd+jLvwXDFbNUWChmQ=":{"valueMac":{"type":"Buffer","data":"jqGsZpDGoLvcT2/n8FaKHzO2/1fdL3FLIJm280QI8OI="}},"8yLuEQPYOwLBMinZ3wKDaHy3ZEA6ole9jOAyIGQRz0w=":{"valueMac":{"type":"Buffer","data":"LegOoNSeVSwHLUXqa75VABvqxn8KU8GkPcohQZ6M03s="}},"I6SrKWB8P3svsYrnGjLVO+zMTpT1PTm+RngMfPGzpXk=":{"valueMac":{"type":"Buffer","data":"naI3TTiWFjMWOj+erOBQzd3WpAtqf8Vg0mmme3YOrbw="}},"9RAcFO5+usAbxunpczRum7pogrUiD9LCAWUl/RQdjmA=":{"valueMac":{"type":"Buffer","data":"Oztw0ElyXpGJGHbsnjYeOar4VumTRkerqyzvLwqVGz0="}},"W09ZEWC+JqhqJUuAHiPP4y+G56cVIB66OAKTwxh8e7s=":{"valueMac":{"type":"Buffer","data":"ch1scs6M3IGnzQr863NP1acjZ32/DF/2nWqrpW5Jxok="}},"6RYKFpwEhvlwWdeI5b5acQg0535QOvBoCc3TxMpX7ok=":{"valueMac":{"type":"Buffer","data":"4DEEAFCpcWCGO+nTTBYPryl4ocB5MQCHhyJfpSNkZ1o="}},"q+0FCs4f6Uc5uidG5+1caTpHLpd451s9Bp6qLIQpRlo=":{"valueMac":{"type":"Buffer","data":"14yfn8IdhIzGxGYabEgWjaG4cpCFJGUr3ZLD5Rt6bJ8="}},"ds6JzlB0/fN3clAvqK8DI6iANTLLKR67rogYnYsFGaY=":{"valueMac":{"type":"Buffer","data":"78pggHAeX/8vu4L7J6IrOzh18/UHkmzTiqU9RsOxymk="}},"PsVSrUmUBDSbusrJsR/QZ8n5/C2HGlYGniBbNzZWb+k=":{"valueMac":{"type":"Buffer","data":"olCj6gmkurxkCko6za0tj2kZSIOr+CkCELz+3KWhUIE="}},"M+QxPfzVmFGedvNlzf16zQJJes5SgVFxaFUXwDn9SPA=":{"valueMac":{"type":"Buffer","data":"IYuXQCnSx6NIs4kaYR5ZVtGFKEmx13jgOTSFsQbFGS8="}},"XqwPjT8BaNUnCYmbkzHiFuG6vltbk0un4N0o4QyHoeY=":{"valueMac":{"type":"Buffer","data":"75CCmNQGiJ5UfDQRCkejFwqRoRFSnTGm0vD9U36sLQg="}},"kWym4t/RCiexqeTCbpTzpOCpQpGSw/BooPzW+1MyvL0=":{"valueMac":{"type":"Buffer","data":"czaNb9qo4UHZbHGMZ1LFBfXjI53t7R2/mNSZKl3LacY="}},"xS70ZZINk0OKLIC8vU6eTAnaeLFclUCwOquF4e3+puU=":{"valueMac":{"type":"Buffer","data":"JSC0xYjwQMzMfa0brFuG1tOuA0kP4neV19pfGiDVDIE="}},"sBXB5LyHFM1ICQlbgzUVNYezV/919HM5clk8aQB67zs=":{"valueMac":{"type":"Buffer","data":"wETKcHmmli5dEeP8owkzpOSzuxMdwAU+M48ZJC5gJZY="}},"XIFuROUYOyrunCCu0cTIgr5lsaPgR/nuw83z6LQNkG8=":{"valueMac":{"type":"Buffer","data":"Bq/K+a55r76pL95UJ3QiqJO/S+AeMaPfnnCsxbAa95U="}},"MR2WQDY5z/eyLuc4AgwzmDhuIpL6O1W3VqBz/dH43So=":{"valueMac":{"type":"Buffer","data":"fOAHZCAIFlgpr45H8e66daUPoWt/J49w4wz4WrhUVas="}},"7IWVdHHnj60R1Pjb/vv+zyIuRcLrds3nQ8TTrgU2SH4=":{"valueMac":{"type":"Buffer","data":"EZwgywz0SArgiorTpCJF6EKYyQen9xxGNw4jCrZkYSg="}},"/Go4q7Pdl8ILiF8x1FTEx6IrDrSgtWipBIKE7C9A9Ic=":{"valueMac":{"type":"Buffer","data":"jSyRBKJ6VJ/bCxWM6SdhsF5BZOl8jFT5OFxsMxJ9kJQ="}},"8m42HV/hcPu/CGBbrNrmugRq8VfTmpG6MHkiHc7cv+U=":{"valueMac":{"type":"Buffer","data":"HwsGmzLZNsuYJVRV6+2c9ExkAp1h8T2eZiGfgH0I3t8="}},"VtIbzvANlFg6J4vwuDIv9Jg5NaU6auHCu3OksYKOBrI=":{"valueMac":{"type":"Buffer","data":"SUYEj8plET5ROWututBeY0N/6F4W2vk+jl8xxHYOeCc="}},"84r0JrWczw/0H8K5FAuwE1h8HHAPSsRJkL1lThynjcI=":{"valueMac":{"type":"Buffer","data":"GZrLrgbDC2io07KoQhHwAwSf0LZbo12Z1TSet8j73hc="}},"MU2NAO1ROgaKqCv/mBPlOOOiT0pXlYngxnzHRZF6vYw=":{"valueMac":{"type":"Buffer","data":"wmCr3rK+BpsAnUNlV+fpU5h9rwjobKSej/1/G+rA5Es="}},"7qx4TpqZmaeBWUd3msk66Bj5h/27hbI8fj80I7IeOpU=":{"valueMac":{"type":"Buffer","data":"jEU2+pqcocdVAfYZPCxJ0ZLQB9pmkdgfBRf30+XkoeI="}},"qDGjUgqyOXt9dRGgIbp9zII5iAREIww7Tu5rdiZAfKk=":{"valueMac":{"type":"Buffer","data":"+3b8NOMqFwNYVKkghWquz1qNnm+ED2AaJ0mveRnhuSA="}},"rXOSpLpb4I/DpLdbpj3SIYJCvZgkA1XFI179gXCBmo8=":{"valueMac":{"type":"Buffer","data":"N45UOfWeMAdHtHgBTPxR1MPum37+IMPLCnXNpMwUhkc="}},"yiL402iVUpz1hO7tGcG9r5VvAfCBlT6T2w60ns0NXmY=":{"valueMac":{"type":"Buffer","data":"gvuyRdYoYkL+rAAPeZTFxCaEcLccGHXt0bNZYrnIr7U="}},"UH9bvwSAIDW2vcBBUp6yid2qm7hTIjQuREWuUUeISR0=":{"valueMac":{"type":"Buffer","data":"bly7YHZnQ2fc3X8Sd6BV+LB38SsJo1bK27ajs/bF1ag="}},"nV+MJLlHmgg1/sxo9KJkEyHdkwwwHRzCIV9U4Vf22HQ=":{"valueMac":{"type":"Buffer","data":"1KvrL0ZwwsF9xW55esOhfIeI7VmuA2vNg2Alh3/5W9I="}},"/zLv44yS6zO4xZMGY30TAV5xETJT0CGbhLjWMeiejww=":{"valueMac":{"type":"Buffer","data":"kaCsxsODXzw8Ar6aGrc2IRPokLyy/FmhAfMi9fVmz4I="}},"8WDhsq25xo+CFVGvmnezDYpADwrHccDftkBKg/+uVo4=":{"valueMac":{"type":"Buffer","data":"yxmSPSj3Av1XuT0w5zuev2M/VGORkbP4EM1Us38VcIs="}},"5oKINMbACRFEj9fAdJBMIBSlUDnYUi7R2kskhk2aWo8=":{"valueMac":{"type":"Buffer","data":"wN3SkfvWt/DicAO7OzfOKbsatQeCX9iWLbS/sak5ILE="}},"WJbpL9ITS6rlhMmC8JMojlyqCv5+Oi2vBbslduvsq3s=":{"valueMac":{"type":"Buffer","data":"CmeZhnbNnSi0ifmod3kssZhkB7C2Cq5z//zgy3mD8ww="}},"ICVO0tKnes/psIq3ReTTRFnrI6lXwXcQ5V/j2xsiKC0=":{"valueMac":{"type":"Buffer","data":"8b8UFcoJWnBiu0BA3HOmY7Qrx1rNoQC+/gxnurgalq0="}},"i8clKygIu3xVJzhv02ALBWykXqTIXmP70QwmyegelOk=":{"valueMac":{"type":"Buffer","data":"xvJIr8F5j9K+2uqO/DrpP0zZ4v5givU9MXVsfx1eZi8="}},"NcV96xUtWZaRN1HMF5pnqTBHiaGPEsMQz48kpggJ5Po=":{"valueMac":{"type":"Buffer","data":"l+JJgHmJm7l3d0W70vvQuFUkBZocslKLmRHLCkNunf8="}},"9S+ZGZue3wRNK2XLoSos93bnfBOFvNMrNh7JQuLtCCw=":{"valueMac":{"type":"Buffer","data":"SPWLu3pi2X0rFk3s/LGeW1iCXPbUPIDngrEnVjs32zo="}},"wnmDN8E+XYuf5qJiOsFugI5QIwozYvtGSPTXbai5HSw=":{"valueMac":{"type":"Buffer","data":"/cfaBomWruhCAKn8LlgkRo9e7bJ3oqU4IVSQAI7wKeg="}},"zTUyZJa5kJXkF731+nuGw3PuJ+C7b0sG+RAburogqno=":{"valueMac":{"type":"Buffer","data":"HzN+IHRqyK/zqeIJUJB9HtfjbLfoHEniquIRjEEJx7Q="}},"ay5IaaSS2KwzCmm0p1q25kv5IWfqEQcNMFVrAP5O7l0=":{"valueMac":{"type":"Buffer","data":"v2/xDQ8f896mBumTVbQUvha8QUOc8lsM16IAK4pVSKI="}},"0fFsoxWuSOfEw381amHREgSSnhbN5TINvHffICr/f8c=":{"valueMac":{"type":"Buffer","data":"E2de72gymaNs17NCAgeBkL+azbf2YYAbLn1Dun3Jrg8="}},"uPYwd7KmxqOqJjjZZWV0usoE1XI9CeoGSh1dB6dMjtg=":{"valueMac":{"type":"Buffer","data":"0KHcj6qkq9JHJbqkOSRdj+wHRR9y2/4aYy6jU31Woqg="}},"prmly8aktoizSO/tpdLV8eV+k5xfHBfRlBpPhHWRuxA=":{"valueMac":{"type":"Buffer","data":"+jBKPK3foeO+pkQ+rf1i/UJiArGUkY4ZWbfBdt5IlHo="}},"tp7x/lunDWYAOeepTmobj8UoKKL4FkCluSZnb6g76/4=":{"valueMac":{"type":"Buffer","data":"NZbrianWge3styznxKF5gW4lMgZITPnUUMqeIIdibY0="}},"7gSTc4H2rn8GnO4Es6leEUGAT1VeMsB2/4eOIgUWgMk=":{"valueMac":{"type":"Buffer","data":"lJwswUTLlhO3hiaDxw3FceYKaGlkj6iZfnlem4tmLyU="}},"cnGCv80df9kXToMAQdCLaz/tv0kkahla+6Bl2sNT9i0=":{"valueMac":{"type":"Buffer","data":"Ebad2NfZiP4k9KS83s4RI0PwNXyGJW0jnN3XDgSuyQ4="}},"YcGRZl7bn0BHy2FlKD5/w1M77yJ6V55w4YtjZ1ipAv8=":{"valueMac":{"type":"Buffer","data":"EJdC1LpK3lRcHR8latuLA4FMMQZxR45XOp5zePBbExs="}},"oo3hWwaqiAwgVjLq+SytTFtaXuWOck/gjIpsyDyjyIw=":{"valueMac":{"type":"Buffer","data":"SAjC9uHpBobIRwlUuIIao+Hbu7DU0mExm7QKwuX6O4U="}},"4qj5oPVyASCDnYA263J2Y41F4nYLllL5o1ghMPkltOM=":{"valueMac":{"type":"Buffer","data":"6IDSJyRoyUu/mhn8AXvchqYPS1eMvxOedeZvkNMtEIA="}},"Biex5F7c7yYltVen8E42aEsBlUvUlNU/H7LPvMGqSfU=":{"valueMac":{"type":"Buffer","data":"Bjc+w270+OeSkC1JnumP89EnsYUlM0nlmLoQT4OkLKE="}},"YFQNwIbuEboVtMK22Frnr27MFSFhvkx2rvWHwdw5RzQ=":{"valueMac":{"type":"Buffer","data":"FgudJ5qgwIHnjI+/W+lkNf5sIyktNdNYEzRjULifGhE="}},"su3HuSuyAU0gX58ETnt7DZWoWhXOj7Pjnv8SCzabhbY=":{"valueMac":{"type":"Buffer","data":"KRPAeJm3+z0Tc2ju73c3FGZ3UGyA6f+eM0POdWUxjcQ="}},"8toqSS1Mm05nc38Rjd+kD9EtB95IWos45Ob6KB/YjFI=":{"valueMac":{"type":"Buffer","data":"0NHOoupZUv1SPiN8nro548c+YSMwC8dQLQkVg6zU8lc="}},"gmyRS/OyJoB1QnbSTeY5+2HMV92fLRzLUMjFoY/BZEk=":{"valueMac":{"type":"Buffer","data":"nHi+UHr2UqBEJLjkjevTIcwrgw+KEEyQf/CSw4yRcro="}},"0+y5CM5VYZoCHuRkMsAdYijK5uBBekFCTip80OuBgQA=":{"valueMac":{"type":"Buffer","data":"PRhb6ZgB/mQCiFKi/fI5NGAUHIUTouuvxt96G7MaKMA="}},"IHkOoROe/z8fd3JOK1YKrXNpQzsO7oREJwZfdlVju+c=":{"valueMac":{"type":"Buffer","data":"3zZAnIduMHL9XAD8xeWbh1oQIM6dgWWevdkPCZNMYPU="}},"AZlnF6IY1q+0tKKprDx+4IjhwxF+FIxPMg3WgtDgN+Q=":{"valueMac":{"type":"Buffer","data":"TqfLafjdKAZeW3FLRaQhuE2Hqg/i+pkXjjShChWh5NE="}},"uSf71DhiDFtQJ2xqLHlB7Ewu3CEj4MYkUpDkkRPqtfo=":{"valueMac":{"type":"Buffer","data":"Mg9MlZ3qE+nDnZ/Sj+fsht+YdemnIcV6RVQoUrx32BQ="}},"PIbtj2Rl19wjbbA/ND+RActM0P373vUyYpwXfo6wpvs=":{"valueMac":{"type":"Buffer","data":"GlWKyB9riCt1vtQwA8WlrItQD1RLnxDjc69wI+AelXE="}},"7nbYuXCucQNI3ejdTdafc9yDsWt6rTdCX7OEqLbw/MU=":{"valueMac":{"type":"Buffer","data":"cQ5HZp5NgGA71ybDq/QXYbSqbgJ5roMYaeVYmKUoJAw="}},"e65tWCQsVTbJSbRMiR2OLTdjhLe8VUEhgI869IGm32Y=":{"valueMac":{"type":"Buffer","data":"wys5tfGYflvCupDzVxuL6H5MKxoJNgHSKw0xxvC3HR8="}},"ixFMwSIW/CNkhPQe9sKOm3d3SqzWAMU+mFaHqJAdhKs=":{"valueMac":{"type":"Buffer","data":"auUkK5c7g7pjTIqFXX5IL6ucUcTy4z0zsQdQFM+a4Gs="}},"Zr3KijbP4n2GxTWSYfZHAOaOS1jHw87UcSfdn7PKDmM=":{"valueMac":{"type":"Buffer","data":"lZsOS01lKaGM9RodYMh7w5MUEl/Bc04Kl0edvBmNffE="}},"5cIRA7QqKENYRVYgvZPt7XsPT+eXyHXqiWV+C9zucq8=":{"valueMac":{"type":"Buffer","data":"63cVkgZjUGYgdYoKm7z+J41WOHrgyV5l7qMQLZK8YR8="}},"KcWcwIF4A3buMdN30e01HOpf1UNb199foeYrtx7eFHQ=":{"valueMac":{"type":"Buffer","data":"cjA1EB+wUu8vFib0AFHndUihojrKJhkx1PYy0wNN2hM="}},"ljdulQDknuX642ckQu4ZfRW7xxf5o5j1cuf02bvG68A=":{"valueMac":{"type":"Buffer","data":"rCU62syGMNR9mnrqkhD+DmFhjsYiPxkvMcffZunreWo="}},"iP1fAuJFyIT2PEhlfqhhBh4n8nu/YRDoMvYroKOvYp0=":{"valueMac":{"type":"Buffer","data":"7qZqgnyC0OaU67sbni5FSAEXRkaDIKbfqBKJXPB7/fI="}},"K1br3wwnTGN69AIw9AvFQMheFp+yA+10xJd9PFu7mrU=":{"valueMac":{"type":"Buffer","data":"ibs7jmv9tFmJSXmRl7o1QNXBygqXUoFtolDPgZKaiBI="}},"MxX/Bho4EgYaEgDPr69lDuiH3GOztiyzafSvaDiTcFk=":{"valueMac":{"type":"Buffer","data":"+3YjQ2ljVPALp5OEx9a9Us5/Q6Oh4lrbSC55CsD89Ns="}},"wAyHGQOMLmutLCOT3T+oF6J6Jg7nhW2W6oLC+yF8V+U=":{"valueMac":{"type":"Buffer","data":"iMNrdvOob0Wxq2PmXTcocQWbquBSUl20nu6JmBIK4xg="}},"1+FZ4X+CyxJ2CXULImrimltdxy2JRE2kppw8BE6JV2A=":{"valueMac":{"type":"Buffer","data":"xyGuSzVJCszhhnuG5imZApIzNTUbyifqXAIG0vCuwjk="}},"KlKrztY9qFE+kqw7S/QEwlFWTacCBXAOg2irK7p4ydc=":{"valueMac":{"type":"Buffer","data":"fMsTgkWoLRT3r03tXDwOMMaDClcOLylKZPBAGucbGjg="}},"zkQh11skSgZHwC7O/ONZrBlKTAqrRl/9KzbWhcYnVE0=":{"valueMac":{"type":"Buffer","data":"/MTFlqoBc2660KE+ema1qaTEqQZ5YdX0asbry1NoHms="}},"tVOv3abK70U7ETxgr2JM2ohRyMQP3pWfP27E3ky8tAc=":{"valueMac":{"type":"Buffer","data":"DtiOV+wY1Fp9Zy1Ps/eOLadDYa5bZMpsqiZ+fH1+vUw="}},"JfH9k/kDKljX8a1U4cd9oYT3FZP7OwOps3K6dudue0c=":{"valueMac":{"type":"Buffer","data":"/fgc6L0ZtDcLozauPHrJs6b4CLn4JbS+I5uDCTG8eB8="}},"fAKhp/jIhonfMYzCIEgIU66vV/JFa9RsrAKmhwCSybg=":{"valueMac":{"type":"Buffer","data":"RiZmYytBZ5vfGsHf5rRZJ4QBhUF6cKWFFs7oDR6wqTQ="}},"8rYecQqeSsmGQSmId0aAf7yfM05XLWGqCLxQy3xQnu8=":{"valueMac":{"type":"Buffer","data":"h76zqvItNHrbC5Ljp33gJGoDRMVi6MV65u1Y3Dy5eXU="}},"xYVCzcC2Ez9Edu2o6ScxdTdki7WOituaJ39KA/6/VXQ=":{"valueMac":{"type":"Buffer","data":"Tmbs6RzLMih+nnzWgRU17VOjOSigO/kUf0pCvbs1Dhw="}},"diXV2Yct79e142lJwApXLGbqIFTzh+UMtFqEBQRAIKY=":{"valueMac":{"type":"Buffer","data":"MXauofHmuVLw4xg9AusmgGvOZ8gSWxmgGjiIYHWVWKM="}},"LSJLx1vcdbLVjVyK2Uub51xkAwOt6sDp5KTk9CInBRY=":{"valueMac":{"type":"Buffer","data":"uEde5TS05af9jYa0snxP1ORgua6gETwsMHzzlXqyPmA="}},"cvQGw1u1WxDHE2sh/sqo5EQFByKbGWFuZ/xV2D3b/zs=":{"valueMac":{"type":"Buffer","data":"B4Oy2+4SV18z4dLRPlpeKgBhb7NvtXWwM5FdJyvS7Gk="}},"5kg7VsOWgtse6Na34nEFhEhX1pNi5xpFtaF0MfIR5c0=":{"valueMac":{"type":"Buffer","data":"ssC8ZH+FA34phJcod5d28H33L6pzHBoY3ovXOXduOxA="}},"zceGDFWMawwmN3wq95BEDsK0kezw1RppN/xpUqX+RIw=":{"valueMac":{"type":"Buffer","data":"zBBgIyHtlxnz5qgruFCkLHokYfoZED1BmwNb+XwCCJ4="}},"+eCvIpuw1T8en60LhqwdvJ1DDXPWVCdpYXGw9KG+ZgU=":{"valueMac":{"type":"Buffer","data":"Yg3tr9SEI6sP/SdIwjjQM5+9AkalH43ishxw3AsjP04="}},"h21vfrYdgQ9itSXuhti5k4tpBEmA4plG4HRsqjuw2FM=":{"valueMac":{"type":"Buffer","data":"n+hn+DUm1qoBO+ewofnApPKACEC4ebfOQ3538W+603o="}},"4DwWBGVd8GChk+b5AbJumdTD+EuMneqNUEsf/8iSna0=":{"valueMac":{"type":"Buffer","data":"DX7T6OwrGepPtLeEG+xYpCv0QqLmn3VFyIyqa7hgu5k="}},"M2NrLslTqyAIhGuZaR6tr09UnZLWBxycn8hjSAjUnI4=":{"valueMac":{"type":"Buffer","data":"obXsNEcU5m8wxzxAfutFvQEmU7dlFrJxRi0EM/kK2UA="}},"eriurjMNX6NvhxHzXHnVyylLPjDbWN4yhiCYAdWPCRQ=":{"valueMac":{"type":"Buffer","data":"t/PierMR0EW/EFzP8xRIP9zKez/9C8BIbTXC3UNGTtE="}},"yQPqyoBsiTkiCVDGc/pX/aWA40AmVgfLOjoH6WgnPaU=":{"valueMac":{"type":"Buffer","data":"Cc3v3rTjw6Ij1OAHQvxdm4Dbe/bf+qUNuEJo0/Czf+o="}},"LsXyX4dA3JtbcLwHkasZe4gtOI+r1iFzVa52/3pigVg=":{"valueMac":{"type":"Buffer","data":"n/2QJw+1p0FMLIbpijT97Z2TLTNdjkskVXFbw2ezYWs="}},"9KCWhk9kZ39v0luN/5EShdIl8hZ2n2sO0meYfdCsIV4=":{"valueMac":{"type":"Buffer","data":"DOtz+k8kD3pjMrQmXmmfv7wBsXehLPx/lMHPsYcrrE4="}},"mrHJuBwm9f83cADrSaSQ8y0+U1j99s8EM4RjXABvOCY=":{"valueMac":{"type":"Buffer","data":"zZGs8bJEN5z2qVXtEBNy9b8IBEkf3B5hM8l9lwovHwc="}},"RTlovpz++Nur08Lo4/nzIHeypxv529IA8j0PMaWMO3g=":{"valueMac":{"type":"Buffer","data":"ndTtHymhgQo+pO8V7L0w5uZs5Bk2GfHRqtM7v1KzC6k="}},"YE2FaRmVdn8MzzSjEz576raHfhKuKZzb+fMTAwWOLWM=":{"valueMac":{"type":"Buffer","data":"r3zvnT1S2vzxzxTxfBg3M41mq0VV1OQYZlGAE57TIyE="}},"nad1/+I+KIomU3V4sdq/3/nMGSrz+8VWVYb79X8J+JE=":{"valueMac":{"type":"Buffer","data":"j24DuTbqJXjIk938D6EN02hoS3xZKC5RHd0U2qzPKYY="}},"JetRUeEO7jCRdzSwyHt03gtaKgLuWGMdKv6O7eQfyzk=":{"valueMac":{"type":"Buffer","data":"2DBcMWysx4wAWUr8I0PBr5zJnNQg+4cnPkDRe5+GDv4="}},"OIYpiJkHfTy3262r/ddtL06Zo80L3Vev3gmseEC59Q8=":{"valueMac":{"type":"Buffer","data":"ou1HHqKJ5CNSEgf+QwfN6M3TBXBrNhqEo84ldDLla/Y="}},"zKQH8UjjlLCKdgPq/vwmc1EtiayBL/BnyO9Qfpm/qkY=":{"valueMac":{"type":"Buffer","data":"vleNe9tKik4AVlbqaZEukaSs3wC2b5G+OqBzrlkORn4="}},"4K1/U8bF+R84q1rTZ9JlufAWKq6TCrLYotuc91rFohU=":{"valueMac":{"type":"Buffer","data":"xgq4TqknqaUFog+MdrxBuAlMNYHJInxbqjqf5qCNeXU="}},"HnwWvcSp5RnO6g5nVv+YLwrf3a6pzUGEG/uSm4PzYYo=":{"valueMac":{"type":"Buffer","data":"9E/5Xd+PlbzGR2O5mPXwf86ANz05B9u90qJh1gewIMY="}},"J/N5wgd2LJysy8fySCoowbZpDorrdqTTYB2CiBpsZ3c=":{"valueMac":{"type":"Buffer","data":"tCXmtvkZ/dsk0qjswd1GvVa4/ESBfs8YBLMbhroVH1U="}},"FxfRG/iCG0t3GU/CQF6RhTgpV3C12e15JaMHw2YDtfQ=":{"valueMac":{"type":"Buffer","data":"XBWYfO/TrXqteAW8M3y6ghmpZifr6BOMYs/xuByp4qU="}},"dnqyC+Ubq2s6Ve+4N8/INBMyiqrISXyrqjDFey1xDsI=":{"valueMac":{"type":"Buffer","data":"qPpzgKcvme1AfC3LZQz2le9r3daaIzu59Rnqz5d42Mk="}},"b4oYcCKH8ZWjdlyr2x1G3bloRW7cDo3XINkLMWxK4U0=":{"valueMac":{"type":"Buffer","data":"Etv9oMWTFUu8apuVwkSZJlM5VF73lW674PNYfSf3JRI="}},"3cYRMPyOk5OHrPX5yIpwxFd2LC5NIndjL6Tj299wwXs=":{"valueMac":{"type":"Buffer","data":"cusz80hu7ZTe1D4Op06z6O3gUH3AtggRX5C5X3NBO4I="}},"bVONysCPREF5MOnuXttAG80cg9nWWbNFHu2QAN6RXr0=":{"valueMac":{"type":"Buffer","data":"+fDw/8k2w00S5w+SbtNOuuMZq2lrvjjh4Tmuz9XP+EA="}},"y8cQEjlTXvyQiAQxnGz7SgbPeEO6T/ZnWZZxASzPie8=":{"valueMac":{"type":"Buffer","data":"dRz7WtWx2vO2czDst/SebJOQBskYgBfTOtWfo+aNCgg="}},"MERYY9uHPe7gMqOENDAjJq+aU2jW41i9nEk2YPQpMaU=":{"valueMac":{"type":"Buffer","data":"CAGF2AC9yRvz2romcyOD5wllPzDGiiqJtqTSMzbD/FQ="}},"yGuGoOL18txCWt5l8U7RvTTQLwsY+9V6TwNEGSWRuF4=":{"valueMac":{"type":"Buffer","data":"Oxq5t2Qa8PtiiFf0xBa55UMFLSuwqb6DGpAa1BTPaKo="}},"a6UjLSQEZcCeivczTsHte4XBKWOOjddrv7o3a6y0NMo=":{"valueMac":{"type":"Buffer","data":"pHNEGKBK9EysYsuESsS5SBo1KlbQHqTDJO1UoV4ZTcU="}},"pekHGNLtj8qCEsWPeJGZgMK0i17AudOFf0Eg0SahEKE=":{"valueMac":{"type":"Buffer","data":"0Mpke8Sn06vNlFOUkSqZZSoplt6v0SwYMOEzKDHdjms="}},"ZKQXvvArTCJ6xFrAHVYsWTJ7cnYEKHA/551zL303RC0=":{"valueMac":{"type":"Buffer","data":"0FTr1F4tZ2ZDjCK8Lc9mYIzgMeAbKQPedsfJdQ++BIk="}},"r5lNdbWBsGPd0udN60g7tK54JQDzxoC2AhuMDWonjz0=":{"valueMac":{"type":"Buffer","data":"ZjoH68FfDydlh05onHs/OrbGm5ajz8MDW9ruhlDCzRE="}},"D/MS+SKJtN5xvIz24y5X9YILphQpXgstTThrIiuuCng=":{"valueMac":{"type":"Buffer","data":"9Ugnk/tEMezvDNxCEPSREEUVOmLZPc3SxdoRsu3daIM="}},"IoD7BUUuaJA3SvYiM5H3do9+G9Nxfr1sCHqiCPl4t64=":{"valueMac":{"type":"Buffer","data":"0+9jPQfxP41ABGpJczIvKyEY65amJlvh2E2BgGVqK3k="}},"0PvCN6bfEV0gpOv5x9Z3jsGBBtTzxfyNWOd8j3cit3A=":{"valueMac":{"type":"Buffer","data":"TGy8nQW95rIQ2Z2YsUh8uWEgI+enAqGBlK3VBQDRh1o="}},"iBE4dIy+kdZvJSyNUZ6s3ZOqeY3QVaT294UlBG4bSiw=":{"valueMac":{"type":"Buffer","data":"oQGq2gC4dL8VrgA/1s46KF56T1sduQXvGNXrqyBJF1w="}},"1V5KHd9so/JfyEXrchmEOimgnFc1mdgGjShKfLEg7n8=":{"valueMac":{"type":"Buffer","data":"P8bbxB8AT8c6QoWfCWZ4N5FJfY2AOmYG9S+/FPha/w8="}},"eFpsM9TdxWbzv5IpzzY0MqE6qyr8NuRqhEDbst+u6E4=":{"valueMac":{"type":"Buffer","data":"Kb5g8Xznc54soXFTbMdphODiwjYToXXGgoBmsoDjZN8="}},"WY63GKHe+L2apIo9eJa13moF0YecCmAxyfVMthyxamc=":{"valueMac":{"type":"Buffer","data":"D+OxGinkFCM2GS7MLH4lIWFnHt4uof1WzZK4Wv1QBLc="}},"HAoRwoAwS1g+kv6lmkEHOQj+cPWfUK3MhOqbUq87i0o=":{"valueMac":{"type":"Buffer","data":"fd28iqJHBANp056hG5ok+nv0VNLNt2at4X4em0lfmm8="}},"+1ATZzWB0B3l0pTuK8iv9eh1YQwmBvC47IgkwjaPbfc=":{"valueMac":{"type":"Buffer","data":"dyhFc/YnN9XScaydR0WAlqwQNpML2vNUwWTR6QRRT5E="}},"/7IBUIQh8Zt1M2mfQo5L74jPrr+Pu52MW+t0hzGLu0Y=":{"valueMac":{"type":"Buffer","data":"bYkF/AO7+RzKhgWCBmLgr589LqdPFGYPfpG6xqQctUE="}},"F1fBaon6o+p5mt0LUWmCZwV9fqsXa/hGLe4aXmEeJMU=":{"valueMac":{"type":"Buffer","data":"+ZaYoXp//13gk+D+MR7YeJAjqwlDnvRLtjVS93egBfc="}},"nGrICbG9XbKwqxx72S71e/d9g/rZSOXq+QOcdgYzrbU=":{"valueMac":{"type":"Buffer","data":"hg/bhke74QuMXHwADGv9tSAJKhGA+4AJRs7TL4zI3ZU="}},"IsKCcm2flmSPrD3KugBY0zXYlF2TVpJ9H9ui0Mfkfi4=":{"valueMac":{"type":"Buffer","data":"6j5PBlRIf72sYOjYzZky4zpIq8Zt0yD7X327v3fd0Sc="}},"2bq+GZ3lLWGRVUgCkANUH6l3dXdvwLV+0GA8euY7FVA=":{"valueMac":{"type":"Buffer","data":"/FDFMnV/y5ZpJWCUztc70pXAi3K/VEHmAy4YYOAd6FY="}},"zBebougCDpjL5xHJgFP2FeP3+vPVkJ1fHsYANh2mW3M=":{"valueMac":{"type":"Buffer","data":"e1cMyaEJvTWzmaP6uwJ6/CThtUbgFgmu9/RYhh0Dwaw="}},"L/TQd1O5SRPg+TFzxMKDSfrUK26RD99Iw6qr13q66Vw=":{"valueMac":{"type":"Buffer","data":"lGmqwKEbRFueMW0tX7gpxLsbVYH+D/cluYwvZxdCx6g="}},"Pdc2/DRDt35mk5D24ZhAXgauyhF+baMUWZ0ahUVrGfk=":{"valueMac":{"type":"Buffer","data":"whjkR1/5zAE5E7AY+5DbnSQT0pRr9Fs7NVKFT7uq79o="}},"eZ6J5SXfHH2CT1TMei68VNI4spd+pdrGR8pXWzv+xQo=":{"valueMac":{"type":"Buffer","data":"mWP7h1kOB5G+68hY1pmANdkNuFiaOFJGP4KnNXpF4dc="}},"2hJ2/9BC/8eXBNYRCgH8ijI9j6IFMVnnEELcSfz0pO0=":{"valueMac":{"type":"Buffer","data":"cJa0Iv4wh8Lg9f/pAshgWbpVYaREXAfKmPJFp58S+sw="}},"6iO4w8gnR2PZFmLGcpxNOfhGTNh+IdRsbUDwcicgNiw=":{"valueMac":{"type":"Buffer","data":"mbxbsunRzR0lZgDavHc5PEuR25WbN+0cPmYiIrQjE8U="}},"0Q1wTz8UMzMPZ23UmsPQlBw64hmzMrFnBIGtJ7jfmrM=":{"valueMac":{"type":"Buffer","data":"Xu9onIwXgTca/62wwrd+ZMCw+YN4Bk1+aSpOMClGY30="}},"5lYHa5dKAKVk896qd/ymC/plsSdCebqQ1AOhmrPDifA=":{"valueMac":{"type":"Buffer","data":"i7WzHcbhqvrTMKP5yQ5t+2ANY+04atlGHzDd+SK1Ymg="}},"qGy9fAtkIkcjHjspwudO4rktOp40ugta9X5CdvRkcqw=":{"valueMac":{"type":"Buffer","data":"YBsE7mQAbcKou1y08XD82GoUZUvOa9l81gsMU2ethtI="}},"aDU7VYBnKDIHfS5T059z8urgRtB9Xi7xK1okU95n22A=":{"valueMac":{"type":"Buffer","data":"kQSb2MmwKJufUk5GYOcraYZDeACLf27rrJ9PgxFZNzs="}},"rEfIeoDoGeM7FpcoiBoqenSQwrXpvdZLwB1T11UVx18=":{"valueMac":{"type":"Buffer","data":"WfZMI4Oz08M+vVN+OfLJCSVsnp4HL8RbQfVD1r+sk3c="}},"brJMfEjG06RnY3ppHzEA4n3FerPsllYnNlvmcK01RiU=":{"valueMac":{"type":"Buffer","data":"8tx9gjf8E5RZc+2T9MNaiFKE7m4g+q417HLg0y97zxM="}},"qgjom+6cih02B0iG5dyuFkN/DmXJsVg3jWFzGU6hNMc=":{"valueMac":{"type":"Buffer","data":"3um2TD7ar0UafBpdLxGTAs6scbWIwsR58Ivi85dKjHA="}},"f9Yn9ZJgevky/vmHFuTcFOebJ0314KePOYclisSPlIc=":{"valueMac":{"type":"Buffer","data":"bdm2N5XqtgAu5QS0YZT683BqHK5+WlwbJCUs98gra6I="}},"XbHZfdHesMkdywXfDU5gLlFpxBhrMJflVCRbqz8zWK0=":{"valueMac":{"type":"Buffer","data":"zEqXlzHbbS+GAgf8rtpBrap3tuZeAq+uRv3aLmbeUCw="}},"v7DKsyHUPaYiN0LqqQgRfTT3r0LQbIqC2+BmhnA968s=":{"valueMac":{"type":"Buffer","data":"oYyQa2nCwl15/+jp/C8ZnIS9hEwG/SQoN+EztridfaM="}},"xKCMnALxby9vYgUWLTGhnFzgUtrRtdsCkGa1q4xidKY=":{"valueMac":{"type":"Buffer","data":"kOstyN6KJsEiVzzjhWF1iUQ+V//WhjHSEizYDqvwgl8="}},"oPipqX/DtiERRST9TGneReurtASURy4JpfbWIeCd1fU=":{"valueMac":{"type":"Buffer","data":"FDYknNpFwBTa9UngMlM/c+wzCgVdT6zOfZa8cK+Ymh0="}},"1wZUJzJJigSSQuIGJhMvQx1H4k+5EWOmnifkDbRdWUc=":{"valueMac":{"type":"Buffer","data":"D4DgtZ5Z4EhWuoZa4BS3qDVW0PVuiAYcYsZz/XOqDGo="}},"BcyDU+k8aOl7A/DHBb0BqkxOtsmLsN73xfi7z/inBXs=":{"valueMac":{"type":"Buffer","data":"zRMw6Q63/GplbcVXDssFWNixkyb/cClWXJ6pu6s+8MQ="}},"dX7KFbKehqySNIBeBcfYAxX+j91mwJ8bRI7UlH+gxiw=":{"valueMac":{"type":"Buffer","data":"wDe84cEekVGPsH1UEWdmHETFMA9mbeIKZBL+VqwSPWI="}},"ANK08bVfxP01cLhqlNYv0KpoSjv7z4kMYSFLJCSOL+A=":{"valueMac":{"type":"Buffer","data":"inhFv89gCEuxRYMSoNHyYI3R8nNxV0ihI1A8jIgqOvw="}},"w0NFYT3j4RhBvzgOwoICziRA5TI4CSKZ1ZMm/2TetPY=":{"valueMac":{"type":"Buffer","data":"dSKKfs8HevWYEk6Ue8GG77+IsegOgRHQLbdJU714WHI="}},"b5s9tWmrl6pJSNAXAPs7IcncsFuKCd/4bbMyb3crIe4=":{"valueMac":{"type":"Buffer","data":"CZ5vZxdWvdvN9YWXsPU7dkYR/3zcElc3ok1XQaQGT1U="}},"M9xywDuiQ+Kbk0Vd/G+o0GHlRneU8nAiuGgV6X0XLjA=":{"valueMac":{"type":"Buffer","data":"afFBYcZu4AzVMQhCw4QhKmBt+nfT/ZCOvRCR4Q700kY="}},"9NyCEfYduf5vTPEmH32J2cA4XYNjdIdeqvUMOFgDcJ0=":{"valueMac":{"type":"Buffer","data":"uNmpW8MywbxfF+Nc/mOBXvDLyL4rZfWSIZ/eFtGdVrM="}},"LkyZpoq7MzEtck1VIODGrGOQPZ+yxD8+1blCDvs7qL8=":{"valueMac":{"type":"Buffer","data":"UaePb+7G1PE+X7r/ef0nlXYAW3VP5F/63LDVAYZdCLw="}},"uws2JlVlB1DBZmxKYKmgEYMPl/KANrVyyjDvl5g5Nbw=":{"valueMac":{"type":"Buffer","data":"+2xWmW8ezdnMEeAiOPYGo4d82o9YvotPYVYkNIfWwTE="}},"2q3GmEJLUscgrKtRYzeKiewxAeenzWamfy+hlk5m6qk=":{"valueMac":{"type":"Buffer","data":"yUSVe6lEZHYvdUvOkKES0szymjKVeCVrhUdvpmXYqGY="}},"x67xprCusO5RaY8pT4VDyO4EAQkKHKA/1YOKwkosDE8=":{"valueMac":{"type":"Buffer","data":"lNHlfOlhdoiUIzZ+0JBCx1oGeVBVJLq9IZsCcvDV0bw="}},"be8K/2KLXqyP2rsjBklSPUI2UU7KCDsmrIUEW9SMRRo=":{"valueMac":{"type":"Buffer","data":"7PbHbEjHx5bQbbek5YDTqtw1pzn4WItPG7U82tuzeCw="}},"99FxXR0fmyGgyfPH+0epPbsc1x7bWoGhkBDVxjz6b7Y=":{"valueMac":{"type":"Buffer","data":"3HsmA2rU2eY45AVH4dym4ufOoL82Ax6iy1VULYOw3Qg="}},"uTC/6hUElxchwJFvKJY/aVqXd7DxmL5WwogTSQ13Hyg=":{"valueMac":{"type":"Buffer","data":"eJtoeGSeeEhRfOLqHw0vJjH+j32hrdVOjniU//+9DWQ="}},"iXC7j+CzosVcRERkJnMmj1qOk0Ny36l+8iaY+ZRcSdA=":{"valueMac":{"type":"Buffer","data":"ZHTOc/M9ZDGKV1f0oVkdAFvC6eupGDXKqmulzZNvol4="}},"iNDMFKXo0GIrEahizqA47FsJ6xqowVJ0tTNYgCmjpvk=":{"valueMac":{"type":"Buffer","data":"I8aPxfIj4nlGRldPybQbIUcvkfr/POspEUclbv+qU5w="}},"CRYmi952wnJufuu4TKMP/bzskSVSqxArSi1nNXXr/MA=":{"valueMac":{"type":"Buffer","data":"t5SqSp6VyApOqGNPHYG5vFlMIVnQ/g0nrowxoziLfR4="}},"4jMdsRwNOUkg5TfTRKhrEBoRvKWw3woNZaiyw6VDPAE=":{"valueMac":{"type":"Buffer","data":"XYUPnOVaxMzcZ5SJ7usMvAvirrXKFYow4eo/tpeXNoc="}},"2Y3f+qgV4VTQqz3nswCJBwn0uE/vVMqg2P5wwH42QmI=":{"valueMac":{"type":"Buffer","data":"tsfSS54i37XmYhte2B0rYGJKG12EmG0u1i7bsRPGESU="}},"o4bNRO8+J3a0SSR5bsRvkiNVBwYYmHKAuEcuJaERd/s=":{"valueMac":{"type":"Buffer","data":"5R5csOsit0xISdKJ109ozlpfatHjBBOUUTGxMDthGLU="}},"4r8nWL4CYbZc+vIOFY/ZdR/ysXBKFc2hoxSx6cZJIKI=":{"valueMac":{"type":"Buffer","data":"dEucEcKhnkgj5/pcjz7Vij7Ogxi9GscoB2rFgc1c5EA="}},"nXQecyasM7WYyR5NemUDaHpS85oIyc4VRL0tZ3txTWQ=":{"valueMac":{"type":"Buffer","data":"JK7mugGqxCK5u0GQAJagxz/4dWYwDUY+zQcMxvM7Mfo="}},"FD8qV1pl/XXHG2J+CTjHZHBb8B1BuuplchfuBi3m8IU=":{"valueMac":{"type":"Buffer","data":"7+Z5qVt5qRaQZTEVt9ani2lKHw/chk82AAnFxYPy/y4="}},"kL3bn6bt8a52VnqKflZ3bRWHrjLhv7TcDDV5E/JY2WE=":{"valueMac":{"type":"Buffer","data":"1fO7gDT0VvtaatDrdpWbIXPjfC/vkr9fKnjAM6kGhd0="}},"evQlrQTIq+6SvnxuD2f2Uz7OKrjXnMn4YKwhPoMwiS4=":{"valueMac":{"type":"Buffer","data":"BcUo32i1UQsnoDUhoMaR0N7lSgD3HmDEU+iMCcjFRlM="}},"VHvLSok1QnNTopnlO9AKw+h/bTKS5SZfxKWuhyq3OTM=":{"valueMac":{"type":"Buffer","data":"Pe3EchlBnv6oVVABYEtBxXxl6BnBYI03V/L1KTuovQQ="}},"6cMeNxIZ4aE5pmZIkCnFo59Nlad7WSRuHlfzN5rP/5g=":{"valueMac":{"type":"Buffer","data":"eZN3xLRBslJ/S5Y281CLsEkRmeaAP51IW4wcx+89lUs="}},"O0n5aP5hS6AP05LQJMZt1z2++rsC43zHKxsaf7Ftc1Y=":{"valueMac":{"type":"Buffer","data":"13iqjV7efNHGHv6rJu0w42rVY8/XwNNZ1CuzTtMmpKo="}},"b25Xt2ikLPlD8a6pkWItNtZEe/6venaCf53cs9N1GgI=":{"valueMac":{"type":"Buffer","data":"nISsP52uXIPfyS/NCYM5+BHlKMg4/zFz2Xt8LXVh7CU="}},"saU92QfZ8EoDHJIvcHO28G1G3CprjbO+NliQ+Pr9AOA=":{"valueMac":{"type":"Buffer","data":"jzc34eWH9cUkDynLaTQmp5pW+RIKk3Kx//oz958K0XI="}},"MnLcS+dQwMXGYlJLeODkLoGXuy56ENXY7ANYjRc0RK0=":{"valueMac":{"type":"Buffer","data":"WGSLFfS5IC6QuD5RlaPTHNMM1VHqKPtjV8fBSazQkf4="}},"i6NWcMwDYJGIqb6Ix7fjIrgBDvgWHTMgMtU7IxDDGRg=":{"valueMac":{"type":"Buffer","data":"VIcMTFnx/NWB1ZfvBGAequqRNJ2v5VMUsVCAJucDq6E="}},"9FWb8FYFgrCsWYbbOSVdT2rGC1H6LgKvBUYoJ6HGA5Y=":{"valueMac":{"type":"Buffer","data":"J6PBDewmiMAnud0XBLr8ElusxFDWFPBdhVmBv7G7sYM="}},"Sq4jNbVIVz549Wlzc4uturImfZBi8JoCD1UcG4ShZlU=":{"valueMac":{"type":"Buffer","data":"xM5jm3elVIfCKokseBM7I/a2bAEHDO2uUK5CHXYRv7o="}},"CxKA/3lVy/zJyB9A6gU0IEvhf3/frRkQ25givN9nKM0=":{"valueMac":{"type":"Buffer","data":"iezRMlOQr+cEOt08WAUQkD4EgQAaO385uHxNbTvbk8o="}},"8W6w6aYUOJgobmGjfRwAGp32GaHWaOujlNgkQtGFBOs=":{"valueMac":{"type":"Buffer","data":"X7yS7LVpcX4fkFfFwJYcI1yESGs9Z4s8coSKcjT/cFw="}},"o6hsQ2NqKQtTdBNWHbQhTa3ni01qcQdkmhDJ/ZrHd/c=":{"valueMac":{"type":"Buffer","data":"WDIt9qamdpJjn85e69/qdx0NcJ/8mNsXEba2yUSmyBc="}},"iXVxI0H0pUg0CD/IizbhhGqMEoRACA+UJz4xKxNrDu0=":{"valueMac":{"type":"Buffer","data":"hpGXiN2+AkiBQHx4D1j3m8Ziu9Owh/f2IqNiVrLY9X8="}},"tolsYxzzQvCg3X9nlnpTVqbs5tqC0pqZfAQsBFgN/oE=":{"valueMac":{"type":"Buffer","data":"ypb6l+Ir6pCj0qSnpkL0WskXaTb89AHTXRXwGI0XdC0="}},"p3tE9DHaWjcWCvz1C+AmoJwS7l6JB1sBM5Qq0q2i0+Y=":{"valueMac":{"type":"Buffer","data":"i1V+3Gg23Np16Ee1byrtIJ0IHmOuNM0EV8E/QY/LPak="}},"48QnIdW4roD1VNGoRk02eUdGw254SZQU7SURYD3pwaE=":{"valueMac":{"type":"Buffer","data":"7S0iXxARoW8Jb5kDVGf/3pxoS4/JMSAhsSWyll/ukfY="}},"PISYFG8l0jyuXHfQ+c0PRZbwLtZFEcbBehl/qulXg8A=":{"valueMac":{"type":"Buffer","data":"ZvLg8CjPM7rUCcFrveLI5lGv0heVuvrgDJtIqQGtVJc="}},"gIpKasHt1zthMTOeEkFUHRgNIK6qWI8aFCXkNgiPTIU=":{"valueMac":{"type":"Buffer","data":"koZv9wYln7qtu2gpA07t+OlvkPE3GiL5wqGRGAcdNiQ="}},"vQzgRXutlx1wLdb4mpieNWjPikWrcHkVAieSep8CFzc=":{"valueMac":{"type":"Buffer","data":"3ip5U8G+76T+qEh94Kv1c2x5Ik9OpB2vlaOFaLke5v0="}},"UEeqH6zvqPGrXTBDyJ0Ca6FNSBXBUqsj2gEKuFND6eo=":{"valueMac":{"type":"Buffer","data":"NkwPSbZFPC7TinqptKBQgV/yqpxzTjqrsMWPN6uDLTI="}},"L1TurmTSzPxK/PTbCePZkKti5tsn5uQp8krd1dpuBH4=":{"valueMac":{"type":"Buffer","data":"lK1phL14XCpt1LqUvVGN/BSnUfLl3kjUFk0SyY3fQG4="}},"4s6MVR3l443zxRwcn9bCQD4BR1WC689PUhyX/IsssL8=":{"valueMac":{"type":"Buffer","data":"iuNcX1zKWGlQr4bHhZzFvjCmuG7xHQCAVKk6PolhuU0="}},"jz/TYcyyp0WSTJ1ufS4taklCuLBMngDNYCJJCwi8Rf0=":{"valueMac":{"type":"Buffer","data":"yuQQ9RCGYKooK0NvSHh5DE56c7jmHtH0OxB3mqNVvvA="}},"suBJmhm7DdwsdxEYjf1KZIVy8j+Xj+Ai9lDByqH17F4=":{"valueMac":{"type":"Buffer","data":"b6atpqvLpl7VKa8PBekSpUnu8RIeeNGIW3UV5wkZ4zo="}},"LZXkjtRJ5uINH2bsbcl/2PzBivZkfMMvyk45xQxPwlM=":{"valueMac":{"type":"Buffer","data":"UyYtc0Ebhfl6gIk0562xwyNHA9aFUJCxisYS5EvFoFI="}},"nMOchOfi7/j4ksR/lGslPf+k9wZ4P9Xp+S4nKm1+kDw=":{"valueMac":{"type":"Buffer","data":"pNtTLXq44rvYttYsnGDwfLz3rrTzng6Ux2TlKN1Zgek="}},"zJbXhUp0kRfD056kOGBcMdlqD7LMU1NXA8msMuyEqpQ=":{"valueMac":{"type":"Buffer","data":"OsrDAKtLBznqpnu3mxGrG1aVaAOqXZhjn+AR03NV+/o="}},"+LzeVug/aj9vFiu44cQKZwmuG1OGbjdM9eLwiNC6i1w=":{"valueMac":{"type":"Buffer","data":"UFRyU0zL7VeZo24loympCcuNDbwcNcfL6ZvuAq/C8Jk="}},"E5DyxBCXDHQeApgvVrzlXqljwGUHsoZFZqQeQOCWX2w=":{"valueMac":{"type":"Buffer","data":"3BEf1Z0ibBsTXDZ3JVH0uczKsHKuiqx+2rxpQoMKcVo="}},"D1Lk99+Gb3Cel1JTd1560YNIrMHCnaoqBhWGBZsguA0=":{"valueMac":{"type":"Buffer","data":"2lUjr28be7NcFgiyiYRX/vYa1Fy4CSm+moZo9VnS08Q="}},"yqhml46F65PjHIPCxD6/Av9ccLdivWplAfowPalOrvM=":{"valueMac":{"type":"Buffer","data":"6IJ7jocr7w1291V6JImb7F6koUHxBcVxAldQ3VBRCTk="}},"6Pu6ZzA6FJ28wzBe05Hnsqt+i6UN4mKz+j4/zNDG2Vk=":{"valueMac":{"type":"Buffer","data":"eLWblvvgLmjGXYOiIUkv8fFQQqSs3e/tROcyR1g310g="}},"HoQxuXSZNfg7GUpYuXgs06VavPQ55m7nrZ+dr9+6h8I=":{"valueMac":{"type":"Buffer","data":"3cNxLdJLlhAOqApZScqnxUgTaMyoXkivpbeKpqfNMHY="}},"9eBIm/RU4g3WFkJYww9/ejHTn8EV8NDCishRankjRZg=":{"valueMac":{"type":"Buffer","data":"ZAWoV2jeNSW2Gi6YG1bJauke+KLxNqPSnYRGWBZg9v4="}},"2OEb9XAbzvf2zC11Td/oc9lXWY/HBr2AJvBTnswviYw=":{"valueMac":{"type":"Buffer","data":"A8oyf2YvbtKAlecfRG7lS+jj3DEfyOuE1GKKCYZl5JM="}},"TqDh7bblg3r9nb/3Ay+OHL2C72Bmv/JhZe4qj+jKQhg=":{"valueMac":{"type":"Buffer","data":"wkIXcEUMU8jqik7qhARUuMIRu9kV59fJT07/yFlvZmc="}},"4J0x9i+GNlRQY8MY/VEXBLlbDzp11Q3jccZwfCamqZ8=":{"valueMac":{"type":"Buffer","data":"K3XMgXkaAauWCafJk4PbwB0f3DYJVsME7DcZDGoi9BU="}},"MDq1/q0amxc6Ww98oKJc6OY7kQuIlBxGl/9ikrR8buk=":{"valueMac":{"type":"Buffer","data":"g2tIbM6qJ3qzSLrACu98yU6Q3YE2PgW2w+S08+5f99I="}},"dGLItmSHIQcB9+JBzD2LU8Te1owcj43AIgfh3pm7RdU=":{"valueMac":{"type":"Buffer","data":"seQ22SdRaMylDyBmegn/tIonJDmt6M1Z3wrUQASa7pY="}},"avFR3W30Kg1k6hYcG4EwWpr6BYvMTelPu2dFlBmsafA=":{"valueMac":{"type":"Buffer","data":"LcIO7SLrHUB+Tg7hul4iPK6qw0hY4EQ8IYKpfNNvCGc="}},"joLdAXw6te2b7JTltKvPdoxQqfFfSjAMFe5J1whrhnI=":{"valueMac":{"type":"Buffer","data":"d8xZjr0J2yeg6WquPi0YT523FumE7HPOlIa7D5JBYHU="}},"KJw3jU/3BA28FLPDOiUKK1DFx8HBPsRTLjEkZaxfzcg=":{"valueMac":{"type":"Buffer","data":"a1BFad+9vNWoTcIZ68ePYYGyDx4xOGZ/Av5urUFxI/k="}},"L6guWhV6OqmpswGPhKp/I5Melj1mtBit6N+BVHGMeLw=":{"valueMac":{"type":"Buffer","data":"e1y2IuI8TWZzigpaRVSEolcXbTivaAAsrvzga+z2YdM="}},"8xJwhlxmLoQbWFFnjCqNRXj9LAMl/EC8VIm+ebXCN9Q=":{"valueMac":{"type":"Buffer","data":"6rd1mt12WepvNJGkTU5gqI3af/7QJoeWfqLyWlXkL34="}},"s66yEYok0BNCcjxSJvGupAW4Jkflawq13hJR8IA4WfM=":{"valueMac":{"type":"Buffer","data":"C4tduVP6PBzuR/Ydcwin2ZntJhR6fQ6Mi+Frx9pur6A="}},"Ri6DxXRroDa/v7rdU1gIswuepNOJ/DQH6yjhJil60K0=":{"valueMac":{"type":"Buffer","data":"BQRL6ntpmFDe3OZ9h9cbT3JWmNeNLlvL8VddxdKndtk="}},"aoBnsA3wlV7EoD3Kv3Uro41II9sLaLsd1YRPWk3V3P0=":{"valueMac":{"type":"Buffer","data":"hBPd7vpaBr28AeMqVHXu09Favb4yaCvAl9HklcTWaqU="}},"vFqrvfbd4GKQt7HxbkcgqfvPsXHwVm3bSPWSpDLMHcc=":{"valueMac":{"type":"Buffer","data":"Dfg1QnmSrAmqKw/PMKOaWO7iStTHKHo6Ee+0Uns0YP8="}},"QRsXhd5KLW29P2L6w4tCBz2rfehKj80rbJIobVcTiEs=":{"valueMac":{"type":"Buffer","data":"XKw/uBUpQEDlmUpTWqst/9egG7b2qvW+FlUr8pvGvYA="}},"8fWYZdGGxtUkCaOWq2QTS5w65WsNBXkfQfDvm9DMS18=":{"valueMac":{"type":"Buffer","data":"mYUcOvKUErS2mbzN6GePxw3IyAh7qr49//AWCzVDWGo="}},"pMe9anRnkOm1tWYLxGEdDvlGg1HiWdqyIUdhbMJPAQg=":{"valueMac":{"type":"Buffer","data":"dWfil5brHdnpoAgkbQBMQvsB7xm6MXOYesg6j6e9rZU="}},"hIvbkGdlpOgxMReOHZslxXn/Xiubr1ub5MWHSj5fQE4=":{"valueMac":{"type":"Buffer","data":"NAxZ6n1R2NrxdLf9RmhacCDIsxI1us8/5z4ZIJGaOIw="}},"Ozm5HLA70kFGWinoVhO/6L4TneaifiSIPQEpo5oDOEU=":{"valueMac":{"type":"Buffer","data":"sWmYl4ahhfES/HwoxooPvazS/4tafPsQJu2wlK9SkO4="}},"ZWg28EAskQwUh9AZTZlv6uH+HlCJjPdRThVJdn3dYwk=":{"valueMac":{"type":"Buffer","data":"PPcKIbYlCALKB3KmKjvC6eOZd0HPNCprOd+koap0aAM="}},"kRzaEYDWSfmlyD4WsGSeVnkQwz6qoIIfzjjZ8P1r11M=":{"valueMac":{"type":"Buffer","data":"wZxgMNDwUeF4erYH4RC7xGunyZ/RIAMvSalh8EadVIs="}},"3jlAZh75FbEGSuhBWxRgjLw7dub3KhlEwEzNSwq5VNc=":{"valueMac":{"type":"Buffer","data":"224SWJ7AcgE38hCAL5wUXjK46bZq02VEowXWUwgO7X4="}},"z3IGgTj9yj3WlNNcieIMMdwGUqJkqGo6oiyyfGJ6C+g=":{"valueMac":{"type":"Buffer","data":"Qh7sMzlxtfIJMP8Gmi10I+lY56SBgJqUmBWKOqzYxrQ="}},"sd0qQWWe2WicAlRoSA8mzDlbun6c9ROs7WO6eZQWAKU=":{"valueMac":{"type":"Buffer","data":"8QkAgXGfceYKoFKI6k0OfAwxzkC4HxcRonMSUAgUGKQ="}},"lQ9WSC/xTaYchP5EiHQqw6XtF0sSxxAbxNHwf96AFFc=":{"valueMac":{"type":"Buffer","data":"/ypv/7d9GBpQajCG36HVihvV5yzQQV/o9jMSQCHiNWs="}},"kIubxMkxUMe+VHhcIiz5n/IlxR3V8z+oMQGbi3dnF/c=":{"valueMac":{"type":"Buffer","data":"2CARXjclA/T5/gHvD2UtLw2dc1nHn0P7cDOq0qVSPEY="}},"C5E7hdc380SJDbZruTtEbS/3/Vlj0zRQXZAP9VIRQio=":{"valueMac":{"type":"Buffer","data":"RH7kM7fMIQhCpmGHvVIPpvxadc46B/cvrR0LquD/VP0="}},"7cKdpzQ6/GNFx485y8+EXwTB2b+0VqYWM8L0ahyNg78=":{"valueMac":{"type":"Buffer","data":"pzQ7QO7FO942Fa+tbW53Ne4vR33DIxIzeHmGNhc+Y+Y="}},"fKhQzxBXeGSO9lKS89LLw4blJFZ2Lgq35CYP6fxfERc=":{"valueMac":{"type":"Buffer","data":"Yio9EPwg0Sg7XmnStAgeq/5v/91Tq2SUdvRCb4q/5Tw="}},"qTZNQxSODksF3hVTAnuPVZmrrRiX1qqdj0EcQlHh49s=":{"valueMac":{"type":"Buffer","data":"GIAOzM5+bgphbZQ4lKfuwk2493Cibh76W6svbK+CM0M="}},"vAr9vxed+ho4aVHr5GNQVBCr757hSYELyQ9vME5LV7U=":{"valueMac":{"type":"Buffer","data":"yWt9d9f/5owRNfG126lXGpisGYmynWn67dZYdk6xDGM="}},"wdi+YibKgxyP8Jy6rcxCZkMTTl7f8uroIU8Ejvkkn1k=":{"valueMac":{"type":"Buffer","data":"z/vRaEAU4B2LLFVqcV9VxtrTsg8R0RdewYzHM8QNTes="}},"YgGjzjAIVHfXKxTGY4tbLHgLYC2MdacKTV3MB5ad1vM=":{"valueMac":{"type":"Buffer","data":"wVWLloGuySjrvlx4dhTrv6PAcXZ8p5q5kTnA6QRQr64="}},"UQe81YXrwqtdoDc4ujfWnJTHzj5kBoPH/94z0FQJNfw=":{"valueMac":{"type":"Buffer","data":"xHuPhhLXB+S5t6EzkT6Tve1Oc3YsAy3GoAstaE4R/k0="}},"fNAV4XPky24tUoyvwi/ZPrlsfI8/79NqTeTc7rvxF6Y=":{"valueMac":{"type":"Buffer","data":"sXfc7TcX6uPxN/hgiEp+aGNABg9dLITyHj5Q8nlXhgU="}},"yzXbs/UOd6vhxgQw7+sMf+oInTPhOSy/URvAvXCI7Lw=":{"valueMac":{"type":"Buffer","data":"3vCAa9JeNSwAtaUcrY5YNSIEDqHsjycZMbPGvca2hj0="}},"Xo4ziZYvgHPKYadt1jSE11x+e508C2uvBJyB2e8XY6c=":{"valueMac":{"type":"Buffer","data":"to7mizbP0sWxyuSulVRq1aXCVkik4bHHwbN+nz6bVBI="}},"+Ruj5+V12cVtBWB7KQgQ1jfcww65lfKcAsYJXS3/16Y=":{"valueMac":{"type":"Buffer","data":"koIe2DJBbG7C3FFn4Lbza/V40qtjqqPNW4iDo4UqZGw="}},"nVnDW+YB1Efu5yokqj66RrzZrJO+7K9R8pz81EccYV4=":{"valueMac":{"type":"Buffer","data":"83bfP+8LNflCcLzg+2z76RuSs8mSuPeUdqsVxM2rJpM="}},"bqCInq/CVmECmr1JSmfR/6rnt7GwMazRewigtFhfoHU=":{"valueMac":{"type":"Buffer","data":"oUdjqV3Ri1vyY+p3qKBO8Vhfzb48SMW84lw7+rKVJlM="}},"q7E5EcIBe3ANgM3BLxo2uf99HhVoZz0kv7ZUcTYOR6w=":{"valueMac":{"type":"Buffer","data":"/eAZXE0UqrnO1ZbfbItG1CjiQopgGekBrq2PmKLq+0s="}},"IVQCUCYB9RMdfCCvokBVLWPnNm7w9voOqjUQkpu3Vq0=":{"valueMac":{"type":"Buffer","data":"0atb3qRegKmM/jatR+WkGxAb0QeQtW9x8wMtqU6I/Ik="}},"3s6bx0ghgz6Cg2qbqZO9mHVR0w3apEWRAfZkyIFa6xE=":{"valueMac":{"type":"Buffer","data":"pnuvRn+wne6XzJKyJ/WSHeVrMXgE6FcS85zlnP5n88o="}},"PxsvD3A0bC/E2PnjY6xi8aNxsDuyCPSf0L8LZdHo3wU=":{"valueMac":{"type":"Buffer","data":"IIeFPMw0H01w/K0yNwIzRSwyjKa0IfanCPOm92yY9ww="}},"5VUu/uB00egSI6vFQpyu/EuqYveEanodrsTwRxX8vP0=":{"valueMac":{"type":"Buffer","data":"wqRV2WrDoKVY0kWR1wk1g4rbp+5g8i74eIjmdxHtd0M="}},"PqoRwd1Lakf61ua5+OhRCdNTtbgS/IawiotSuf+q0cY=":{"valueMac":{"type":"Buffer","data":"Mbb6FfbULXx14+oA/7Bx8xYceUOPSb+BxwJi91aZcK4="}},"Vco3qTsvP42nNSyFYJYWP8YPKszQBubG7hI2FkrMkUs=":{"valueMac":{"type":"Buffer","data":"V4SslEsLJB5cv8yAAKwzaq+vZ3/oFq2rMy3yccX97KA="}},"tj5ym6XyOVlneGa5ArhhW7PA62sqW6dBJx66uxMWyyY=":{"valueMac":{"type":"Buffer","data":"3DbD7mAZp4SxP0cJwuQz9UwagWEZj4cYAYDxOfNl84o="}},"3E5psWPDPnMk8SoO/d4jsv0/cCnacY7wPhiWjBcFxUw=":{"valueMac":{"type":"Buffer","data":"aIySxqY/s/X+OAmUfDGFSTPAL5NyR94E8q6PiU1/Bf4="}},"dwg7Pllp6gK5KBauaaaUq5CxhdpvNXA+Np/Q5mF2d7Q=":{"valueMac":{"type":"Buffer","data":"iqQDcQZYoFqbwVOjxjnYx5qqip4aI/jJQclN/PuxJ+k="}},"UBaRIu0dvK3RtHgKuh1zpCRKsTtge4HQEJWkvODCGEk=":{"valueMac":{"type":"Buffer","data":"uZvjDn/c5I7krOcekA5eWW8kLx+2+LtirLA/o47e1S4="}},"h2+5huGo9TTE5zENuT8+aVyrhbV30XLiDiOXbeNIXj0=":{"valueMac":{"type":"Buffer","data":"URt2UA9O/u7KN5FVCYvPWz60mgKlNjIc4efyc1WsxYQ="}},"nf7RfeygXazWxjtUfsmCBq7lLv56iSi0HNh0iUhMw28=":{"valueMac":{"type":"Buffer","data":"g694o/OR/Zn6GS1jqXP1Ivtj6q+A9lYvyIDdgry6CBM="}},"VhOxLiOAj+1lHw816lOrECgxPqAxLP3puxoNKVCJ1Es=":{"valueMac":{"type":"Buffer","data":"Zk2r6KkDRJQ1kb0Gtynz/dkOmoeUO9oWy3PD814z0YQ="}},"mt5dPijV9S0Wm3XVllLmljwxXhngCQ1AMYDrYbpBUA4=":{"valueMac":{"type":"Buffer","data":"SqGIxGa1WaLCRHhMx1P0Vhhw7jMM7w1WZC2zczjITOU="}},"7TO2xN2uYEowLom5FQTiLQtnXBrWKBJ1iHDtCewjKdg=":{"valueMac":{"type":"Buffer","data":"oqz1+4q4lEVkuI0COcg+9LeE5xc8Yl8NoUxz0QOFqAE="}},"8y5LO/LCrgzh4U7r8cMMTPquXI8EH6wIia77v8EYvl8=":{"valueMac":{"type":"Buffer","data":"A1FfkIvP93u1SIh6irdmrFBOn4wcEN5RiYt1K+b92u4="}},"VvjL1zHd9RmWOoCeu6yFdhtyVcqRXQXjMOwPlUKTcoM=":{"valueMac":{"type":"Buffer","data":"awPhayO5dh5Fd3+CjctVqYeCIjvwcmN2OS2lQz4gkQY="}},"yNDWb/2xjJfMEgfvBFGRe7Q7D1R/MyD3IepWFbWWVkU=":{"valueMac":{"type":"Buffer","data":"Xid0HuE8nHJHJ2tBlR2MP5OTt63RZreplNPAsUqb1Wk="}},"3HMXUY4X2jE4AP5+gRnOP9nfwT2gpxRjF+vvRpIO/DE=":{"valueMac":{"type":"Buffer","data":"zwB8ParJNXY2IIRb+iYrNUyozbzCKf03OsphcSlY168="}},"wiGzC5AR/Tgtd5lp1gDauvViAWqxh1kpNDoLH+jQ9cs=":{"valueMac":{"type":"Buffer","data":"YnYE52KHgXrE7ONBlGlP4Wr3mW+CBCXQYkoxcP+YwLw="}},"rnrpnwsO7RlV/ZouCVAbVDXseudD9mJMhcT7x7xJk5M=":{"valueMac":{"type":"Buffer","data":"EpBLqETZycZItzlClmsqV19KEJ2idOU1iaecMAQPwcA="}},"DSn0/KP1x9ldlVs444db4F5cQzrbZ9ym5MVzR9axoK0=":{"valueMac":{"type":"Buffer","data":"BAVTAxZcLHZc+mmGLlfSbQ38yjBZUOK3lyzaIgmcgbc="}},"8KrfXfmUIufRhU1Fg8fIUBK7sSdXrdINSqfY8kwC3Ik=":{"valueMac":{"type":"Buffer","data":"4F+tT9D3l8SE9zmfZnHSuw+M4TX6RyIxzTH/YAGRJH4="}},"jNu0jGEGxkTDb7soREfrW62H5eTZvIISxPPIq9FQNOM=":{"valueMac":{"type":"Buffer","data":"K6V1gG+6BqgOBDWhP3pmJKVxO1FmKwXfMhPW45bT7a8="}},"6yUqwPA9NXtlTiFmKkd5v4VpghlWX0haWcn63E5BcJM=":{"valueMac":{"type":"Buffer","data":"OMQBPwbh5SlUUa/3hcAeJSPnBH+lPph2tR9JCCR5KY8="}},"LIH0QYf5oqPsNxmzEvPRSB1JGALyemWzXgnykoz4rRY=":{"valueMac":{"type":"Buffer","data":"n7mQrYCnH5k/CBkYfxxAaH0k2JCWvkxJtCIYqRJdwyQ="}},"zLK5jWma29NN7/+HEUXZVrtRcwDFLdwQ5trLpZTmCSo=":{"valueMac":{"type":"Buffer","data":"Yva2sZ3C+RGtNcvT+DANZo5O/Zkacbkf0DoXrvZB2KQ="}},"9NPY+nGz0oxa1aPO5II5azuMW7gpRSkm1z52G5UiYK8=":{"valueMac":{"type":"Buffer","data":"WUB/mfI+FJKWrmlvqqNHCixs+RzSESyJsPse2SZr5So="}},"5OQVn5UuNIuJjyWv1RmkYKllV8Lu5vFwQGrEjvM3CU4=":{"valueMac":{"type":"Buffer","data":"AiIjfHd5Fa2qZaKb7uRgO6nNJNd1mLb/MCB30ZXFGp4="}},"ItQyRuh8woSoixEzJjHXLw1aiSqSF4R9R9c/oPla8qU=":{"valueMac":{"type":"Buffer","data":"OIdy0p7wU5KIU4Le4e6we/1md7U6xXz73ff9rN4/D6E="}},"n5a9mTEeF3lqW/c7ZKAGjpp66mu2k73EhuPBc+SzFbs=":{"valueMac":{"type":"Buffer","data":"fyKMWr9ZArx22VV5/FV9Y9W1HXJ4eJxg/sOW0OWgjR0="}},"+18l9aHnfCHEH7VccPTCX2amXfyitXpQ5aVAAWsiX4w=":{"valueMac":{"type":"Buffer","data":"WGAhZStHDOFvLtO9+1K/UxLTapOYC0eGVWPMp+ataWw="}},"28Q5VEKIieIuC4SsKxnqCBPPt5aH6HGoNAYY/fiYH9o=":{"valueMac":{"type":"Buffer","data":"3/gXL2WUx1hKfAn+Bd9lcH9hyFW5lra35V8fvLpBrWY="}},"TNj6yex/Ptt0w/kc71mAonTkaE1qF0ehtHcL2K9SYFI=":{"valueMac":{"type":"Buffer","data":"4gmOprKI+r6CuvchsxuENOcWXAJSPOSEK+P8SSAgNF4="}},"PgOtSxgMd/AjvePIiXDhBxRBFcDJCUIPsbsXo/uRDq4=":{"valueMac":{"type":"Buffer","data":"iT/GoBDfMmi9n8Sjm6Rrp86BTr7lMYtgqMD6XZX0k1U="}},"KEogPG5sJIXg65ItCmfsnHOZW5r3usrkalIgM44FTKA=":{"valueMac":{"type":"Buffer","data":"7RksyNkkPOdKIp+h9QqvAgVg8GI59QEXul3s+9mJNV8="}},"uSg9UZ0lODxR6cF3jhJKS55shsQlkL4rnZ7JYxI6fRc=":{"valueMac":{"type":"Buffer","data":"uiN0cKuNk2GQOcnLm6dyQ/4YsUaWo7fwHihzTUhaIRI="}},"wP5BXSknUs9L/xo55tEPaSsPid5vthPiJfB9R/jCgEk=":{"valueMac":{"type":"Buffer","data":"pe1AqEmHMXuHMHSb2DPqgIJLzhwYH4cRoxwhqITUFic="}},"gj6mm1oeSZMx4VHej18hjPKeen129No+EnQm1jf7nJI=":{"valueMac":{"type":"Buffer","data":"EqErdje0syqe5bbtNOma86fRDyg/lLZNw1T/NR2vKuw="}},"BVLk/AUAjEcuQfMSQzfwwtTjKeBynNRcDXVL9+81bzM=":{"valueMac":{"type":"Buffer","data":"RMxaIgArQeYgpZUpyW7fSnndZZFaQ2hw7JIa2eAvdDc="}},"1MXDtv2HZt/nLgHmTKVO2O2n/a1YXAI72UxiqrY+YcM=":{"valueMac":{"type":"Buffer","data":"/t5xVMWYRskcRTvWVEELB6cgOdmzqycq4VEJpRt6bVA="}},"2bZg/7q0iCahmgCpf18a7J8uv+D1cuRQPWrAjKrfNug=":{"valueMac":{"type":"Buffer","data":"t9D0AJSZGP7Ji6s0tj7miBcTtKiFOb8cOkvGajvRLMs="}},"MK8ul5/aH64jXc61/AzpVp1eJRJlHfMYTKc9cCllIF4=":{"valueMac":{"type":"Buffer","data":"VRCVbBBltBUIaXvPYdChV66+FvaX1nV7qK6wDbXzYpw="}},"FzL2xsk82PP5pK6Kn4K0brilv1jUL1AN/iwqgZQ6un4=":{"valueMac":{"type":"Buffer","data":"fvB13sDNKaSd6bLzd31ig+CcmnojKyON9zmtCRBmvy0="}},"+Nga8CPP8LJy9+OccJHq1QeCG9fyuVFurrVm7F0L660=":{"valueMac":{"type":"Buffer","data":"Ph0q3MvbI3gcbduEfyepFIuP1CyWu8xG2/tUi52bRl0="}},"hN/CcyX3f91BcFGntN7dham+sHMcWDMYaV3Zqz+S63Y=":{"valueMac":{"type":"Buffer","data":"YPpJpJSLmZoUNSH1HJYkwmjFLE1nNdJF6x70vwPZSjE="}},"93OsAsOlZ0nZwuaAm72r/YCDiRWtkjXrtkWVjW/VhO0=":{"valueMac":{"type":"Buffer","data":"SIc8/OMmqYCT5YUIwFnPtpMmeQTHd5ZOUkNpdgIuVB8="}},"WCL8T93rHjA4ZlEmMzbLMgxv38E4g2Kgod6FTTxi5NI=":{"valueMac":{"type":"Buffer","data":"8nUPWjtJdHpLs6HJoYwaIDjWaU5dA5D/TknNyvGBAfY="}},"MXpcEd7afEP62v0Ba/qRyxzZyadPf8u+tgv6gZanOyA=":{"valueMac":{"type":"Buffer","data":"9nZmm42Yh2Cvoyf+ejur4+YU1Pfk5SIKPfleXYPyTxo="}},"rwVwo2B8qDyT5vTeiiqwfBC9D81imVOWclBsFrSCClA=":{"valueMac":{"type":"Buffer","data":"RMGPYWh7+2YjlQveUdRpbxQt+iwrDW9AsdtIbI39rhM="}},"eU78klbDesS/Pg3yl4rjXIjdxyzgHiZfz9aNhyNiBss=":{"valueMac":{"type":"Buffer","data":"zN3W57I4DUsRVJYEz1I3xBGUk4ScEkk4oUP6XoPZZY4="}},"FervMygGwfEOVmwIWwuor0KtXthS6iwGf2QNjaJGYfg=":{"valueMac":{"type":"Buffer","data":"RNW9y6Bc7395/+NvndbCtYp7GfzbeKloUbKowBjX0ik="}},"if3jOb55Rxoz5eslx8vTPZxJxZFMd3iP5RGn/ibYObQ=":{"valueMac":{"type":"Buffer","data":"WdkcxDDV70xcBMRdX5d7mGQHGs1zaeID/FORFND8Tps="}},"DtQT4xSqzBnywaypaFFvyPGZjsGznwU8duNTmqfe/vs=":{"valueMac":{"type":"Buffer","data":"MFzlEez4i+Lsw5m1IGlSSRMeeih4K9ax+n2utKzn9iI="}},"iRdNrwSY7rhJTApKwgFyQwu3pkjjeJ3cRN0D/p/xf+4=":{"valueMac":{"type":"Buffer","data":"HIXY5w2DIPMHq2i1swF7hYWsPFExchcRonwUfo0f77Q="}},"i0/SgfHNp1tqCQQKKwSy5MZC8w+VXXqv4Q++09uVeJE=":{"valueMac":{"type":"Buffer","data":"BwAaCrRyhqjoCAhSfoiNAHkRMgvZDm7hiOUVLw8JaEU="}},"Pm/3j+DNLLjSY+e5EDiLDBuBo118EOVDlbKxKMYB/9I=":{"valueMac":{"type":"Buffer","data":"/SiZucKiZtxtT0Y2YXLlHwafu1MlGuXfoj0I8oH9Nug="}},"Gq7MBv+WuOCs5p2xLyEpUyhNH8wd4KzfSminMtpO77s=":{"valueMac":{"type":"Buffer","data":"MH/t2RPbuNEEfRZItEcfmMyoZVBavCJFeToMpPdbuR8="}},"9L4/sZmVCp3/Pf2KRh/IImV5cVtX5l/rrxht+wdRm2w=":{"valueMac":{"type":"Buffer","data":"zmxkeCsGK+9dFZlifiNzXVr7Zyj2e4Lka76orRve49g="}},"WZEGOt1QpcouW6n4KkreW1jt3BJ4WgGTGs/WFUyD8Z0=":{"valueMac":{"type":"Buffer","data":"99Lvbdt8Xna68FBDgqwYHxdCetdtCqjg4J9XYXioKaI="}},"i07iyuveuvpThZwKeZY7QADHl8VCWbAfVpYhv8HBWIw=":{"valueMac":{"type":"Buffer","data":"/CB/Pxp9EUwn2dPGhqtL2roqm9T3I+z8o17EbSvFUug="}},"jXTEKv9qd3jJ7D1JfY0XQa1D8jDRIqrUBOewNxr+aas=":{"valueMac":{"type":"Buffer","data":"ihTk1x1vf6P6Og+phID7lpKHh4UomN/F9T5+4I2rC4Q="}},"ZTf5+CgBJf6KccTwM6fWDFhLqJjn1KtZXHtvqlzywhI=":{"valueMac":{"type":"Buffer","data":"2OIqbJjywa/k6fqSsdIYOg5w+zJ/Rf08VvADBUBM1iY="}},"R4sGwgLdSNEnG21QSvMD4BCsINk6p2408Q9HYmeiSCM=":{"valueMac":{"type":"Buffer","data":"a5/QgLkp7JLt+UDHerY0l9HcU2OuAody7gdvnkNmuNI="}},"AX4hVbXUqd4iG3+LQU0feTqMYpKe0jIlClx5RtqLsMc=":{"valueMac":{"type":"Buffer","data":"rEmn6aZP28BIMyus5iPIwFQIMs3rMRQwVVtlqB9hfic="}},"6xdqi0vUWPwyaqePF3YG7UruUG+14p/PCCyWcjkP0v8=":{"valueMac":{"type":"Buffer","data":"8gFFINC8ptTs1u2g+CYsnzhfzo2uh/yK7gLXegAjW+E="}},"BMWabepRL8MDYn1sNj6Pkef5oLWbfmpkc8e5fQUVKl4=":{"valueMac":{"type":"Buffer","data":"6J3F520qENfK8k+iBLm9GKyzxzu8H5GQsgAD2KaOdyM="}},"dpMX9gasmvjfujfcYxxH72DcpcxAw1wyk8RuxeGBtfM=":{"valueMac":{"type":"Buffer","data":"9SE9hAda6H2bEu9b1HRSvWy+EWsDD6SRNpXDsy1ElPI="}},"1nV+hcjooC1pDKT5rQkphnzVwI2J+M7Ak6Ll//b5m90=":{"valueMac":{"type":"Buffer","data":"S9s+CjUFUYPmfsmZH4tCyfwiX7xL07107/lmUUzV8oo="}},"jUP/97jrGEG9vE15LVXt4L6+pvz7xAnnyLfF40mn4mc=":{"valueMac":{"type":"Buffer","data":"dUYMoZMQzWIxXI6NC2ikMGcndJfh+585Dfq2wwhvQwU="}},"bap8FRr9BkMe+63c0rvony5Tvla0Tk4LTinlnow2M40=":{"valueMac":{"type":"Buffer","data":"9Pqj/ZdngDROjij2vFE3tOPCnjDrWhZhxoJKEaxVN/I="}},"KOkBJ6rZwTlhvtdzPiR4LN063wLpuWtaq91jQOfPhxo=":{"valueMac":{"type":"Buffer","data":"E+1FaGzh7CtC2TAP7dSppufYsxAlHosNiPwEmXt2QRc="}},"X4/6Vem8e2ftKv4owSs4tD8S8MzPBWvlJfbe7n2ereE=":{"valueMac":{"type":"Buffer","data":"nK+yhmXA1HxLOhuNwRbzKvecW+VDmstb6+yujCyvWUo="}},"tVdaeiXxuNpkL9i/4TTUjcWedSjCIIBsxGPRo644yC4=":{"valueMac":{"type":"Buffer","data":"XRaxvQecwpfGP0e/fE+hrktzU1yTK3Cd1jxJem6df44="}},"WYBmWCf0PokiL/aQeeStgujBjGzHIVNl7cWrN1k841s=":{"valueMac":{"type":"Buffer","data":"rK4hGyrxoAmP7wfBUJbTpXNq+7hVt70M/iUelwF8rpY="}},"AFvHGD2k2OsW1sEnKjt99uyb/Abp1erFB9fuO02t8F4=":{"valueMac":{"type":"Buffer","data":"U+05Dtpql+lQGpTu2kbpWTKhm6xiIGSKbgsq1skxtSU="}},"wUk2aFQjcYBz3SThQRPgCs9zioEOw2nWBWwnK/hv3ds=":{"valueMac":{"type":"Buffer","data":"n/Pi+8tw2xA+/BMTjWLbPZuxY/foTCx61SqMH1QBFVU="}},"vQG3KBvleNQUv1hi4kC9+j2SBFLy9cX7SX2aiqJIkCw=":{"valueMac":{"type":"Buffer","data":"o+sqVI0/zugJoUZ3z52lLqlMXt0fUKwm7qVv4OuqGTg="}},"UY4uYfIJ47rGnTp9OP2yNqczDE0ITv4LdGo0f4a+daw=":{"valueMac":{"type":"Buffer","data":"IM0hpOk659z0WwEC+G2DOL76+w8pFURgscHl5h008vU="}},"Ko9Zz8doUsXCVYBHbyf0F2s8Z59eYhJLbgEGHnOMzVA=":{"valueMac":{"type":"Buffer","data":"vTvlpbeFrZO6+h0QWBsuPy6ItfzE8OIgYPo00ysq53w="}},"aD/MgUVY3AwnXsHZfdmtp+zmuZL/tkq7x3Jg2g3dMcQ=":{"valueMac":{"type":"Buffer","data":"Ihred3avA0rCx8rmGCcTA5Tngyj8hjwH1T6/CFv9mKE="}},"PO0L3jxklQOhN4SOQz/zpYafMPP82nZfMJdaf/SRFo0=":{"valueMac":{"type":"Buffer","data":"2WWel0VE7jkQKdrouya3XqBIFZr8DDckrldMWaoqu6A="}},"HdPcUdf8WDm5FmNHRipNwVFwcuyqhWJqyOcZIJHvzhY=":{"valueMac":{"type":"Buffer","data":"A1RqnQzpG1YC3MQSb/Hva1Q9XYxNY7XoPCVQbap2b6M="}},"qeipdM4ApS3REEgdGWL74w5KnwN7oYyGnQ66zlqbHqM=":{"valueMac":{"type":"Buffer","data":"akIUgqIWtaNp63QNiKKYOdXRpsAIMD+3IZMVT6woOGs="}},"O1I5tp3jT90VkJIXSMcXbw9COFfZiagnHNbbvt3/RN8=":{"valueMac":{"type":"Buffer","data":"Ildeh26Nx+K+AiCEK1nha/ADGYHXsKdt9O1zn9Npwps="}},"ez1TxojE9OmWPDr3hKa9a+P99LiyQq0Cq+HoMaY5pOk=":{"valueMac":{"type":"Buffer","data":"6q5viNwhkLfn86245Sj11I2/oGq2Zsswh/d9KReGs6o="}},"ns0/mRhGck6o5BcqTM5Fjcm2m8HPsOh9wvRRMsQrMIk=":{"valueMac":{"type":"Buffer","data":"AaOTNJayNZalT105/8TmCJIcEIyzPgCB4xYK/wU0Ja0="}},"gasVAVXw3qiyczSzuX0VqheJocvcrguo9YBWzWWP0y4=":{"valueMac":{"type":"Buffer","data":"Q46QiqpomlfTGMyu8T/yEo36jRHFLg/7kLzzBe23oKM="}},"MvHiNurQu4yd9gkSm/RdzaVrvMfhn8DeiRln2GRvQKM=":{"valueMac":{"type":"Buffer","data":"/Eem4jUrf4JNZlrCXXWdZcjLn9+U2i7L+6acq4d2EGc="}},"1Gn3p0hThHPydQ2+Yp6a7JzXBTyU+YMeSe2SR+mx/+Q=":{"valueMac":{"type":"Buffer","data":"V+ZlutpGx21s0725pOk/GeLqbTABucsbzsIfHLKlHEA="}},"1WI3cwdG4q04bVrgQtI/6s5WDIBxyhFLyg02oAbIODQ=":{"valueMac":{"type":"Buffer","data":"+hjgzMwLCJDQeYIU5jLm929vzHCKuKwDCuLJ+/bL484="}},"6RfGtZ2uHpsxZRywIF8HvMkA6aSdwsJT3iQ4BslQFGA=":{"valueMac":{"type":"Buffer","data":"zTP6IstStV33kcCBXmsQrxLRosKr5VFeb+gpeGGjinA="}},"zKwBS/9f5c5mTgfTsq2ka+1IPcIgMWCV/uHThQ5HTOM=":{"valueMac":{"type":"Buffer","data":"6I1DQ03FLYzq7OPQyeklc6kw0isk5QHyegImo91yQO8="}},"v3esrl4oQ5YG0VFy6svNw5+TF9WCjwemZmoV7eAyWhA=":{"valueMac":{"type":"Buffer","data":"AcrCfLHzGA+nhblxiEu3sZSoDM+SFqWUa+eWU9py28c="}},"gykvhC6O4z/PS9TS4683W4oPhyb6xKrUwOaS9glL1Vc=":{"valueMac":{"type":"Buffer","data":"gxHGNi5MeS0lQlikEdA97mWXZWoQmupkT4TcYZjNdJI="}},"zCJjKibT2fltl8z3d2UAbJcyCPbVq3j6vdbtTD8m8cY=":{"valueMac":{"type":"Buffer","data":"jsn/EWRc/cv7jNVdDhlxaUnHk9nIcuVl11Fphy1PUzI="}},"K5ATx7a1UIXQrBiLDxE9mk8JYlu7XmXDaAB1NYZtJKE=":{"valueMac":{"type":"Buffer","data":"hEv9ryg4mqx7hnCPG6DLqpDiduCw+AM0Md9LxEqZUXE="}},"EmBbplYKQmJEtOVMxq85kjd2QUXQOtCOoQR5kdbndAs=":{"valueMac":{"type":"Buffer","data":"/F0/HBqxl0CRIeW5XXNzsMp1I8nIwx87PIwBocoevag="}},"/AhHUQ1IhMbEBuC950fIhFIX0XpZpqrY+7vw4TSj9E4=":{"valueMac":{"type":"Buffer","data":"6tNZyIqO6xNFSLuSX48/Ztgetf2zVMWyT26BbZK71EE="}},"eivh9tmGsePyyB83WfK2jZujsybcFmNAsmjgMyp9w8o=":{"valueMac":{"type":"Buffer","data":"RqFeE8NjTEJmS1zYGlO0Uoaj8P/QvEoNkZl5iHF3roQ="}},"eqwWdsBjRkXwVFDelc2UUPLfZSvyLQdXTPNQ6aaJrJo=":{"valueMac":{"type":"Buffer","data":"+4nkrAH0J0VsA+iRcgvj+n3STuu8YZ/phhkzrD8skhE="}},"wyhtkDexxPqHhwdJM0gWu2Tf86rGPpwlZb6qGymYVv0=":{"valueMac":{"type":"Buffer","data":"wTYL7Inq08gLilf+CoS6sexWoovwWTvzD4LPq01nV6o="}},"Q/oq9CfqfXKO5ErOfJPO2fi0KEjm2WSTbUXdj/DSVEs=":{"valueMac":{"type":"Buffer","data":"vAmUh/DVp0j77NjE1zNcy7qk/0wnjn+aeKYjpvtNUro="}},"zrsLxo0+qqZ3DWqfNuvy4pofM8+/9WcwSxHLlPGgfXs=":{"valueMac":{"type":"Buffer","data":"6NuaRkPO5fKFlXgjjSXJ5YHIY2YZOSqhCTbK9TdZMuc="}},"238GM2UUpTzuCy9TBsTNBptKwKTuXsLbif/1GxNB7X8=":{"valueMac":{"type":"Buffer","data":"ku0swtoEWpZg+6736p5SFu+ouIKWI3sQ2YhaUyWXkss="}},"RQAlqSGvny/ZnFnlJx2JyXQuw0fe2bkuclwj3hyPBwc=":{"valueMac":{"type":"Buffer","data":"s+7sMiRVwQpveV7mZRdPFpoGSqkDSKmKmHoDTuOgZ/4="}},"APun2r9fxrVKs2ssbC/hbdou3XBJKujFoC0QbHeJsN8=":{"valueMac":{"type":"Buffer","data":"G7miAFH5uUP+p1LfCiL81O4MYn6ns9upDFPYEX1kTIU="}},"lbkNCsYfd3GMvVyOQhEJv6zrzSgZBbk3zTzrCTVSQU8=":{"valueMac":{"type":"Buffer","data":"QNRODk6s32dGnfyCQLigYJC++kiFsAbn1Ed6n/yk2t8="}},"hYAY34NT9e8X6y/pWd1Zfpw/HzqKf6cvu+4hgv5/7wI=":{"valueMac":{"type":"Buffer","data":"EicXHlSfGmKOyko2KQ3wHKten9/kAoujNLVrEtt2/IM="}},"ZTHvMdIuczLQ6vY9UqRFlHbnE0XCN26bna5/AcOmPKY=":{"valueMac":{"type":"Buffer","data":"mumZCYwIjpkaowemdAmddWTe2MaxdovHVJj52V1jRGs="}},"gNpl4JFs5yQzjfDGDZHnEekVl10UUlI8MV+wwES4pNw=":{"valueMac":{"type":"Buffer","data":"5E0nCCKy52rQ1cHqAeGgtfRwsVI93GikvdqriePCkaQ="}},"6J7c4jJ9Z1HllNv20bKgD2zXfDbwvSffHDoorc2/+2M=":{"valueMac":{"type":"Buffer","data":"ozp82okPa144MNYdlaKgC6iknLZrVLEkQ1MkUK3ROk0="}},"dQKL7a2j/5KFUBNwVYb506tN3glUsIpcjydYx6a9vXk=":{"valueMac":{"type":"Buffer","data":"fx/cwXAXNXhnXtyVxIMg1kHJsR4BxdQ9aDEzmfh1TXE="}},"8LjQOdGYMIfrkgjqkRW/Di90hAGHkMcQxu8yhFzA6Ss=":{"valueMac":{"type":"Buffer","data":"kDn2LdogILVSQyXIdMnD2nI9PKJSUlxwUm6CLmvi+EA="}},"MVDNW5omsErBezXdnncv8rhYmfaa5aCTNIvNwCKY/tk=":{"valueMac":{"type":"Buffer","data":"iZDbGDw0hxfcHXQ6VYVEWyvS6EbDO3YkoZzbuEhAMvk="}},"q1LxEtbwo/ZE0864BaC24ZdIehxvsNb0by5rQBnB9/I=":{"valueMac":{"type":"Buffer","data":"R5LaqgT/ERok5jQrhFuJ0Pb79yZF6p9YYYX1znEr8Qo="}},"bfXE2zv/JViWAJJkM1mUL5iVI+J4wG3o9STGK7gs0hA=":{"valueMac":{"type":"Buffer","data":"Rd1xLnHh2Squ4SFw1vsoBf4EsKKXWA/zi/GrzE9TTiw="}},"UGYbx6WzsAVm/qxMICQKJyVZu/lDSK3rWBAONsE9Gbw=":{"valueMac":{"type":"Buffer","data":"Urdd4JgN+yvtfNP2UlLxoFY1CsctNchyZ2ZbB2Jtj5w="}},"Fh14z+cswrorzWXbhOyoblq0UrXCN1xjI69vJEI230c=":{"valueMac":{"type":"Buffer","data":"Un43FKBBFVDsJwmoXth3uJn76pdVX4AF4KcsPkr3ZZo="}},"fiizKUO7Qb0ZeGiqHOfFUccEw+4/1BNJ6grQjZBxJb8=":{"valueMac":{"type":"Buffer","data":"rCeCGYhr0R+NBSTDe9cuHUZQDywDIQGoKFqers8fJI4="}},"M3ABshGZiOA0Iwoylgt0YjecdrGuVXcYrdPNKKL3XQQ=":{"valueMac":{"type":"Buffer","data":"Uh9L2Ttn15KpfqgxQPw5mkR/AESR2eQn7tDXqCpN82Y="}},"K42KFCZjSm+RraqPUNZcdOFbFf1dtY+bHXDsirW3yz4=":{"valueMac":{"type":"Buffer","data":"mQKuewaWGpFwVt5yPXKuN/AAtoRI2Qoqe5iF7TeAwZY="}},"Kzd6GyG4Fy3PE08VnRrFAzrC1xsTWgX4ABPtoG6fneo=":{"valueMac":{"type":"Buffer","data":"iT1mCIGKKfLy+S+Cc5/FdeP1IqLvLGI3PhsfNdbuGyI="}},"Dzu21tqYwBPApf8ckwM0Xfq5eflJqkQUsyuf2vKgI1Y=":{"valueMac":{"type":"Buffer","data":"e/L4ZDGE9hzsLEp9q0XCjjmmG3ibpy7DYULunYE2BPo="}},"xQDh+NIWCUU69ys519Uq47hZzr1bcoloJJ2BSxd74eI=":{"valueMac":{"type":"Buffer","data":"/lxJLlxjVpW85rOra9tWQb+AniCK+u4twyySPkrW35E="}},"5w+sAKf+RUiZKOpBoQA0R0jkqTilzb97XflyIZKnafQ=":{"valueMac":{"type":"Buffer","data":"oCx/0k5dVJfSqvsDyyMT5fiPgsQzuQo1eTjanK5bJYg="}},"g6xobgue5r+Cjy9APt4CTd4ioO0nMLAUb8Sfg37h6Cg=":{"valueMac":{"type":"Buffer","data":"iBv2pdvVoztdfa35e0hHbSBR9YruDSaJ9QarP8tM9vI="}},"Zeyz73+kZclOaP2E4rfQu+NVQeLnQJOvtgZxyzKejLs=":{"valueMac":{"type":"Buffer","data":"KIroJQn95WIlpW6ejaTQ2uIPjYAj+bOhOfu0+ZMIY04="}},"M/LRq329NodL0Q8TATCOCnI1WVbt2HYWTFW8uE/zExI=":{"valueMac":{"type":"Buffer","data":"G9T5bsnzVWxgJUlOyBCphQkuMMAcfF4jR8eeJ2ZYsFE="}},"gdKxe6mRpKOgpHnOZFf7DCDYaDC/TGtScVEnkswoDFI=":{"valueMac":{"type":"Buffer","data":"m+9vUtrjIyDLeENZvEAeMRffLUJxHB6Bt6qHzvZsutw="}},"yiT7HV7BHwCqPZfBQIT0rmpPexaNhMgUrKbPRxmGlHs=":{"valueMac":{"type":"Buffer","data":"vkdiy+ul5A60ROjuNuZlwIlunJTwoTyJ3Avg3jU1lnE="}},"cftv06npEyJsrhv31hscRsOPIslbf63VBNhRjGdJ9lg=":{"valueMac":{"type":"Buffer","data":"Dsz8vkqd7LiH/Y+lRKoK810qaMvI1EBTvz28sb/3Sag="}},"mZRBpgc/nQV1rrU5iKt9u8sG688CL3qqQ7rhn8e4/A8=":{"valueMac":{"type":"Buffer","data":"/k9JtRl3+RH4D7QfV7y+4+rNmTjwm82NecO1D60E1PM="}},"6CV1/Igir/O/xxEkKSk+naZvliaT5AgGPN8MBdtd9ik=":{"valueMac":{"type":"Buffer","data":"6g0CttGUDingaVI59tNLxiT7MR5q6ac3kWl86EIpChw="}},"UkH87fC4FZwj1Cn6YvcMgDLOsgPjlJ0J6Hly7PqpEhU=":{"valueMac":{"type":"Buffer","data":"g8mERgef3Z3LgpEuKW3GuiiVTW9rPU84XD0BUgAgXtc="}},"nttvJqAWETkvWdRF7USfq6IxV0V51JUNJraV+OBR7Wg=":{"valueMac":{"type":"Buffer","data":"FYAmlaDcKZ6c1x5LW/bpepruKQH3Th8SbbITLp7O6PU="}},"GctiL9X2YaIWCvAOM9/SENm8+eOimnGdMNaPzcQHoE0=":{"valueMac":{"type":"Buffer","data":"v33htoyjVWDmHiSpaf5MLQzX6t2e/K5VXU9Jzkd/FgE="}},"j3zZTP/3A5bWcyO6xz+P8U4Lk+i5v3pNreNNnHhZ+hE=":{"valueMac":{"type":"Buffer","data":"2ff/wJDcxO+my97+51/J4TWxAiglTFPHtp1Es/c8Jls="}},"L7FhRKZ7OZ4JvIGWpNN1Xo+r3A2eLJIezMGrCoXj2qA=":{"valueMac":{"type":"Buffer","data":"UnC9p8r4I3AUQNuOBdo9R2Tpor2AtbvRyOaL4006ZZw="}},"OrkKf+Y/eS4KfDqKzbXGvV00OZgT/dEdy98q/0PnZwc=":{"valueMac":{"type":"Buffer","data":"k0UN+9ZIaSIsi9Qw9CeuB5L5nkqr9R5h4oWCDfUU3RU="}},"ADliZwmHTtlLlUCCCMLMFu5r4EtAFh8UPcafvP3AHUQ=":{"valueMac":{"type":"Buffer","data":"ENtjN4fCuMeaHYeabNAZHJIElfZz/kDqR0vJLgP6J+U="}},"wxEeOQinbbhuVHXBZGhm0GXsvmu9peNUMiBEVCuVXFw=":{"valueMac":{"type":"Buffer","data":"cvfnyFVPW0hoGW6AhKk9UnpDO2Vgkyxx3T137CTzzUg="}},"idH2cAma87DyGUDloTf1CxICFhP2+CQmKB8UH0cvsCs=":{"valueMac":{"type":"Buffer","data":"8boYiBFbN+68qP1M55UU/YeASfwuQ+iEKnhSLIH07HU="}},"m5v9DhpJ2KIHD4KcVUZlJWgVUdH/p6gao0qhuK0M5Eo=":{"valueMac":{"type":"Buffer","data":"apSc1UzkzJbhYDGTnhDHsPqTcDHE6kTxFrkQIkUgNN4="}},"HxMP/oueMwEpDLj6eTQwZ7sAYqPhZyp51UpF6VaQ9lI=":{"valueMac":{"type":"Buffer","data":"BXagQ58FAIvb78M+DD0ONBs/LwaKl0tbS/JjvOFsqvw="}},"z4u+EMybI23NBglBY7CRGNDR4I/mOWUMKWFl3DUSgZ8=":{"valueMac":{"type":"Buffer","data":"3pt+PxUsEqOVztKxu0tAf8IIn5fADl4zRe7NmGWEeyA="}},"VHF6GBNbXoymbXDhP5jH9u4Vp5aD3pBEsE92c8wqVKU=":{"valueMac":{"type":"Buffer","data":"8KpGuBYVqzha6V7lmS3Ll4Y6JYXW0JAQE9bG0MXehkU="}},"+zVqqpooFgIremJdmUTaDXsjsK7FnjcnpsWxUGh2ShA=":{"valueMac":{"type":"Buffer","data":"sRyozlPT2ZLFm4Mt0ajvidwIeOHg48F9f15c3sfem7k="}},"/z3jfvwtEGTl5ESyF7TfcxakXCVBwA70qJ6hvoq4sVI=":{"valueMac":{"type":"Buffer","data":"lxLzksrwuEQmMLiVOah0oDWeYdSFIG9nb3CIVSv32DE="}},"uLmvadIj5esreSDD2lK69+blAWXRSZeiziGQsOcXye8=":{"valueMac":{"type":"Buffer","data":"Q7wnMwy1qjF6N9QA3ZtkkJz4nplry44PZv6IdCc7kvs="}},"0YhTRiyc5TPYd4yArTzvgVVLcdNdb9H4rSVpZji5Nrc=":{"valueMac":{"type":"Buffer","data":"gM6syUVI2ekFWi3XKV2d78LED0DT+fqEXABXffULYns="}},"wU4aMeEjVVdHdh4xdQ5Lcf8lUW9+OBg/Uv7oCQYL7Uk=":{"valueMac":{"type":"Buffer","data":"avWVZK06pCYbDgfr9RzAe8eNVVxw3EbOI392XnpMCKs="}},"zeoTdUpYi8v/h9nkgiWY7Z2Y4h38WVmK8xqVq4lpsCw=":{"valueMac":{"type":"Buffer","data":"bOxgBB1GteQW2ibSrVktb6/PaYVk1VXKBoBqo3PlPAc="}},"xSeisvbv0oirPCZ+oqtl4sNCYcTzEF5xGYNaGSdy9q4=":{"valueMac":{"type":"Buffer","data":"lW1hx19YOCiPFykGo10g35j08VolF7RWyLEDi4oB6hA="}},"ZxEpoDXMPZEBeQV+qG3QER7pX4OhN5amkwJxZq1QCiM=":{"valueMac":{"type":"Buffer","data":"CIzbm4BwUFKjsK3LH37X2b9ysEGcwsWYKmnSchdnlRg="}},"LXHnQSoaQtuNhPEQvd3Sgg1bPvKxXGXfS32W6VH5buQ=":{"valueMac":{"type":"Buffer","data":"DEASdnSBcW/dWOZvkv9g8gpXzLM9jMSpwloVlT+8ipA="}},"kKOLTkrVfzTS8Wh8ySxxOulbk98FAWRrqY1SnlvZkFA=":{"valueMac":{"type":"Buffer","data":"90AqridvOVuIwYX6xU7zpwwnaHYTlbxMR53XK1/tjfY="}},"hqqkYPBKDDxc+oiMBUeyhTm1rUzvzeVAq75CgOxo2Xk=":{"valueMac":{"type":"Buffer","data":"cvU6gslsRjBce1pESFXrSSf5dUBfNkdOjOYQmuiV4eY="}},"lrWgIyYNMwufkaSnwvrT193E3nPCOLrAbpuzcPfyCy0=":{"valueMac":{"type":"Buffer","data":"/9Kr0edD89xs2r7nBfG/CVbTeCDC5B12dvELQEwAOYk="}},"cr4h9C+gAhdowLbvq5SmjpISOD86u+65hNZ78Zy7fuk=":{"valueMac":{"type":"Buffer","data":"I5v4wwxLUUCrwasNZPku9GOr1cI/eiF8PdOOaqTR7Lw="}},"PWyN//cgMZ+Z37gaqAk2aHUKFjbOOZFTBEh40efiAg0=":{"valueMac":{"type":"Buffer","data":"GVEPG7OeDDjef0CNtfSk4lzvdYfMIzmdBkw0W2szE7k="}},"h4sEG8tR0ptTzsT8xR7Sjpu9Bg5FVn2GJFA7kAkgWVY=":{"valueMac":{"type":"Buffer","data":"mKPoIxD1V34RL/MV0aQup211hPFs70hRE5EpkrrjcRk="}},"4qz8t3Z5kVsbbUt5yJPemNUsQqP38y6p/Cd8XVTDZSQ=":{"valueMac":{"type":"Buffer","data":"XAoAwURXsumHs3jDpdU9fTfuxbSDfEXgNfWMoKBCMSE="}},"C2oSI1D8JGo08jsnpyyvXBBT95s6qRLqKD/Jk+7fUnY=":{"valueMac":{"type":"Buffer","data":"GuXx8d0rCk95SQW5hx40u7hKTCMLMFflS35BxI9lyiU="}},"4sVnXFISZp6tRix3LmF0MoWDEYccEh0XsXHf0L62DkY=":{"valueMac":{"type":"Buffer","data":"6AQQai2fVFoHl4WYSInXps/SWJceNg3GKrDBz8P+cYg="}},"9NXZEC7QuMt+SRWGhuyrgUE7MiBkZVBrHylJD3yYQHY=":{"valueMac":{"type":"Buffer","data":"iCMz2ZV1Nlic8hHeUcxZIW8uT7tPR01m74NcY2K+xZE="}},"J8hY2yC4sk7WVdvoc3xyN0rEjKOYtQAGCw4Uw1/cmGs=":{"valueMac":{"type":"Buffer","data":"zfqnJol6bK70AGJTW5CK+0VFAeU0/RFxkjYb8v6408w="}},"/Lb0CH5BMmkscDwSHrh9TnTKMiZTTvz8QnRhg1D6VMM=":{"valueMac":{"type":"Buffer","data":"1K7Dt/JMAiBJtGL/aWYFv7NAxirVp8kQYVq3729hxoE="}},"JZL0Eg7JvVjDrfskEg/4nv6jqwzqlYovpTcJHG83WSQ=":{"valueMac":{"type":"Buffer","data":"JLTtJTDmpjxy/2kB1516GakX7oVQlEC/hiTPcWxsBuk="}},"nw3sszc35P8BuMDh5pykOD54GFu5csCq+e+fFkxG94c=":{"valueMac":{"type":"Buffer","data":"JlLTKFv5shGv1S/E9LmKXqpNiF7aUMCdM+1V40SLfdk="}},"c10FSyKNBIVNQk7IpHQ9oWTnmBlotom/idKdsK8SC0w=":{"valueMac":{"type":"Buffer","data":"EPB4BJ4K5lF+hGYv7G5FGxViRhnGpULIUophfxbY/0U="}},"ZcKGcEJM0P4rxanIMJz8GmvvvLKDiTX85tR8riZnUts=":{"valueMac":{"type":"Buffer","data":"+6rV+9dwC1I4B/jvYqL2QuW9glKgZ4RzVYgOVnuQA5I="}},"Bg3YEFN/B9/jgt5rT9FtWxXMAaRwnN+ag4rL/N+Q3I4=":{"valueMac":{"type":"Buffer","data":"Zf01EM45TS0mWuYo5bfJ+/NIF2EF9Tc/HF+rSbfn548="}},"aOpfBcIvaM9RqpaS+/GNE23gfrMBmSGlcketiIeV7+I=":{"valueMac":{"type":"Buffer","data":"AeOe3PGzRNGRfFp0U79gd/fImCftC7tL/beZvoq37cw="}},"wmn6WsclOgWp8lQiSpk5MkLa0xFDpVYXww9x4RGTHVE=":{"valueMac":{"type":"Buffer","data":"DbHPwvR2fU5/6p7SSDPX2d53mISxrXHh+n2WeSH1AC0="}},"yvJ3KO3APFEj8dPlf195E90rZvwYlGtPi7hvtl5LLFk=":{"valueMac":{"type":"Buffer","data":"M8kBkOJA3W9VNMk68twoqbb9UnQApa9o6w64ct/buHU="}},"7j2S//6v6XYdKpCrE5bWr9iBEfDpMw/6WMJCkRN17kk=":{"valueMac":{"type":"Buffer","data":"ILQxfnkFqbbiYd3CeKedmsh+s+I0V4XpoEIkQ9LEEzY="}},"C2QXhCKbvCczh9SFI8q0mzRo/0QoWw5DLUh0Nof4Dok=":{"valueMac":{"type":"Buffer","data":"BpVJQ1cKIQX9lFQeRv3WzxqP6A1aab9UIRKsQkAi48g="}},"9rZu7hKgyta0AQ5pe10QqMR2HNSOMExhWh01rJS75UY=":{"valueMac":{"type":"Buffer","data":"EiDFpGOB6nLlv3aXnB4O9d772DBk1dZU1Jukvz5ibAc="}},"ECob6tjcwYktx9UxKZpcEIA7FstVJ48+oFunSJV6Op0=":{"valueMac":{"type":"Buffer","data":"uUWF+wifyaK7Vzg3HF9GBSzaWtPs4cNGzRIsOFFJ4pY="}},"7AbUN4Cu3r4E2BBiaSOqo7MuvwfpAcNs+iLcwoK5du4=":{"valueMac":{"type":"Buffer","data":"19wZDuVgMj9caqA9b5pL9zw0UO38dSuvQV8bsf35hgQ="}},"gPJDsD/o1bptbLGmT1BaOqr/C+VfBqbEbN0AV2UioZI=":{"valueMac":{"type":"Buffer","data":"89xhqIGjvlI1oiAESvrCXeoXftBv12eSaes5ILt3tE4="}},"svUmU/4GLiMlp/SYoKVJav14C9/b80U5e1oxmeOjm8M=":{"valueMac":{"type":"Buffer","data":"ITI9k31M0bDViJwD+W5Dq2koLDHMRLP3HKbBBVX9rTg="}},"rC0w7CLb0Tbuoj0qq4iPKLn3lqEee/4DWi2EZKdWCA4=":{"valueMac":{"type":"Buffer","data":"CfufucWDStYooFIFYD7/YKtsqlLmFhrNHBv3O9mzAHw="}},"XB4eLZT2pm3AW9/cqRL6/2mjbiBLKHQ8NcPk0XGXvbY=":{"valueMac":{"type":"Buffer","data":"cUP3XqzBqVst7RUN6F42TJuAUZemLt/9ORqWEddS38o="}},"8Dea1kB3h6zjz2lg1/V62V8d2+ya+yiUFmrY9HBZk4o=":{"valueMac":{"type":"Buffer","data":"Wf5qubxcGOY4GcO7/BIEaVwf6S+PWGOXQuibBrudNUQ="}},"/WGPDAM6jFlDgcKi0DRHacZ7m6ZowDP037eyzud3Jao=":{"valueMac":{"type":"Buffer","data":"PL0A+GMSuIL8ec8UWzx6NMpsaAz4NW8CloF34ZRxJ50="}},"g0Bl/4CYSB5nabTUXc+lBomn2T7aX5geiWrMz95gn/I=":{"valueMac":{"type":"Buffer","data":"TwzUCilViY510ngcJSzGnMn9z5oNrwx8DCnRmrcg4hs="}},"dVoHrwDzFvjQm6cAyJaY/nPsBgIivggGktGez22sq3s=":{"valueMac":{"type":"Buffer","data":"q4rN4/IfqlFmXhzMI5XH4lw6a4+QVhpOcPqBeHQdXCg="}},"TM67dbzUQAkLwGPRIges7/hKZyAdr3v24sFFZ1aAVcc=":{"valueMac":{"type":"Buffer","data":"AuxqK9VkSUKkjEeoCJFuS9999TYr8cDjTAF+shPB0VM="}},"SQLogHS0jmsXRW/FWZXhY/RL92j04WUo81vFrUAOK/4=":{"valueMac":{"type":"Buffer","data":"58CCjqOrzvlIW2DCq37U9wnZAiRGKaqh/HoxnUrOxqY="}},"MpLP8sv4KzMbpVqM/IxfsOb6WTucVJyE5mgH0xVcZv0=":{"valueMac":{"type":"Buffer","data":"Q96DSs/pOZTiJ8q9ClpotpolFe/e25st2URKZfSZhlo="}},"wLIlD2TIPZgjZsKgAb4xVDI2sc9mAD4UQ7pyVan344o=":{"valueMac":{"type":"Buffer","data":"vAKnkIPX06pTMYwfFVHvVHznHaNCWhd1aIwcTssW6pU="}},"FefWm1xkugHb5vThZjZ1M2JL/VSVO22yu12OkumWLOM=":{"valueMac":{"type":"Buffer","data":"QEqzF72HlAZH+GcChE2hwsKOmDyQmj269yLzbOJlUNU="}},"1x0gZcOg+1DojBWQ+idJIL1rOKuuOQCrIzzOsnpYitk=":{"valueMac":{"type":"Buffer","data":"pQQzcoVJQ8cTCi6UgTCAkgi3VOu3fh+8a6rMTIP39Ns="}},"Ktl1sz+u1vaLZtk3FAjSIaY9Ts+GUz3HmGeOXu3Qnzk=":{"valueMac":{"type":"Buffer","data":"59tteJj7iMLuOEq2+J/4JQxJOfel87S/mWqQQMkZJS8="}},"qKJOspQX/9yPJ52LBb3e2rKX5xn4o711nE3KkMQR96k=":{"valueMac":{"type":"Buffer","data":"h7822taCbJ9SVJ0vRtALDOy3/mkQwCCRnOKlxi4BIeg="}},"PtfoqrpIk5vIckd2udIE5bhM3tf6qmAlIh5SyA4zUX0=":{"valueMac":{"type":"Buffer","data":"E3jnY79ynManrhKzd6Bp+l0D8C3a6czVnc5xykClLk0="}},"KlIUSvIbvdCKBxdJQDuMi5SdVyjJe3MljwUeoSOTdYs=":{"valueMac":{"type":"Buffer","data":"4HGVfsuqNg6jSGoQH2gKLay+VBl9LxpRYcpZVetXYBw="}},"SVeQ8dbTwxhrxy6QYLP1LVldLV0VriL4l+Lf3ovq9ws=":{"valueMac":{"type":"Buffer","data":"Jfv0BNzTnPxyjjBi37opb47rjIcrxMiPKNVdd82C0Pw="}}}}