{"version":6,"hash":{"type":"Buffer","data":"FtYqw92xJ+onNRbB306F7DCDHd39jS7JGc58WYJ6DaGiqGswx/41ZBm03XP89lsqp0KwI8PH+XLtWIWOAYedqTK5PzoZVJ9qwQ6nEvIBy5aGyokOe/N5ocx1lDJWAyOWFyV4l/TGkLuH8m8mOEv7DGeDPEk7f1mX8gNKeDOf2Yo="},"indexValueMap":{"DpHrLlYbVXfDds072gCWwbArfB3ay5GXKxkfOuxuDMw=":{"valueMac":{"type":"Buffer","data":"x7WqPwG3gz5b4AdT+tBlBqz0/vVmPdW4G8BggvDu700="}},"+JY5sKQy4IfI+qIWzK2Tz5ds0zsX5ze0KCZTt3GX8Mg=":{"valueMac":{"type":"Buffer","data":"ju6Eu73pYL8C9U683/TvF2Js7P9p2GaNYJ81/POi2A0="}},"ebmYsFawd/PBhTsEg/64mE1iKBf8KlQmygvkDL0Afuc=":{"valueMac":{"type":"Buffer","data":"1o7hBP3i7r5hUxvf6H3u/Us0zK/vu23W6gLpXxhK324="}},"cBlBR6h9P7kk8TtDnnBtr3PIbX8h2pHr7izcDWxiyGo=":{"valueMac":{"type":"Buffer","data":"6e9ULGK15N6ijJE/biTX4UEecDHD9JXpbScXDuKvWYE="}},"0Zn0gd/tNEKOy2SPoQPIhz++v7OmeSNukgMPsECxNgY=":{"valueMac":{"type":"Buffer","data":"UxISoZ5S9TEfeJ7SQ1yhkM9etgH0NQaYCt2MopYmNXc="}},"e41mpP9uUPdMX+adACl/5p8jGx4OE9mMqVEggUBB19U=":{"valueMac":{"type":"Buffer","data":"pXgbZ/JXzxm3VB7/GnHgeaIr63Ybrekxma21Wgn3eD8="}},"NLtHn9zGZHPzZB8KNy42ryqTno8MoTH9QN4RT7gARmA=":{"valueMac":{"type":"Buffer","data":"+eP5AEUsaSA/vHuhn4H3IZYi+SAB+hYXILQxfMG0g00="}},"0O0NAHRXgC7vpMiCJmLMF54cxbva3ixuhY6npK1ePTY=":{"valueMac":{"type":"Buffer","data":"1U/lI2osWey869e6JurrmWEPAHG+FdpAhas+qdtbUDo="}},"ELVRSRz+/+TY8g4hQByWw3tAi+XMO6ISFuM/yWv24WM=":{"valueMac":{"type":"Buffer","data":"lloSpQ5YViMiG12nSqPRceHfFO00iloReDks5pIXBII="}},"wy2cw5Z90R7PJhGa8iKPOxQ+dN+B0wwGffumJe+E3nA=":{"valueMac":{"type":"Buffer","data":"UqupfRNGo52qiRLGBctSXPiUgg94y80u56OCQB/IYzw="}},"xXeCxJLqxR9cQk6wRPjD01dWnbHr73Hb8tfT/IohsL4=":{"valueMac":{"type":"Buffer","data":"pbG6rQuzeTi2s77zhCkJXlTeU5qzklfAkMDsoTPCSrM="}},"e9OdG+pf8MtdJtXPQxOqEPI62jOQ1Glz2cr3Uvc8ZPE=":{"valueMac":{"type":"Buffer","data":"6AnPTfmYhEiiWCi9AIRt8cYJYKKRhatSbm23MKnZ3Lk="}},"GRkiDTI3yonN+OW0fnBRp37ypUGaSmeVLqz4IvGL9w0=":{"valueMac":{"type":"Buffer","data":"T7aDJxBCuCOdIEz5GVY0sVuRJlQ8qPddb5aFvszz520="}},"hKueuPH/KhPRTiPEjrzObcIkaBMqMsqbFN8uGbpXb+8=":{"valueMac":{"type":"Buffer","data":"ZM7iJlyMi1z8J1H2QlPwsWxt3yXvz7JuxPzL5p2va8s="}},"ik1UObTpD+7qZLMlWL+Vl/0zgD7oOc18wFKT9Uthywo=":{"valueMac":{"type":"Buffer","data":"75Si2xPD/rjVnFN3L27wj7734ESmPDIraHb0UaX/FN4="}},"fc/IbOgjQVTx417BBu8QOMN2fRiI7g0n0DvdGRpAgsU=":{"valueMac":{"type":"Buffer","data":"K2Fd6tg87CnT25iFTo8ANnaBnP6FRLxJ+zV/LA4NpHI="}},"ihVpyK6uskfiLOkMLIFLWg8nTqfcSvSHYp1oE+5sx5g=":{"valueMac":{"type":"Buffer","data":"60SRpYG7UgPmftpbbBexlPO9uzpoj5eog5TwnKkR6NY="}}}}