{"version":3,"hash":{"type":"Buffer","data":"DJIkTJbgQHMeINVec4Vcu57jgx3ug1/owc0NM/yBO7qPlkrQEwlOPUqq1UglWQD9bqmeWe21AL3PgLuAQf2MfguY5EoAcgpCldIobXP7UpUcc+5Mfh2o8A8DihmjH0ZsA55RdTYphlmbWr110OX2cja+XnbvwU1Eb5S1UhLz7Gs="},"indexValueMap":{"Ac1ksxc6t/cQ19FLJ9lqXjaBJNx6G4eWDbyQyRdLI9Y=":{"valueMac":{"type":"Buffer","data":"GT8+xEamnCuOwMBoWau57gBiAMGrOozgueZiq3EyjWQ="}},"N9oYhxBmqvyrUY5y54I6++wdoV2fyTgu2D8OO7eml/c=":{"valueMac":{"type":"Buffer","data":"4MGc0T33bUGeAD0arTXGvWrNQKnj5reIdHasWmOzzJ8="}},"asxZoiyHMUOqjuMmoPtKB8C9BL4dNaiv6omXpPhq9QM=":{"valueMac":{"type":"Buffer","data":"YqlxyfUMLkJEhGpNG6HZ9PjksX3zI8Q1JPoGET4Lzv4="}},"n5GH50yOodbFi4VIFZ/1bGyWgfKvqDE1iJc2TEtRf54=":{"valueMac":{"type":"Buffer","data":"gs9vTdWdUfxxaWpw9SAKKuf/08fUYSSNnx/UBQaZlWA="}},"UelKDYYTpZ6w56YlFgdAkO6fK+lQGDIQ/EP8Dznb6U0=":{"valueMac":{"type":"Buffer","data":"pIJOkzrbRJjkN/x8AcxpDcIlgEaKaNeU7McUKIIjwYs="}},"9ZQuE3C2oEnAN1Xs1K5gnePbdSR03n42Ho3UTE/pbbs=":{"valueMac":{"type":"Buffer","data":"58c7hmVzJEQz+KyaEj4EiKC5+XM0paX8athR5U+pPQQ="}},"nw1cMQMI62ogri4NK1Ydcb1LA2AniYS49QhYjkh+hrU=":{"valueMac":{"type":"Buffer","data":"gS0sOBtqbIZiiv3tClEKndrYiu8UYrY8+vB4FIcpQkE="}},"FHvLRU1LsWMDMaS9Jt1UKmia6mY4MRks6plU07JR69M=":{"valueMac":{"type":"Buffer","data":"oM3s7dr851QxWx4ztIpSpausaWQmYninM6VO6FD+w6Q="}},"MQiTSFyRbvrMMmzfjnj9hk++ZLfMZATu2QW5GOjOkzk=":{"valueMac":{"type":"Buffer","data":"ekN9Nz8W0zkigV31oz0YdWnSXZfPnOwXDJKGRTlZMok="}},"faDsAgKOnBFyqw4+42If66EmGfMP+t9hdlsgMfIvGeY=":{"valueMac":{"type":"Buffer","data":"pPPg8V81dsIucAAyTD72igWM0uSfNab7+GgsMKBelzY="}},"9G/ivX66YyU3zViGwx31FoNy1hw2bkHaurA5Mb+fetU=":{"valueMac":{"type":"Buffer","data":"/hTtNs+HomilEQaFwudnFr2hyMaYu0Nxy7/PRaJlGDk="}},"QrFL63cbWlICE5GzLZAECSTonbjUwYAHaHzswmgD/Tk=":{"valueMac":{"type":"Buffer","data":"DZD0laAfAMOJoJlN9n6d2enkunT4X0uCXh2G1FHqdoA="}},"gs5JvkEsM1w+Oqbd7j/lTDmGzf6HcszKTJ7O+YweY94=":{"valueMac":{"type":"Buffer","data":"R7f4HqpdqGwI3McRqn8eFty6/TDrGOY0T4fCWaN/7HE="}},"H6lByIbKlCqOUNJSIMY5XqwYQOQCgKH1+5YJkGZUztY=":{"valueMac":{"type":"Buffer","data":"1BtaV2kuk+YCGAp/WL0dxFqXm6I7nTQqF3N3bNRGvIk="}},"uxc0ifCSYN6mv7MVqD0e/wd/hEhzKT459KGbJRLP/U8=":{"valueMac":{"type":"Buffer","data":"2yqlrqslG/K5pxDlVr56WDV6eKSs4BcZGhAalxYwStw="}},"rpiHqAbCHotTksfEQ5T65R1/KoEagkiT23KbCBs88d4=":{"valueMac":{"type":"Buffer","data":"qrloCSVrfIcFu9c8NVvW32kFxAiQebHmyMT01zQ81cc="}},"fF97bjJX1rzHV5SUxMOVl3OUQwqCpjV0xXpHAbXzl98=":{"valueMac":{"type":"Buffer","data":"opGtAZF39oXAIFE0ShKj4BfGNVl+12NpclG97NzhQsk="}},"1zQpkTLN+fZyNjb8M4Ud+bt6AMOkSemJ8pJXtZCA7d4=":{"valueMac":{"type":"Buffer","data":"rZxHsp3rRnr9JjZc92hdYxtT4ptxcDoX2eFywheTl1Y="}},"/rpV+z11+RWQGwJWiDTR+fDp3KqX5vfVP/nKZF7oNYg=":{"valueMac":{"type":"Buffer","data":"eYri0nmXrpsofpFJAsMT03shzh7OTVk8akz65kOqZ1w="}},"0suIuprjrWPYfmYW1oT9VxYv1ZtPcPJcLpMyPqJds+4=":{"valueMac":{"type":"Buffer","data":"mqgw7xDgWjWkxTg7svJVxBxkzacJyQgFIAW5fPVQym4="}},"ZKeeOkonRY+aHmKLP69eOiu6Libq8awu5J/BJE6FgME=":{"valueMac":{"type":"Buffer","data":"0azpvomJf20oZhlcJ5bfgyWiUB21AVAOTBf+G8+M6vo="}}}}