{"version":1,"hash":{"type":"Buffer","data":"8MWFkwcOocMbQ8dbFWrgxx5Z12c6ChxcWXjljKvUb5RjnfPeOTveyf+r24Ltyyi2Kfhd4SVH81sfFexWPkd9YeHPUmA2EHLlf+COpu0zofTKovGm4OAh1wurTX0WpYACD/SAgzVVnn2BTt3h56gA4A+RZFaNLMap/oA4TtmXj0Y="},"indexValueMap":{"rcRII6Sqgc6RqDTLTy69unqRNmaTL5TB3Bu1PPE7bKc=":{"valueMac":{"type":"Buffer","data":"XSVZK1KMG/m2w1roUr1v9JUIqgYIv8RpCzZGhI5SeAA="}},"iiNXg8e0i0lku/p0A5ZZ9dM31ahi7RKFaW3znGAW8Ko=":{"valueMac":{"type":"Buffer","data":"Imn0Ob/LBHQv45dYs50NYJzCots6cLzJOzifDkmzGsA="}},"YHopNrUxo5WIy8y2eZ6AQ18dPiN7MMMA5jZioRD3xRY=":{"valueMac":{"type":"Buffer","data":"Xh07T7vAMTV1a9get29Dls15mOBeuUAvUC6r96sTGsU="}},"BhtCq4UHDPLsHAZ6eDSfowF886BkHDYjbPtkEnLjnCs=":{"valueMac":{"type":"Buffer","data":"yeSmPb5Aused+slZvEcgAPgxK+Bxc2KYQbz7xH7e2sM="}},"2k9Psd496Uc4zZF+Iv4AWwr9KI4sxDkpclO34nKIBwQ=":{"valueMac":{"type":"Buffer","data":"bQZ8vnIStStv+QXJ0Ir9xzpBH5iPZdVMFg5yWcvNqcw="}},"xrWHxVTzZb25qJILvG+xfXpmqoP1La/dZWb32EjtRr4=":{"valueMac":{"type":"Buffer","data":"0vC2dviV5r5jLTalwXqtiThpNnV9+vgUXcjL7RwpVes="}},"oU4tcbrQnm3GW/ZkobmtAmctz8yIiKqLv3HBV0bTIFY=":{"valueMac":{"type":"Buffer","data":"ivgCM3yjf92kYck9lzy1RfpDbRTBNWF9GulLwriarTY="}},"WUzAhlccY4n9XSHrZ372zEhsmtHYmeoHmZr3SmxbFZ4=":{"valueMac":{"type":"Buffer","data":"Ucyd6wlZ0tE/wcTpIuAfqsSyvXkC7NXHkkPFoR9qtSc="}},"qwOjOlIa1H1NY/XpL9ql0kKB5Yv1anhCZW5SmHzOAY0=":{"valueMac":{"type":"Buffer","data":"hds5B+rnQvpDUXzuZT5yD1f+xDqd6RC5ABCEr8+sOxU="}},"GF0gdW/2RnjEmwOOvuFoFtnvJ4zIVQVA+SPrhhSG56Y=":{"valueMac":{"type":"Buffer","data":"F3PfZqJIs+fOtc+XT/t03xx1PqS9ZZ234AygJvPIZ/4="}},"O0fa+loHK4MduOF06dJijA2OYwl3keK6d4XzmqD3QGM=":{"valueMac":{"type":"Buffer","data":"B6/+l3sb4kFxyNw0L5i7g96pjlyiFnG1novNj7BXVCI="}},"+tiJHmtg9Q3nE9jliG73OJ2ityAfVjLFGHU73XrcJkw=":{"valueMac":{"type":"Buffer","data":"iccIPbhlimzrl6WsQSdiN+VZvuc6sAi9ySuVZIvX80Y="}},"ONB6/d7UPF2ziM17MOKYV1kQSUSiGEtrcHIBQJstnUE=":{"valueMac":{"type":"Buffer","data":"jGALQfI44IC+A4ucKxDsYtjceV99tCcDdyhb5r7/s9w="}},"jKyQmRhu5gXwzpThJwGpOdqvGmAyLECuyE8Px6oaVAs=":{"valueMac":{"type":"Buffer","data":"KLH9a4eRRIE/O335mbuvciI8xmkWDU9xbY8CFWaw84w="}},"/KYDFT7B2mTE1tBGkGui0feVfcc+ac1G89DCsDXLKXI=":{"valueMac":{"type":"Buffer","data":"blsMPrmoxGvO5GWbIUV+lsjRAStN79EJo4FXA0HMapU="}},"K0gqurcz3ETNbmhUTvFE++fJoBaoxNFiPoZm6G9mmG4=":{"valueMac":{"type":"Buffer","data":"BbWDDJ33ixdyAKeePI6crrqQmkPfo86xrSGWtZ1f1N0="}},"yhlQojfxG1GptVyb3Un/x8Lbs6gdacyx/aPhqdvDAOU=":{"valueMac":{"type":"Buffer","data":"Q4+lJiWaPHUw2GLCf8leE11VXRKqqDuQ1tPTxT8DBOE="}},"DCD/rXE+39TCPU/CwXZk7bXlWP7pa0hNe2MyyEgoMDc=":{"valueMac":{"type":"Buffer","data":"SK20/b5fFUyidyr1K5KO7TnubpNjNMAmeiLOZA2JIes="}},"XDgb04k9zR94X15++VvuA8PZFeIbsBV9+36kpF1zWU4=":{"valueMac":{"type":"Buffer","data":"orhCXsswiuNzADRr1BtJPUMQ8QYINGOvzaM3CPb+Jg8="}},"ffNrnDfhvQo93UbO2I/t/35KWIj//lzve+z4/68/d6U=":{"valueMac":{"type":"Buffer","data":"6pLBF8vkuJA6ge6HDkBsKkVadaWnF9LM9j4jS8eoYRI="}},"6/Mr88V+DN+hMbjP4B+PaPGVUnvmvsngZqY09fvaDJU=":{"valueMac":{"type":"Buffer","data":"EFxAQHdsANl/u9qtPSnFyvLh8z+RF+iS0jnOtgP9CWg="}},"7toM/j4BKVyTell27ILPOEZHyogNrWh5utHmxE/N5YM=":{"valueMac":{"type":"Buffer","data":"2ffPeOqU7sBt2xvetDZKtWuPzCvuPI1dv+4YEPH6qds="}},"gk8tmKwBhnxLMrkvsNqPCamoqM7B0EktyZfOlT7XS2Q=":{"valueMac":{"type":"Buffer","data":"lCRzZVLHJHgTwyN3LCe+VLDBIKrDwTqDZC2RybAJLS4="}},"93Kcp6uVc0uuiLsNlOc7jnVVQdhpjmAJycI/sMiw3Xg=":{"valueMac":{"type":"Buffer","data":"zNA903hHNRzWW56GU6Zd6LPF/Z+yrcAdDGJLp1Ca2hE="}},"YqFKFAnBUUJMvNsNfQ7DF1XVfZ4vdcpMHdAUtLeWqKw=":{"valueMac":{"type":"Buffer","data":"KFU7x2ENQNLu+SgxKZo/EQXSmZWTKzDEqbAQzubemfM="}},"QSrBUAVmJFpPblDUxRh/yc6nfddpI5ss44fCyLfJ45I=":{"valueMac":{"type":"Buffer","data":"CB2qGrwMoZVEKwfglhtn4eOoNr9QXww/Ikoy1ISf2dY="}},"Vq6iywicmNfVovOXGk95k75hYIPftin5TYLWdWry6bg=":{"valueMac":{"type":"Buffer","data":"jE9B4Nkmx9FPTlIP8y2KtCPTGg8YPDJdfHDWeLakYvs="}},"dsUbj2Zz8egXIqLD3+q/kshXb66AJsjfelEQ9SFwOag=":{"valueMac":{"type":"Buffer","data":"7kZLVI8NPBpWxqJxG20uyf5L2bKBiBx08+mk7PHToeE="}},"Gd1izHxGqyft2AUW7n55TTsRmz1vp/07JFMdJcGHDcI=":{"valueMac":{"type":"Buffer","data":"3uQax2ensS5OwTCelZnYw9Zb5i7NmPZxuSYekqf1ysM="}},"D7FX28VDtUMgww0bk6jTCJ06jjavKxnksHcIcjDWH3Y=":{"valueMac":{"type":"Buffer","data":"UfmeF1ca2ic4V7kg3Z45psodiTjXeqaOMqHeXFC6B0w="}},"IEg6krQg7GOgIHwnxJ+9Z9oHMpK/AoL/7KWlNHN+5A8=":{"valueMac":{"type":"Buffer","data":"9U54hMulbhuRQiQSSQHuZ7GNSIz4nzalox9ICx6NXFE="}},"offdjbD5HBl2IByo6pNnEQjnpnmyFEJvjn4c2O8mb2w=":{"valueMac":{"type":"Buffer","data":"Cv+8Tf1K/K3BNOCRxnIxoR0a3rFrU8riZTogrUx4vAA="}},"U8jil8mU78svNUwd/43G29mBKjQfLmjHab2muox/WmM=":{"valueMac":{"type":"Buffer","data":"Q9nbD0dvsv0Lo4mEx6aDnOj6bvAnvYElac6GWR2taiQ="}},"XUvg5G99gIflh+DWalG1+/+sHwonX1ao6p63hkLOnWs=":{"valueMac":{"type":"Buffer","data":"dfAwL/5xPE5gUWrM0Tea8g1GOJfdXgxSUAMLXpHwfVs="}},"8MgzNQcAhHA5jCFZPHSA0Fh2PmBe1PUovViaEDSCR5M=":{"valueMac":{"type":"Buffer","data":"kQKDuQK8/txVmlQ20hSy6t28xCS00ng7Jf43ajZ8qzA="}},"SUR5dEOQ0NnJC7oUFwyzS8qW8dn5l4t8jVj2PN5wiSQ=":{"valueMac":{"type":"Buffer","data":"VQ6stI55d2SlGQ516XFjMQ21sMKPmycKwUnQSaY+EFU="}},"X16LbemZw3gMOJ05Yt/AOj5WkegGRaemb1meD69zAOg=":{"valueMac":{"type":"Buffer","data":"L3hE39Fpg2g1Q3lYy0Vccelq3+GEix8YKLcx4QQKhm4="}},"gJAlfmyDDUOkFUhs0ygjxfJ3Y7mkKRTdwWiWHaO95Mc=":{"valueMac":{"type":"Buffer","data":"vpqaSofLyhru3o0bG+edocaHSpcBKPjtb2dl6jP6VmY="}},"D6SYNQw1xVmyYg7j8BPigffAKv0Z7FPoKdDnXkMMiBw=":{"valueMac":{"type":"Buffer","data":"TtzzqLat8oo+8irUloLX9Rej3QlhkYeJMkoAd/UJ19o="}},"p4uLmjhNXi5Z1gNP3Em9h+hYOPWX2i9qUK9i3WtTUCE=":{"valueMac":{"type":"Buffer","data":"X4luBHIYn15XOigUsJ6gAiXscSeWzDjmp0rdxoniyC4="}},"sZzby+yx0RkXK5Pm4oRpXGV/ZRcb7awLt6yjtdnFXN8=":{"valueMac":{"type":"Buffer","data":"d+WvyU9jEVkwdFBLZBVuxphsDFo0jMAZ8yn1u5siY1Q="}},"faKI6RgIkLLIRTENoF5/ngGP46Q4bZf4dUX87n9mtw8=":{"valueMac":{"type":"Buffer","data":"hk4BUGq620Gm38pEp6AOUw9xTjJCnWhQu25uUBuXFAc="}},"Quna9ntOiWqKlKi9PqJXKK3kWDs03+XPZMnPrUB0pHY=":{"valueMac":{"type":"Buffer","data":"EDlOM7LMIbUFmtAGalk0GqgA5btFRt3DQK7HHyJ5xfw="}},"2hQrd9HejH50zmCH1dh4+5hhCISh1PWffCVgiPWz+CU=":{"valueMac":{"type":"Buffer","data":"TDcPckvUETCf+cX+OVNESQ979UJRwsex2RlsEZeVF3c="}},"hED6DE3Dx/J4pdStqfF4rLmcaCp6oUq+Yqvw1Z9ulCM=":{"valueMac":{"type":"Buffer","data":"bD9QlnD9uFM/IntqvJyh4cyKuvHOzK1coPZD7sLfbxI="}},"ZiByjrKXml6bDgYpfzLV4YgU3NG9LeViCDXkhjuG+TI=":{"valueMac":{"type":"Buffer","data":"f9wuJs3Y6UK7lxIeZiWiZH2SaUNLbY0juzoTsVOBDkc="}},"TTjD7Odq97nqkspi5twIhZYhyq0DFn7q0FgwpRg+gUk=":{"valueMac":{"type":"Buffer","data":"ZoRaTf+i7ssB5K5e+hXC347APtqNRroRTrSFJEY53tI="}},"YwzcYrjwGiIQJ1/kJc47WbU6vHHsehIz3SQK8SkVs0U=":{"valueMac":{"type":"Buffer","data":"VIjp0yQ0ztsYgmXgQA9+uofS7WfNbAUhRleEIM+XEVk="}},"uVasqk8vjYAp7hwUppK4bU22nXo9Hg6tJFufLU80Blk=":{"valueMac":{"type":"Buffer","data":"wluPkEFdEkCEy1wtUnICIqHz3FqsFJW+BB189SjTY5I="}},"ZHfZA+aztUu58QDgeciVp5wCJxIsP7Hwn/WgzxnwCAU=":{"valueMac":{"type":"Buffer","data":"6Ij3pm3qJqhHYTE3cu4Dnbd+fV1rMdlfrX+n6PD2QSc="}},"YJsKx/jy+DXgtfsA7zuVn6FqkM7K9J0too8f4A9CeOw=":{"valueMac":{"type":"Buffer","data":"bu9+LzZTPtiNB49fIyeakCRVoUJ6iP4q7RhUdmKvfZs="}},"kSQkJxyZx0iV8vPIUJFrAD2dKq067CQ1sJuzO5AX+xI=":{"valueMac":{"type":"Buffer","data":"rbS57aXSvxIVexmQpqk/5NUSTAz7DVaYiljMeT01sKQ="}},"f8BvpilvxA7cnDxv4FPjjlTO6r6RbxlJLylpXyiT0cI=":{"valueMac":{"type":"Buffer","data":"/D7vmdc5xctNjWIpfBh/zG80PWwREBqQU28jJA4j440="}},"EZonudtdpUSJ2GJd7JQat97Y3dvnQ81wSjQ5y9Y3EmQ=":{"valueMac":{"type":"Buffer","data":"bQuaHjEYnziiVykmDGWByh4yaPPxZyDlfz//Jr3pnIM="}},"PgOd+kMmB1YWgp2Y6vW6gUFa09DYljhbIwMh+A9lEKk=":{"valueMac":{"type":"Buffer","data":"XOa84pyL1Kfp6mSAgk1FtGcGxPUkyTGazTOHY6/yby8="}},"8nxPnz7x27R+V0Sl2ntdeFqo2HK8gOSjFIER2sAu8As=":{"valueMac":{"type":"Buffer","data":"X7LfHS67mil09JXIBOJxH7k/Cw0A9Am9YbDvBTfuHTY="}},"wHWx2dQwbvSauyFWYwaDqb+cVRrSkkE/HTJ/2hEdfyU=":{"valueMac":{"type":"Buffer","data":"iH/WKGysSKHB+eplO4OVhqCnflm2y5iiKdxqZujo6PE="}},"aR/s45vuup3PvNMyfQYOLtEMB4PuuhVAkfnqZ97vv/0=":{"valueMac":{"type":"Buffer","data":"pBh/HcSJwivE+gbyLAoCnVwtDQ9otg5zZs7rR7jjAGw="}},"+Cygk0Wiqn1VYzc7A9VDZ42YuOC2+AeilCtJu8m+hoA=":{"valueMac":{"type":"Buffer","data":"ogUnM4avxTbsvaLpIEWKIc2UtLmB0rxVs+oDK5VsToQ="}},"3cn7AghYqZ2UPPbBRFAGXGzcV3EOPjM1gESBSwmPG0o=":{"valueMac":{"type":"Buffer","data":"gz+KHXt7BtJc/xA5n0/c83yiKkvs1I12Gg6aaaEfOsI="}},"5QbpICa92I5G2NbGc4eNoMO0E6DXzymRLz0UCDYZUu0=":{"valueMac":{"type":"Buffer","data":"cu0e9ukheRG7KRanUnj7Et1WmGYOyLQ9jil3eqZJntM="}},"0Yh9pcm1/bni5uHnyV1p9PWP7h6vQCC5JxQGnf/+ZgQ=":{"valueMac":{"type":"Buffer","data":"ZFm/Q65n57Rn+OCW+wcenQYYbeB3dCB7CE9txUCymgg="}},"Tm5YEC3F1gnDSf8xJyfL2sCeWFO3vXolnRzkblyV8gA=":{"valueMac":{"type":"Buffer","data":"CkZmylFD4TciHIurFQh8n8pFiR4LX3qpbLUw+fSxD5k="}},"eKZ61lNLC2oN9nWdWNkJjlUbz2akM/J1YRkW1CEok20=":{"valueMac":{"type":"Buffer","data":"7K/lnqKVCc3Y52MRkUHefK4jaRk0T9W7TVgiBYT6w18="}},"mCRWsjOb2sgk/onQe0VM3h7X8bxHF2gibK2OF32Y57E=":{"valueMac":{"type":"Buffer","data":"TYy3ZNb2cyayD3Iu/Zhw9AzII7yJoSlEfxY/Qw6bUr0="}},"mN15CEIWiWjjUfFlP0mrmFXHCAPNveguiC40jLZLfZc=":{"valueMac":{"type":"Buffer","data":"jaKIrUVof9jmiyInz8Odt0qqmV6WWsNOFV9AU/JPqYs="}},"biPFs0u2jCY0JRawXwf2pGyvzdoRxL783HK2ZJn1YCk=":{"valueMac":{"type":"Buffer","data":"r4eI9eWas6qD4e9Xm9dlSjylWtQAUi45dIzcJhT3BAg="}},"MN/S7lPncX+hnAPTwKh7Kli3sYdYkR2je5F2ULN3JK4=":{"valueMac":{"type":"Buffer","data":"yHIXZ9nLvVxMtBkgribpUoq4fKJOkBdum+McWiW2YL8="}},"QMoG3w/ZX2jPh2W0TEOeSb6lcHfSKxyS3QNkB8BJ6n0=":{"valueMac":{"type":"Buffer","data":"0WJErRU0408CCf6sivi1uW3jm/AdoKxK9Rq1g8DRTgo="}},"6Y/utPs+g400cJE/yKLa13eSTbKVKOAj8EUB+7XGjKE=":{"valueMac":{"type":"Buffer","data":"yA29ZijHWl/kgZTfXCM7YqTcIk61Yim4aUSSVDMuDJs="}},"Xl2cafGI6OXJL9bK/Sz7DR7fie33JuScDylR8jCD1QE=":{"valueMac":{"type":"Buffer","data":"5h/HiaFqUiSa+xPikyeSzWz6+gigbluR9NnGDBsHIIY="}},"RrrGVDVv/BOr/uONBaTXgehD+uNl/GeFA2qEPq8pQSM=":{"valueMac":{"type":"Buffer","data":"ghFJ0NeLN4EwbCJRkKtERXb/gdZNaTqGV/I1o+AtqFk="}},"geUUpS8hLAD2NO0jOu+zfhcNnGSd+Y7lb5YVbObJ6FE=":{"valueMac":{"type":"Buffer","data":"9oucMq+z/8gvY3HkugvUERQg5AEAP35lwyvBy96PcwM="}},"0lzt6CHWXqYpkRclez8/6HRpD4B5ugBTnZpfR7TMMQk=":{"valueMac":{"type":"Buffer","data":"58DERKZcygw+BsLEEvTNWVqqnrCKL/Y+Ouf694/qfvw="}},"A4WVNyiadOEgXDGCVpFf2NJEem17INGojtYztu7pH5g=":{"valueMac":{"type":"Buffer","data":"Fddjvl8W7o80kVqyzS6zLSYzX6KIEMj+WNt1BVu3R0s="}},"yGltxILx2ORCyf8cAIaiQEBwlDsIWQQbneJVn9cqLlE=":{"valueMac":{"type":"Buffer","data":"8gOyehS7+jT5/ssrSSsChQZE+na9FXQdt6ACr8nHsfQ="}},"Z1i1K8hRXmtj+dOcnStHWIOOAGjfFbJWOARgGB3u7kk=":{"valueMac":{"type":"Buffer","data":"8I7bMH3TQKjlCKbCte1AP3D0+P+P4pzrnRLlMWmEW5k="}},"yXxS4o2tBtNQCYDINUr3wVvKTzL5WEmgH9RfTVJZoJM=":{"valueMac":{"type":"Buffer","data":"dMshdPTM0UD2YWizCX4NbycvDHVy0EeFu/qjp+gg0EQ="}},"BF9XG5bTE+nxoFMca0MwuP6XMXivpWafQCPZ4IBnyDM=":{"valueMac":{"type":"Buffer","data":"VuG98qLFRIM/7AIx9fTHXEk434UenBDZvCv3Q15zyss="}},"92Q+pKtsLs6APS7Ke5Sq5p7YZLPvx0ISPDqmQ/U2Urk=":{"valueMac":{"type":"Buffer","data":"wnkUvrGaM4ozrlk0wZETLQQ1K8wUvxq//zWfMLaec4c="}},"fTeRuI87OprTPDZWMCzpbB9ButGexS+/5NiwITYMGe8=":{"valueMac":{"type":"Buffer","data":"yLTdwc8yXFa5bOQTkpIKlt+F5JGlxFfNoA6MYMoTanA="}},"D2forvQiOzFJ9dicaIfjyGwtbaKtm6CIPMjMbRyymZg=":{"valueMac":{"type":"Buffer","data":"CAO6U2WXGvcnUPNoq8cGqVH1xDVPoaLB0G1tI4WyHNU="}},"byX9tTTCM9+gOQnfFmrAePPl1X41jd1/DRxn2fD6TDg=":{"valueMac":{"type":"Buffer","data":"XzQP37i5oww2TucC5Zi98UyjUdjBsVsKhD+Z2rkl6gg="}},"OdZzy8FNwdAyeP9sxCN4Nv+sptXGKcf/xQpN/jZA1pM=":{"valueMac":{"type":"Buffer","data":"+n6q2tVXWB14BjM0PALdznGF1XGeHMTC8apsIjctDIM="}},"ZZJAM1IskndQiJqaPKh39y/VPDRNOQ/JWvgsZRWPAGE=":{"valueMac":{"type":"Buffer","data":"2JjDUJ86PpHIUiKkmdrHekb1jlcUe46nSS3Y340kZwk="}},"642mecwBmOLsYniWQ32k5MyhA6nCN+bD27kew6xNccY=":{"valueMac":{"type":"Buffer","data":"oYmSlsqWr6TEx1KD/9CIePT79lJ1t3r+dQGfrb6e+b8="}},"fLrX9JGC+Y9b8mPHYv/jdKwR7Xfi+IPAuku7sLtg6fE=":{"valueMac":{"type":"Buffer","data":"jfczZUTgaRSKX8XG/XB9LPwjr5+OKXXH8mMc4tDwdGE="}},"xazzeaBN6sKjvkzSIIiDAQAkdP1DWZ7Dif8geH6QYvI=":{"valueMac":{"type":"Buffer","data":"4CkgN+6/iXHXaLyYAr/jFPie+KSFn5XpLcOtaJw/CL4="}},"pf2DsS9HjvpTpVOfF5q764Ipy7u5VOHmFvrjeZPAjl0=":{"valueMac":{"type":"Buffer","data":"Kmh87Zmy3kolXPccspShzSUzmZyw577oCHAq4ml36bA="}},"4xTfFurkyLeQQvSVGWwaTTdhrE/Ku1yhjxKV8zC65Uw=":{"valueMac":{"type":"Buffer","data":"FnZNwRo/ZweoSR0ZVbBWir+msWV7L123uBa3oovHJPo="}},"HHz62QAo6l6N226B+ouHFwKiLvE+6A76Z+N0vo0gI6k=":{"valueMac":{"type":"Buffer","data":"2FBCXAfL//oCQB6oQxPey5iPqm7HN4PM5jDKnuP3BTA="}},"EUwYJ3Ni/UHqHWmabfrLiRvPqbOwx4rzTHxLuvu+hYI=":{"valueMac":{"type":"Buffer","data":"5utOSHCYyvHerZTDnGDh1MakFy4Tbf8yUzV6Ww4vhmg="}},"K0euXWcB2U8w7vFCDHiYLmXDWA5wt8beSKG5GfdyE5w=":{"valueMac":{"type":"Buffer","data":"52Et89Ud1INzUUezRzZI0QIcLHOEHvloXKArz67eo8Y="}},"kM6f+V31dDM4WR6v6Uc1O/vrlxiyCNp7yWfKlqE8Hgo=":{"valueMac":{"type":"Buffer","data":"EabKRqU/MXv5XQgHDa5F4d/qU5FcJQMXzyzcYdNXrMg="}},"9Xtzf9cuwlZkn/xXPmLKifEUYL0q0ARvFfIa5QO9Uqg=":{"valueMac":{"type":"Buffer","data":"Owkl5yAS1ITw6C04Dgh73u23K71pHr0J5L9Ch5NM2W4="}},"axAZsnoDHK+BRnnuWHIjz+rOZn7vFnku80avTNw8Ot8=":{"valueMac":{"type":"Buffer","data":"yT2TY4UM0P4PHTBHySvTqSlw+ldoJlvjStAOpQf0hKI="}},"dee1GB/mf26yz74A0zdoo8Pn/aUIzAIUGvETly40X00=":{"valueMac":{"type":"Buffer","data":"3VxWl0nKzGbA5BZO4Pkn82I0disT6RQ4HGhA/Sx4+fU="}},"RQh5fJVE+gdo1h9wsCVn78m7ZVGbu58BRI7JI2TTqGI=":{"valueMac":{"type":"Buffer","data":"sOVqg0/JAK/wvU3nyJ1aFTJqykLWVw1YlrsU7sJPILI="}},"5SaI1FpIY9dEfx5GFszxuJmXrg+0gYWXSwJGP0A2RAM=":{"valueMac":{"type":"Buffer","data":"KDvCxiZXm0NZuTSzKpHeUT+o5dAnbG44FDxVQ3PdXg0="}},"ynICIx+u5ndLU4BKyEfmwwwp2Ejg1toAVGZ27eawp4o=":{"valueMac":{"type":"Buffer","data":"dRqcwUYsMq4vUPTAvi4+0oiiQQVy4Y4NmM70E0DhbCM="}},"G6IXSEijUbY9fIH4uga1ksr4yNDujoq2JK4o69q3znQ=":{"valueMac":{"type":"Buffer","data":"AeMMUpdnTD3YYvdRQqsTB9r8urKux8UdWH9yycYjP7Y="}},"NXSKTuiViTCRJ3yHqBxagtlfJQT4R3LCnq8tT4YwKSw=":{"valueMac":{"type":"Buffer","data":"Gcvn7jBbNlBIRHliJER/P7nz1z9My1GZRSK0eBIaqiA="}},"WWrJ7kMW35FztyNHbbwGlfQ3VSEUD1P/lRtI7tbErOU=":{"valueMac":{"type":"Buffer","data":"AICIok25WntIWSFCCRn3FxhWKwi+zAY4g/XvW9RwxbY="}},"pYKSOpuFGy0LXyCJj5AJRjS81fsbJXyzhe13QU0m0kU=":{"valueMac":{"type":"Buffer","data":"kKq+ACjwwlcBF1JMHOxq2ESfyAu4ffzsZPcZV+Mptes="}},"UjsW2837LcxirgLd9dNwdYx/oD5mekKPz4lvUuAvEw4=":{"valueMac":{"type":"Buffer","data":"XIG0/R1n6myIkSq/2xRotelcqZjnRidE07/5dREUkGY="}},"NbLy/pFDVbk4yhS8lGubN4gQo+ReFaa4quE1HKQzJXA=":{"valueMac":{"type":"Buffer","data":"0INnbUBTbmWfyr7GzmGaZDi1wBIh5E8GaTdAv467IgE="}},"sMrn+RaEWEc7pvaNy7TiHxKr6oos5vl6fDF1rRWuFpM=":{"valueMac":{"type":"Buffer","data":"yxhvUE/1Irak+obGED2TaKTmdFONJsuIyD2VYDOOVl8="}},"B2oPBdE729uHAQghRiO36mCrC/cx3EvGRBhxJ17UN9Y=":{"valueMac":{"type":"Buffer","data":"jpiHqxUEsv9J4gVbCVtdAbnudfww4qiB47pn8eu4Swo="}},"RX12pbOyqN3GKltIjGM9BEU0nCxkkNaPnV1mRk9Xssk=":{"valueMac":{"type":"Buffer","data":"E/lV/tzXkZYBs1C+KWcOETjBYcqfJWD8h0kS2VLlTwE="}},"RQ34gshogCyuRU1bR3JCC2iS7K/ImbZTgNNuBW0P/nc=":{"valueMac":{"type":"Buffer","data":"BJx6LV2/h7QBWiy25naVO/cENGQP/F5B1GvhCf6YHNQ="}},"bjO6uZXhHdBEOwAFj51Oal/nWs+heEtpjpUw1qJcrTM=":{"valueMac":{"type":"Buffer","data":"5/zSY7Ow/qrz1BsU2xCEIBUl3prkd8HPcXr+7i3Yj5k="}},"oOkhEiED7w7M7/4aYKffZq04sEQ73CV0iT5wKFI9+rU=":{"valueMac":{"type":"Buffer","data":"b7pCrhLZqieCEtK7DV5GBIo/XVMPoqJlqaFq4JRxJxM="}},"cne8msKYE/mIRRLvRQQVPhsHMlYAz0gsUPcuqn6P1z4=":{"valueMac":{"type":"Buffer","data":"MKoHELO5MKuUowWGGR+njzpwoBPGALfWKzfTLsEDDbc="}},"Zwdj+xXO03544Mump8e0CC8BI/tYh11OFvPhASfN/f8=":{"valueMac":{"type":"Buffer","data":"PjJBNoOqNLOhzxEMwnMKhEE3pOnrMjYcu2hg8qPdHEs="}},"yqfbcwKWo9dIXBPnq5oQbAbsV5IAtl0ABD/EJKazSyE=":{"valueMac":{"type":"Buffer","data":"ZQh4F1LcaUOVgZXSUIh4iYnjWcl4emaFLplTvzFjYnU="}},"JsqwWO2Ez8n0b1d6UP71cti6+8lYbpfkvTmU0vFfbCY=":{"valueMac":{"type":"Buffer","data":"Qo03u7l6CP8gXiy4y3eXsqs/5AmoPFEvqOKQeEvbHo4="}},"HYlavXioerp4tZiXHa+8Mo3qpKUyKXsdt5qXuNzraZI=":{"valueMac":{"type":"Buffer","data":"WW2Fg8r8FdZNHgTMkF/Kf3H/7tO5HL8T/e8hh0n6ALA="}},"mCoNH68NbJxUg5aBXMNK/ec5vMagk9oOVkOQSKKsl8Y=":{"valueMac":{"type":"Buffer","data":"oyQpqH3qyWKvvWbZc+JdHSpEI4CydZy+23HILHhP5lg="}},"sIeUSKUmmiKtpxea34Kxfu9rKnb0+n/chP9IdHId/Oc=":{"valueMac":{"type":"Buffer","data":"Nb747+P9jV+bKaznATYcBpiOhJskeXUm+5ZUlZi8qyY="}},"dAzRdshR/3oPXBxcu7tnrtpL9jPeKe7iJCZc2esRRkg=":{"valueMac":{"type":"Buffer","data":"dQZSmp2+G8BRSbC7UmaqWFmTiwgqcSNBzEIToDbzF8c="}},"BAmqwB5yIycxNQHNWLUlFZA++WAOAkHviMvWc4xUMNk=":{"valueMac":{"type":"Buffer","data":"Fx20FbJGmzVi9EEak7yfjw3CyLL1tLyhQuNh0K9N9uU="}},"gV/rvV6NexdCOxY134odRexpqqI4Jhm1dYLccq3J2UI=":{"valueMac":{"type":"Buffer","data":"VePNEjaMuLKtt0gElnlQN2XKfiB4zGOoPqB14UGYUqA="}},"ug7vcS/ZQDyXANpkdtPtEJ9vfYTzpHhjCrrgH3i9NzE=":{"valueMac":{"type":"Buffer","data":"Ncg+JPtOdiihDLuaQ9c0DUnsRoudZS085SAxTXf9+DM="}},"j0wigPdgIZNWy1lfvKDGdE80S3McNvljxcjTOm/g08E=":{"valueMac":{"type":"Buffer","data":"h578ffDpWD82ga9scHBPHgjbWEUffOPslwIhNyK+VCc="}},"LoPkqb5JxffmKGDjOc3LceZQghluLSgTeu0Oflftjys=":{"valueMac":{"type":"Buffer","data":"XXdZ8iUQ5ntbcnhaNG7RVz1bdquDG0gvdZTm3OSbePw="}},"JbVT3ZfSCSo8S773ekeKVb6WU7i582690rceHDLmWjg=":{"valueMac":{"type":"Buffer","data":"+kVzKxLChjJ3k9GWtlnRYyLX+0KrHb+Nzamqnp77THw="}},"0Eg+RiDU1hjl/UWcAmJTg8v1udQyCCRi6CHUl4glxsY=":{"valueMac":{"type":"Buffer","data":"Lg9d6k2dPQP2PUVAAPtTalkxebn8iwc0TOpVYurnGfE="}},"0icQzduyCizhZsgIH9LW99CXdWX4qnFNm/1Kcke5zmk=":{"valueMac":{"type":"Buffer","data":"s+qdKqKSVlE4NJnQLoH126bBbLoHVM4NTzYTzJogg4M="}},"H3H9rQgg45vo+DQpitegBtoaqbORkXlHBNjOErNvp9U=":{"valueMac":{"type":"Buffer","data":"3hTDdK6y9MkjMzVz39pdGLdMFlTPPfEy5lmKa0r5RD4="}},"Uth3xbBtyyZl/LrjniWTTHQTJFDeEktNkyjmsy5ufGA=":{"valueMac":{"type":"Buffer","data":"xh/tRZi1AVUeOAdpgjyU83mo65SimYKDc5NlkRZbtCE="}},"0sF1kHwd1xltNmwqvw+/L2X2DkeGecsxefVVZfPELbo=":{"valueMac":{"type":"Buffer","data":"3CGFX4XXwsEEQ4EGKBlvm0UX6gx4QIdaCUR0xF4kAR4="}},"6CZCZlTM1ugwI2VK6cHWFW6XxVEGotuubgXT1hq6tOk=":{"valueMac":{"type":"Buffer","data":"LW1a1eRAOv8ak6Evj5A4zA2+bRCfcmuH+a37ePvCOsU="}},"VMBMvS5mURDee4MtPMCUPpij1wcctsyFsTAQrX0WShs=":{"valueMac":{"type":"Buffer","data":"Juivc0UZqXbd/T9/7s0RK09TPgSAXFkZHjg9rRtxZZM="}},"ukSEZWfEQIJ+7nyveoaLO+CtE1mF5IobIFpvOvHlx+A=":{"valueMac":{"type":"Buffer","data":"rYApkhkjPZkn0/YKuR5izIQhOWMRPiXFpRdxQvp4fjY="}},"e+eHMxOpZaaLN7J5bLgkmRs8ezxedW1HSDiLoaHW/H8=":{"valueMac":{"type":"Buffer","data":"zpj3RQ5/fnE+P3BqllhjNveg9teji9q/emsAkoQlMa8="}},"qyiXHwokavLUpBzkK2eevpRK4cyoMm1fSGrqrdR06hM=":{"valueMac":{"type":"Buffer","data":"y/sNGxpQ6yw/suQX7VHsiT8YgdzwTjCRIIeuumXSbNw="}},"L41oBUlUZ8J+7SCWIgLc7bS4e2hWUcM56mKwLo7pXHs=":{"valueMac":{"type":"Buffer","data":"Y5pwcjMu0DqkBOtIomGF9h+4pYX/WY35cy207VvSIYk="}},"OU0aq4SO7g5h8YKGH9D4JrrYArVHPOVS+HWK9BHNM98=":{"valueMac":{"type":"Buffer","data":"71q/00Rms2wmU5tloizAvdCrGR3PPgZfe55JJL0m34s="}},"sa6SVZMakJZ+ISyYD/JssEx3Y3vT0e9WGcOYIUMpzH0=":{"valueMac":{"type":"Buffer","data":"GfdyehBXYd23/hY/G54amv7vVsXV9gzcynmJrkWLTQg="}},"jLUhEAXVpJrcqB2WweNfgFRaiAV39H99Nd12v1EDmIs=":{"valueMac":{"type":"Buffer","data":"+x7GP0mrFjLrUUHGjhBj2mS03ZK8CNd2syDAKkIhGjk="}},"+FwYxXsN5SpTsLM2Dv6VWZA8TDRuuym2ydCWzMasLYU=":{"valueMac":{"type":"Buffer","data":"QY45MsD//7iGYUswAb6yW9T1yBWyMicLaNSR5K6z1s0="}},"GL4OGLlFYx6SG647dKKXMQ65s3dlPnZnZZpsQqzdhLQ=":{"valueMac":{"type":"Buffer","data":"RV+hXhDRpNy5AG4hqwvJoIgp3ndI68l3LwG3h8s+w2A="}},"YzFq6EDIViPoefqPfDkc4zbsB1OWowzemjVUzt68XZ0=":{"valueMac":{"type":"Buffer","data":"ITPdCilreSap7g32T7m8YDwfLOVDsND9YDtBuNf99oY="}},"QYK48tu/rIoOVKKibylT+jUZ1A9pahTayknHJIsSqjw=":{"valueMac":{"type":"Buffer","data":"/pgI6yNYTYqU73d8T7W0oygqg6ZIbpnnst3bfxN+10g="}},"04Ga1V8r3r1hkcCSU6K7akOXmr2ffepdPe5ORDaPUkc=":{"valueMac":{"type":"Buffer","data":"4tBHSN55NO9N8/H7mD3INxQ1svb5kNYvZSguwO4+Wxg="}},"deOmeTHKBxzx1PHAQAIk9fa9f8+MilmzX0r9sUCnLPU=":{"valueMac":{"type":"Buffer","data":"w7UVfUv0m1VkHpMeZvaGgJp9jHiRu5432T54dkR2HUA="}},"TnUR3P+1Kjt/L2p0ixuhRlueq+YQ+ckjvsUtQPe5/xc=":{"valueMac":{"type":"Buffer","data":"t3wnTN+JZzMpM2iBV7dmLXBSpntf0tdhpv7RgcWI3U8="}},"cBfrWODt/WaBpIn7rZLYYrE24YGVJwWwr0SVQJ3E4xg=":{"valueMac":{"type":"Buffer","data":"+S3VGZi5CRNkORo5QNZpwXv0IUllHYI/15Fade/va94="}},"Ah6dwcJy4MEwGP2OJMI7cershteR1IqweCgMr3YgkVQ=":{"valueMac":{"type":"Buffer","data":"s4wnCWussZlShmblH2TdfNp2qRFiF/cUqhsV4/hypCo="}},"ZeXhGqPRTrEvWBhddB0SlItHGQXJp7FPQoDypamkY1s=":{"valueMac":{"type":"Buffer","data":"i0phSLWEcrYf6/WCOT6cVP5IBdZ4dfrLGG1tFofJsXs="}},"Sw+lUVRw9BKdqa1QT2leqCw5Y1gcWPd/Zk2TkGkzDoU=":{"valueMac":{"type":"Buffer","data":"eQLLb/n4Z871VV5tIGTj7iDewosKvjVuzNl/N+5WWV0="}},"troPGI1uAaLcPBOTtpnLA6UsZODCFwqPTv6u6kseJVc=":{"valueMac":{"type":"Buffer","data":"DgFzMAHkOazZgRx26fwurInuOSGI4yhgtvOPk6U2F4A="}},"igffQ96tXApnJSfjkhijnwGDHMdXBeP5MCpJH3HJnBw=":{"valueMac":{"type":"Buffer","data":"tPtO7HzK1Zfs+D2FWQ8SZw8Vo1+lgCGgYuFqG5Li7Q8="}},"Dgh8h0tgL3gKhqdSL10lpIvTZ1DmGnQAvG5yLd+kesg=":{"valueMac":{"type":"Buffer","data":"nv+pCfyC5pQbLbioj8Iynarr/Y/GqOyOG6ccL9Wc+oM="}},"/TxE/Kn7g0jEQOaEKcckdPYbGnWFjJjyaeqkxmb3IsI=":{"valueMac":{"type":"Buffer","data":"GzTg6jHfmvg6Bjb/GrqQBlGuKf9026JwOgMsV/Z4aI4="}},"Gxui1n73po5TSua6/YgnEV2u6hGYwW2DeIImV9Vum1U=":{"valueMac":{"type":"Buffer","data":"GU+4oKiEaZ1qnvW8KsV/YkEShH25TqrT2cUHLT2JeQw="}},"HrnUPfnvx23xjQHhGbtBtLOBoNV8Wv4CHGJylvc7COU=":{"valueMac":{"type":"Buffer","data":"WUnGzTtzDqTmr5XoqadzMjVZ1BbLxLqAZZicbLArgHQ="}},"9J+mKSRgIoRfBTkYEmo2VPE1uhUZkz2t6Vo1RaufScs=":{"valueMac":{"type":"Buffer","data":"3uI4jBBhe5oWH4VSx3jF+xHnEo9TYfJBb0MDxnrWFGM="}},"2EbFxug7DEV/YEiPjPtOVQezAFwbcu/N6uqUCQ+7zIY=":{"valueMac":{"type":"Buffer","data":"EPKuN+VC4xSETDPWXDrIDPH1Mpw+08JELqWxvpKX42w="}},"vf91rd+aoxqegubzFnFVnPu72YOsyt0Sh71h580AIb4=":{"valueMac":{"type":"Buffer","data":"+eesfixYGV6wQe8JRpdBmiY8aVWaah9Hr1HZcekMV+k="}},"9jTASZyLdFYSoH88+vmGc7kvW2G0yk9VpK7sntJZF4Q=":{"valueMac":{"type":"Buffer","data":"sDSp/+A4dQ+8GnWjZB4XUfU/OhdYZbibJFDGcUQV72s="}},"7BBz1+s6tjvTQvMoFnr/DSNzC5UiX97CpJRmwbjA6Us=":{"valueMac":{"type":"Buffer","data":"C7fIPsQwoDGhxgxLh9JRfeSmniJWOrHkRpJaH+ETe8s="}},"V+nzN/A2Z8rbVTXBVl2Q/KEohEw++nxwPGMxrQNKWLw=":{"valueMac":{"type":"Buffer","data":"vGYNk+qEcMiVeqICNcMguMjd9f18eGaMtwZIcBvl/yo="}},"bR8kYkDghwuVrF3pfNygAqgb+7MYp+VAE5VRcq2sCcM=":{"valueMac":{"type":"Buffer","data":"40YjlZN+ZLc2N+LmB6W7pDJlTikzOXcDPGciUFDmtqQ="}},"50oW04EWo32JTSYIm4GtjnuzQvKN9s+u+lju+h9N88Q=":{"valueMac":{"type":"Buffer","data":"ev8FloPatuE2yO3mIw09S1skG0/ufZEuQNInapEfve8="}},"BmM+WnInUZ3XbfM0OC5U+ZtVJJXdg38xphCPlSOzJQo=":{"valueMac":{"type":"Buffer","data":"2UEv6wY1MbbanDWlxodglXMWd7kdlqTLT4RqOnUgJyc="}},"TeK+lhPJGRDRQn4GrtPOP5LlC6dIqR9X4dvjyiCLen4=":{"valueMac":{"type":"Buffer","data":"gXOfntnUgy6h4g9yD+qwMKKwkCJwWtLDDg75Z8NU/+c="}},"O1ntKey8kslHxdXSqeGJy1WlRGFZfavIxOg/e51QOiE=":{"valueMac":{"type":"Buffer","data":"GEZYX15uQILFNoZVbxdSTSM6AU61uL/Bbbaofxy2BcI="}},"ycvlmeBOqZ7YKvIoyvhZs+xcIOJ8ndGo7AhGR5firCI=":{"valueMac":{"type":"Buffer","data":"Oi5SJUbVoJ3mgRuM0U6VmFM9Yw+GU+LAfgXbKHTYaLc="}},"nAvwpB8cFbHJZgemxDDZvs3zNbwkxAH5ru3oWWIAjS8=":{"valueMac":{"type":"Buffer","data":"KWY21n1CkzMG25OvZqW5QHFbTNG1EWP/5KLU92BsXrM="}},"3FjiO78qQqxg4B+v2HZmPcNW6ySmKjFe4QnEYblgyhc=":{"valueMac":{"type":"Buffer","data":"PdWPQXpMlDjKnxU5tguTM2PSx8Y6XyPykVNVQdMv+cw="}},"ZLzq6OfXMT5zhXql51JLKyB5ArfrUW3DuC4gI5DzQNg=":{"valueMac":{"type":"Buffer","data":"4gEtE43T4TtlMcVeS9UYudA8+OUPkn5PsiewT9m40dE="}},"vMlcxLMbMCC27qE9OLhc05YJjqu1XNFWhcEWV1gn6Ds=":{"valueMac":{"type":"Buffer","data":"4GmXE9PZPx+PapOEgzQjtnmpIRog7UfONJ2E6FCUL+w="}},"Wn8K7EEe9ZDP9WmT5aF+KbvlpSiXC63Vsjjq8TbhXrM=":{"valueMac":{"type":"Buffer","data":"ySTcRT/tKoB4cIjNYDYzvB26MP05ueRwM/67aFwwzNI="}},"elXXXqquUiLr1uNjBL0Z7bF1dCZTahl36gbrdxclNGk=":{"valueMac":{"type":"Buffer","data":"jwDVdYVrxqtadS6LFzUAILMxDJ+EOCxwmWz9GVWQosw="}},"NN5cUabbC3cDbw9rRcqTDPDfAEfk8Rnv1boqUh5+pRY=":{"valueMac":{"type":"Buffer","data":"KfdKFaM617RljoqY1CkCPW7NyrGAxZfq8zqBB5uO/VA="}},"2UENLMAEMxD0IOEO//K6451wl1MrbmJ2USci1xw9D5g=":{"valueMac":{"type":"Buffer","data":"C4m5TaKk6Hvkx1E1KG/enMHiKtzyte295DkQ/RwYUug="}},"HfFKLRdz+Ibhh21AYQyRX7FbFo15H40/zxI74lLS9D8=":{"valueMac":{"type":"Buffer","data":"I0d/zyxockSQBVZe+8M3ZhNq1bKh55CsKzVDYCtpGOI="}},"O2x+n+JUbi4oHcD/2bhlI25JeuGaJSQYed56EE9qoqA=":{"valueMac":{"type":"Buffer","data":"4iuLvHIXLNO+nag00gX5t4yTUq9uNJvLj7+VU8dWlS4="}},"19IrJ6FJO4OCnlrFk47OcvNHD+BZbk1KESSE69qKG5c=":{"valueMac":{"type":"Buffer","data":"lIUOnV8QoBhEd7SV94Yjj966RXc2FFarBxhpQR82FSQ="}},"RctK6Bj16XuU5lWucq4mQdzKcROe+Ze7LwdHQF7ZUXE=":{"valueMac":{"type":"Buffer","data":"9TZ4mqQ5MliihJhxNOnfwJYctSYakKCXZFlurcyiYr4="}},"FPSBiuvlh2kIcOu22EalHq81YzzzIY7wjqXWWa9HCSs=":{"valueMac":{"type":"Buffer","data":"RYHedd8vHFHdWtPzXQM9V4E8/StTvXhrgHRiOm8qeHA="}},"kSm+EkhlHKxXrrkr7ZY1Ej/dAiDTlQoS8wIljZtpzhc=":{"valueMac":{"type":"Buffer","data":"8W/YFbowKo7/oYLVR0rRhSUdXKIUrdpc5KJxatoWhZk="}},"gyQeXgL5sHx2khHa5GJ06r/XB1wGO0jzrKUXpUEuJso=":{"valueMac":{"type":"Buffer","data":"GAK6z/+pp2gsJP+00YlaMtwfXqUOtEbBsmNFYabfMSQ="}},"zKpPPfLMTbR0I+KGVhI7zG8GjsNdsQfEb5ZqdJvo124=":{"valueMac":{"type":"Buffer","data":"bmU0xwhtXo7qZ2mBVRax/SCGUTK29lHZ2vVZbB4uUGI="}},"mxW2oVLrJfi04Kcm86T6ghp9A2nfJYvPrKaXVvgcPn0=":{"valueMac":{"type":"Buffer","data":"sm8Wv9BXGf+V3+bYspzcvyxeM9AkZZUC/3WiyYnF4Nw="}},"TnMrYINj3ftvgq68OmdOrIpR0ZlaKshalmRv6JuLhlU=":{"valueMac":{"type":"Buffer","data":"MC9tAgxVR6X/4iFMDOEjHOLd3BSimtPhQ/ebh6ErfyQ="}},"gm18qH9jWCU8y0bz02ClPAj2BFS1YMPna64Rz2EjIsw=":{"valueMac":{"type":"Buffer","data":"ikJ46UlFZJChWTn3B3ZWDXpqt0tb/kG8MMud3PGFQpA="}},"L4u05AfT7EUX7iPwNmAxDjGfBLoPk2eM5CL68vOqq8Q=":{"valueMac":{"type":"Buffer","data":"ojtnUR6LXD265IqEwnTio2ALAN5DyeanZD4iOKA8OWs="}},"vFawsMaxOORJHiONOHha5dhMI3Od+0EM0lfFUqXlecA=":{"valueMac":{"type":"Buffer","data":"OUgo/YsJGVJj0kQBj2kqz90dc+QC+tQhsk5aq+mWKBc="}},"4tm/XeNUygUhEgFGUAtrsITLvQwIoTcx3pFDJxpy3TM=":{"valueMac":{"type":"Buffer","data":"waJ7pegt0KIPXcUwgcxRD3JfJW+zuASkaEa61OIBbyo="}},"i1u06Epw3waCCjT1YuZIzgYc/kNCi52DbNNgA5QoAPM=":{"valueMac":{"type":"Buffer","data":"CLInyQ7yLQm8cXSqeHf0ApSGaPnh+qOPvnUIvr1ckuo="}},"DK6GOPpItoJsFPiRlPXJeBHFKkM7Pg0CETyWrWBmJ7w=":{"valueMac":{"type":"Buffer","data":"wdomRYiaX+DpSBw6TjWNEcpQeX+Uajdk1TCBWOiNvoE="}},"ntMQONQ3LDohXJmTkqnG8bz1BiCdRtw+aO3JBo8mAkc=":{"valueMac":{"type":"Buffer","data":"C9pv4WZoMg1txVJXp1uAGpVg0HlM4JACYGGLnGZ97oo="}},"I398txnM3+KMPTq52lCJ4zDtGRj2QAYggt6uQ9IbsT0=":{"valueMac":{"type":"Buffer","data":"8ZakZRoC3chVzYvCjFipPQ5+F8HLOWvuNeOIO9LPSrQ="}},"rW4JAj2ESnqpaqw0EIoag+KcNQwCFRUZNEm7T6bEooI=":{"valueMac":{"type":"Buffer","data":"mKdpDrsRTSd0rLZ84HUge6RtnlsbpykEDHiJCPw7l2c="}},"rcY9+l6mfVVXQP2tqXBDX3ydafkzuMz4pDNxcGCuUN0=":{"valueMac":{"type":"Buffer","data":"rffl0qQiM4DIfy69hzatXTVvWTe/8lr4rQvesX5o9jE="}},"jdOviHjzccD5TCmiQGbV2Hf0OnfNmiXnmprAQzDfTc8=":{"valueMac":{"type":"Buffer","data":"RpJV6G1BdyrdIl1V5LpvuPZmRi5dTcjkbkQNNhp69wI="}},"9OAgfa7xCx9OPfp3YIln9xDmXSdWFlE/kBbqLGWfScA=":{"valueMac":{"type":"Buffer","data":"ICQYlFJo6RlZ92schG5d3Ze01sPD4Ilc5Pijv0CiG7g="}},"kKQFhxVF+bRU0usr/UDVQ8GUey1ldm+/3QK0vZ6oYzo=":{"valueMac":{"type":"Buffer","data":"Dv4AMDw2ZBeM65Ug4gTTLSZB6ewyqk6e8hGj9Tn+U98="}},"YAQeLKD2+AO5OCuoEsLyJudaI7w8B7qAQtN+/SlY7nE=":{"valueMac":{"type":"Buffer","data":"tQMMBIpHNF5U6Np3Acp/Ms3wOTft3yTO2FyMDcWC+3o="}},"ZuPiscvLgfUmAuw4adBzj0e0ayq67nXzT2pNNacMSU0=":{"valueMac":{"type":"Buffer","data":"zE/aiylQf29GjkPTHd3tOqSe57FBsMhe586aXdABwm0="}},"QPY8C8rbOZdUi6eGx7C9TYQwXpo9fV2AtpS8qf1sG0s=":{"valueMac":{"type":"Buffer","data":"pDq4PiI7Fe21CexS2LQ277BnQhv0h3C5m9FVWrFxOxs="}},"0Rd0+kE6v1NLXaq6qtJ+zL/182xYLeufQrbx1hbS+8w=":{"valueMac":{"type":"Buffer","data":"VfsOJFN0I3QM2yuHJTKnia99nyb+qEKbc5tEkvvF9UY="}},"P/EfYcnro9NmpemCoIHiHfhCT3MTpEPhO/74ByC640Y=":{"valueMac":{"type":"Buffer","data":"j8D2yO+RjsADUblZEH6cmFnTQ0wqQnGx2XjuJABu93k="}},"cYuv16yQiIEVb0ky1RIgoIdqkwnjWBu3Q6d/CIm9J6A=":{"valueMac":{"type":"Buffer","data":"OQpHBQJ1/Eyy1WQAhC4ACge6wwKPu38eEx7U1D4igJw="}},"POoIVlCmLDNmnSZgMYxlTX0333OO2yI4LyhjmOqs8Hs=":{"valueMac":{"type":"Buffer","data":"ouUcim5FfDqZalZXgh5sCy4rGEUdSJvQAR4PRASxIfI="}},"ChIj645CnsJW2BYNqxVf78LFdbyEYkbirZhoo/WAwis=":{"valueMac":{"type":"Buffer","data":"mZol1a2mj/i9om+PKGLv+jqnGTzDz9zTU5Vqbu/kW7Y="}},"zIkINh5nfrsRpyWf8um5msWIpI5cc00CKeWN6rq88oY=":{"valueMac":{"type":"Buffer","data":"r0xBiut04+FnhJSuQo5fXOXztcRSEujpAwk5/mUT5Lk="}},"GjZKFbxsZ0LO1Jp0tKLp6h7y5fNScdE8qLPUQhtdfB0=":{"valueMac":{"type":"Buffer","data":"n2ncXcnTrTMKKOTvZab76hKcILvGFM+YXYDIt0euMo8="}},"jSvXD6+C6N0LzabSustyMp/aEX91l2V0fhgKLGhjaD0=":{"valueMac":{"type":"Buffer","data":"21aY7/uRHJhK4yBvWdHNjwJ5sxRnft6LRq5OSvuDYhg="}},"s6mw0SMp8WDds66TU2qxiSTQQk+9b/9eaL2Clr1TVDs=":{"valueMac":{"type":"Buffer","data":"CUZzpA2/UUInOdhmHDE0Rt4NC/pMB+9Jx6c6y9Rc0hs="}},"Ma9hzF9Jl2rQBla5TfPTi4LJxtH4Jb433AyR0LRmzko=":{"valueMac":{"type":"Buffer","data":"sVE9E+gWq7OOW1w7KldgBH/MAEJe3IesTN1jx1ZMAbk="}},"d/M45nH7gInjYfQZYIlBWDsgAgTRYDO3RnHBgbVxgKw=":{"valueMac":{"type":"Buffer","data":"7lB8QRDdp0SeqTq5mfH8ltvFE8hPT6d/QUdF/rxFx78="}},"weEpljEEd5S4340G2PvhehdFbnjOfsjzKaS+yx9Rs0I=":{"valueMac":{"type":"Buffer","data":"QwknsRSbbje0Oyy3Vni+ejAoYFtv1K7yDwEUmTvafyo="}},"bkb0hNhAwkoH+wORK2avkucTKrpNmn1te2G2D5jWnw4=":{"valueMac":{"type":"Buffer","data":"6G4mzx1CE0CnEymoIK+YhDRK1ln9L2FZynF3r7irhLg="}},"S45bQOPbNqwX+0o3ETKC6Bwd8TatLxOrvYExj1Pphiw=":{"valueMac":{"type":"Buffer","data":"denYsUuMYGSeQLHrEPMGpBei+qk8d8rdnnrtCrbflD8="}},"iCRtQwqrF5YwFSpPtdJxqkeZ6/Oo3BmHzoJNZD9WeSs=":{"valueMac":{"type":"Buffer","data":"4d6DvBoJVodFhMfpCVlxn2n73clyRmeNUJT+kyt2fUw="}},"P+GRNCnXA4NzXKyqAdx2Ut4MIc2P9yXVmTb8xGYpreY=":{"valueMac":{"type":"Buffer","data":"hkz4rDHuHZhvuc6qJ15qRnpaxoCSkOCA/SDgEuQEa9Q="}},"jPCEyF8T+svDaU37lEAGPVn0JQVyjngoUDX46qfE3gQ=":{"valueMac":{"type":"Buffer","data":"MZzIu4QfDEHOwIte0CDwYZVvRg5t/vk6Q9Z6xkbeEYY="}},"d2FWcAhFz3LreJzWdo+Gw1KfIN50U3lhreFA7JF0IF0=":{"valueMac":{"type":"Buffer","data":"zn9rVzhGXRwH9QNuGm/e13HCNVXf8jjTZmOSe/Typ+U="}},"z/6Xei8fv6z46BoPd97FXlzn48CJ7r0HrEqwAHgHFAE=":{"valueMac":{"type":"Buffer","data":"Du79FnXdiFFr9jcG9dw+zF49dueqav0bfvvLEYmxY8Q="}},"t712mwh4dFrT+kWMIzM0qU82xDp+zbPhm7QfJTlKkE4=":{"valueMac":{"type":"Buffer","data":"3663I6E25Lc2pTeVbPq+tDAnM+oQnu1G9t/lBHHsEcA="}},"HJVGjxFhr32Dnt7HB554Y2B5YIPBa0c8Wd0im/nu1BY=":{"valueMac":{"type":"Buffer","data":"UTQPQV1uSMYy1GBxdU+4MRfb5ENQoNuM16L4qFBArWo="}},"CAmTidN0vODs0A99pWO/JrEukhSQajx0+1AHp8s67oY=":{"valueMac":{"type":"Buffer","data":"WthRSa+hnImW8ekIwWJjRPtIJOq4orIQe66AyFNP4Og="}},"Ij5m9RLtS+fzZb+Be6fYrGD9kWaTlf8rbIxTbYcj4gg=":{"valueMac":{"type":"Buffer","data":"TVy9E5sTioUMSuVYC/cz5WiPem6nUKjfXtYzaiziWqQ="}},"XVs1Hf8RNwxZPAhF+C1Qr0NUXh689t4BmnB4H/OPYVs=":{"valueMac":{"type":"Buffer","data":"zxXONzTaOdddozpmqYg6Gu3qyrafZjDYMTYdVNEzAdU="}},"Dr8EUCfLo9S5L1C6vaoSiYmsoLEoWIDHP8L+vzXp+dg=":{"valueMac":{"type":"Buffer","data":"eGH4Z+l6wBY7Bxs2QTEPQfhF5m+k+X5gRk3pPFapdS8="}},"966t2RX2IIylSMk8zb2EmaBtE291ViMr8n7bYMtF3Is=":{"valueMac":{"type":"Buffer","data":"fxHn+PkxpQXE9BtVEtnVaoPQK0y1AR0T44OZQcDscjw="}},"lCuNALeIBs2HeG4xf94HTMMzR+oska/xKcWd8vRCWmM=":{"valueMac":{"type":"Buffer","data":"I+IFdq3Wmfqn44+EnCiOO+tCQS02m+KWP4LM55zLJjs="}},"GGYdMA67Wb6Mb4fFXmu7ySgiLJ8SOY2+2N3JYQEKznc=":{"valueMac":{"type":"Buffer","data":"Y+xbaS4Kzm4vCPSFwIzFvfPBjr+35aTnZvNzcQJqkkg="}},"IBmeEwWbDzBQV+5lB/dCyM5K7S5pDpYRTcle3RHZ4tc=":{"valueMac":{"type":"Buffer","data":"z2X3iYh6ZQ+CtZQl9gGr89j+GGJLQ0qfYzo84MMST2Q="}},"mN64ILYHf6IIyAG81nPqbj0U7nohb6dGolw+qjOP/io=":{"valueMac":{"type":"Buffer","data":"veSsdTOn6gLX8I45sVjtSDK+bUlbjf3IH8YL6MWuxgI="}},"Ws1qAa1+yopcHuJLz8STPgfUtAIpKjheH586GcGCDHk=":{"valueMac":{"type":"Buffer","data":"h3YibRB+WqCgx9WE+qu3wLqxw9cjCEF5pRzFPEWSmIE="}},"GKFa5S1dZ2rsRZgsKPj4aVKj4ElgACzXqBx1d0JcHRQ=":{"valueMac":{"type":"Buffer","data":"2wBoghR/jdY/mb/SxqRVw90PNP+s9nSdUNuk8e74AbU="}},"5yv7hTgsp7iBa0Pqz8wemRNarR7AOIN9PLNt1OdEKas=":{"valueMac":{"type":"Buffer","data":"onpem8ZZUJX0ywEeW38qcGcbQUIag6L31Bo0R5vygFQ="}},"WPJ78MPH5Jvb8pi385sgvoLl9IeUlbN5gO9mQG4y/AQ=":{"valueMac":{"type":"Buffer","data":"Gkq6c6dMTeXi9ox/Lpr9+iHJTBp9GohYmV/RhESgA2Q="}},"HratPz3D8sWOx4YdeoANkoptMYDn8C268gx50XO9YUk=":{"valueMac":{"type":"Buffer","data":"5eVDC/u8SoQf6KBVBzoOx2zmi+5psWRkmx2nhScQTEA="}},"NAfWSjdunuBLO1bP4uuMoS3C1BytoUIXsdk7cvwjnhM=":{"valueMac":{"type":"Buffer","data":"91VcKFGSALX+CzOmHeCnDcXKr3PniZ1bkMF7BHUkYEQ="}},"rR+p10JvZTbUeusDj1Eq9+Ndq0RFCzoHI2Zlgls324M=":{"valueMac":{"type":"Buffer","data":"DiLUpmKbTN5uVTpnHcFN8XFTEX3QmkLB/CJLNKD1ZrA="}},"9yMoyxk/+xZzYerSz8+Owp3hJIbOzC4d+YmiZDPES2Y=":{"valueMac":{"type":"Buffer","data":"M8l6RW9J5epax6wz7wzaaSnL3bd6HSpQ47wnky+xtVY="}},"4VULbVeins4FTjtDah7+3bmoPFlOJ1Mpm6AU/My/3W0=":{"valueMac":{"type":"Buffer","data":"GrPq6CldVU8whU/CZiWUhufZ5izZPvLRpkyGRbTllw4="}},"Xkq+Ts1aI/W1UWmSuAzHCi1nz+YsQjNzjXbe9kMJQFc=":{"valueMac":{"type":"Buffer","data":"VuBh1NBJD23nEyDDk6KqQRSVDxnENgeUHJmoJTE6MgM="}},"SFNbwFJvM1+TsDR9dXGHqosKnjuGBdZuQfCEeS/MCA0=":{"valueMac":{"type":"Buffer","data":"TdVArlYTQRkEUYgj3nqvsGI6OaH8pKqRyKSqFQIX09k="}},"9epsrVuhHEqjYpxamKAETt5VQcpWCvBCy24cXCBnLSM=":{"valueMac":{"type":"Buffer","data":"tDRtT3WrQjkTTeX8xLT8xIK1nsevDhUGBbfTgf0IOJI="}},"KlESVgmGsA8n5b4wtr/e8h+N/iTXz5kh1xnMVEeTp/k=":{"valueMac":{"type":"Buffer","data":"TvtQGvFStHGmSibL471zw6e3rrxsf/th03R9QLtuxdE="}},"/VOnByg75jbe7hbJMdAKdOGBbXpXkqBN4rTXKuyjZRc=":{"valueMac":{"type":"Buffer","data":"d1a14ONC8xj0bTZk5lN5RKlv4aw2GCds+S8JMa6gAGw="}},"YoDs6d4sQIZODo86cJtBOZFCaJc55Ruf0uzP7IpPBNw=":{"valueMac":{"type":"Buffer","data":"H/3wrB0FU9OW1ln4j8NzVHqbcpzTRI2Q+U+1RVd3CKY="}},"pJL9o1yxtfRgefT295ioyZeeMpogVERbV8F4ns5fkkc=":{"valueMac":{"type":"Buffer","data":"pEtoiCiOTpXA6UuxPxY3jVeRi0HcQjLd1drIkwwJzxw="}},"4dppuOjq6luD0JZoRqmrP+Svr/KQrtH7dfklfBnTcxY=":{"valueMac":{"type":"Buffer","data":"n9PaF21T06wBDmIgC70FG4w6J3xA3M/Lk8igTbhAk8k="}},"RUSBJAl4zOcpzlz6idj3TU5Jk3Ihsaxjv6YAuJfeX78=":{"valueMac":{"type":"Buffer","data":"WJ1xy4ihgp/1n5timBugIBvtTwpoe36s7XcY/0S/0gA="}},"qfF/jyJqsVzWLBVhFsiYTo9VEAm3OiYUhKToeIbz6s8=":{"valueMac":{"type":"Buffer","data":"W3tbWg/je2R7FbE7K9qtJ5hJLQV2zyc2Mm9JbPOaq1M="}},"joFEA1TyYvKZv8jOCDECLSp1eIk8FSjzGAH76PR4CdY=":{"valueMac":{"type":"Buffer","data":"H+9npNWz7ZnnBkTKa3qJ08VywXpmFzLDaVY9NMcYPhM="}},"QyPy6abwJQb5TjBoGE6Oy+9eU/HXZ5MyUaOf93AjeeA=":{"valueMac":{"type":"Buffer","data":"azaRaIgVRQp/OXAqNlaA8BvanJxXbpbiTXEqyZHLq88="}},"NfaJ7PvOraGJ2B0P+Z+nKGDH6IKNFkMR7Q/x+uW7mmo=":{"valueMac":{"type":"Buffer","data":"eLL4YrJ7cH4NStS6SoYOjNd9V/6Mkh2Xz2nwHdNuZlc="}},"giidgMpUfuT9hjIrHMJESgQHBMH057zBBXRceDZZLrg=":{"valueMac":{"type":"Buffer","data":"X90gTHVg5uoNUoX8/rufu5nWiidh3Ckf3kphcdfaCfg="}},"WgtGjbJLcmeclTj7uJ8hvvAr+o7BOgJDSDUJ1c4nS+Q=":{"valueMac":{"type":"Buffer","data":"WB0jAHT2Gr4Rt4Uks6vv1lyXDZO4Bo5O+RZIyUIqrCA="}},"Q+cyy8QUQRXdxboEgk59PJLjrCnxp6c+Cbounf10AlE=":{"valueMac":{"type":"Buffer","data":"63D2g+IF5UTboHcMmAP9gQef19gypJCZbLtNttVUmTs="}},"ZFnsWf9vuAZvxVpF62DVzVNLHCVno42h8EBi0G7t6qs=":{"valueMac":{"type":"Buffer","data":"nytGKqHR5GTRyC0FnPysopzwp/eQ9eCb4lvBdcu1Y+k="}},"jJ9QIncqtMrA49lGoMQeg9bVC3+bxeYd5Uamdyd2MDU=":{"valueMac":{"type":"Buffer","data":"W7d8EoP43hz6gmABD/OiRWbj/lOpSg3f1cesMq+On34="}},"RgDit413QVJvMjt4XG0XqEA7saHv9cI40F/lOZQ9C40=":{"valueMac":{"type":"Buffer","data":"54n1m90IPy3C4s1w/Y5NSLvMgFT9du+RWOI0ZTaq00s="}},"BC9MmDn/TqZu3DCBC+XA3wjWmGi9t7HwByIY5zJ9iys=":{"valueMac":{"type":"Buffer","data":"/In13fDDOP3FaRLh4ksUnJVWxboxS4CP1VxZyf2Ssn0="}},"MnHxKyAzxxsY9BSANatUlM3NuSoNpALvLCm7//sC5wg=":{"valueMac":{"type":"Buffer","data":"wQGi1tTylaB4KhQdZRaYpgy6n8n4fJOOzy8Z+YfszAE="}},"W2gZbou5Dp5+6zUpTWrFHbOoxQnQW3ZdvWJ0FDVvI6c=":{"valueMac":{"type":"Buffer","data":"waNALidNaXa1vzeo35qjhKB9aa3GNDL+YPOBfi9SnTA="}},"3RwwofHsN28GksZAZpeBOpUKQQMZMdP7NfDpka6IR30=":{"valueMac":{"type":"Buffer","data":"sSxW0+V59m3xujrYgisN5E0H0/Bu71nO9iupMEhqSIY="}},"S6Pelm4dJxyubFyhz9y0LH6+mVSAneoEtEN/VkTdHzk=":{"valueMac":{"type":"Buffer","data":"tLxdMq3no0ikEHj9/eu37feaPeAsuH7m5Zm37cN07cc="}},"SkrwZseHtfyz9Q9NHbb5BBg8lDShKTz1J4l8HFbabwc=":{"valueMac":{"type":"Buffer","data":"sLYJnPzqagCQIu+uGlM0Se3e+gmJ3OQagnhWVnOU6oU="}},"HGpNiz+n+6fyfZKeuiuDlnHDm4cGjwf/4QsUZsNoHyQ=":{"valueMac":{"type":"Buffer","data":"YMpDeAwEHmw2nsa1kIzW8y8rW3+vxtsH1eauL5bVfKM="}},"QyMuw3KHhMojtXNLHcd9wDCQpCZP1OX8Wt19iABYSKY=":{"valueMac":{"type":"Buffer","data":"+RY17joLCY/dy3mdtgvjLd+4a0gIW6ld67dprmiHl4g="}},"otf17apu5oXp1Mm2R0h0YKenUaWICG5rKQQVN5WAuaQ=":{"valueMac":{"type":"Buffer","data":"DAxOIHrjZBirIaJuPoeVXDpfAYMGQb/vFCXN5c6ETjM="}},"coSHYuYXQEX6SMCPZNljVTYRs5rglR1AEL16nttU0Rs=":{"valueMac":{"type":"Buffer","data":"7LYx4eJNvP7oFArFgbz9le0B18FXjId0EFiXZ+OYPmk="}},"iBgBBIrSNIvS89FFsm7ZnZRakQDj6r82Bn83SMxv7AU=":{"valueMac":{"type":"Buffer","data":"A6BUhALe5lUrFAJInzdthrPYrgg57YhAvcDKKtkfB8Q="}},"P+vzPR9iSa10NAtefZV4v3IzGfAbM1oji74uJVt/dQQ=":{"valueMac":{"type":"Buffer","data":"hk4KpUcSTe9G7R9HE7w/s2tfBnPpTkqyQGIgqoO8XfA="}},"KexbhjyvN9RK1duDNkyMVTLgc/MhgHLRQ3hjn0EcOAc=":{"valueMac":{"type":"Buffer","data":"8bCjsubLEgajgedq26nVMyhXYf/m/95TsRKNFX/XriI="}},"5C919IvmcuWaIp0ZipXXb6JwhLSIjeF/shOpHHyEnhs=":{"valueMac":{"type":"Buffer","data":"k9qBUAPsyEmzqyo+sddDsldSp+TELixtu7eW+t/z6w8="}},"VmPprMMo4GLrLRo5zh6MMgjfbK0LxTHt9fhp7YaK38w=":{"valueMac":{"type":"Buffer","data":"Ac1FxsqcvWQBNmTpFIT+aGCdlQm25MyndUrqTj/Huck="}},"1icOH4vkWmRLyiSMz8Cfr4HCjQRDPobfGHsYLp4XLf0=":{"valueMac":{"type":"Buffer","data":"v1Su+GtmF9znAtjMZ0kp5RqDYytDXRwYpCuBuoPwUfk="}},"rDmrLsS9EkcjRiePJsShIO/gS7KH9Z1qtYFJYwBpyfU=":{"valueMac":{"type":"Buffer","data":"xrFkU/Gx6wJAcOzfYUVMVv4oYHmMDTVaGSZ7maZJKCU="}},"Fbc4+4QWRHECd642JjcpFP9Zp+hdjcm3sRD23hXmIDw=":{"valueMac":{"type":"Buffer","data":"BYBs9GFQTnSlLZs7nPeUwcJ3CGmJzdz4A4lFwacENo4="}},"WeMdojhtX4kBbrR5HetCabsT7iuPT1mBEZHha4gXoag=":{"valueMac":{"type":"Buffer","data":"w6ljGWcS2ANZkx+d8UMeWTQit7iausI/lN2SvvBRxoQ="}},"KbCDU6Exu7xMWS2IuI9uCGHUEcexJCtrSflZrKK9sAc=":{"valueMac":{"type":"Buffer","data":"QRblUsVMtY1zak5I9FfWEuVoirJhFwoQrzXJa+V+1To="}},"dHIlIZdvPVFa78WoWKtvZIYRinPTC21nw3gklAj6pMc=":{"valueMac":{"type":"Buffer","data":"5T1HAtaRKh+WUvlW68jdiT4F50rIWexu6NZuOCFv9vM="}},"9BonBgk02Fiea2Egvj9wgHjcRpOVDkCAaY2f0qBa6BI=":{"valueMac":{"type":"Buffer","data":"ifMncx+G/eP26qqJ6iRoDRvG9cGZIMqgbBeakp6bxUU="}},"rn6w3Ejra2V3x8TpviMuuSHva2wibC4EGGythYYNzsA=":{"valueMac":{"type":"Buffer","data":"LGiXKWlRMeHlCMhdgP35Q/YREeYF5i6VfNJAugn363M="}},"7Lv4W4bR/HKTAMgO1J29fm7vABcrUdwA8nSZceiy2EE=":{"valueMac":{"type":"Buffer","data":"dUrh34ovTlqBBn+8m0tcd/OrS8C1td77oZ2p0+youAM="}},"tUoQBmJQleE4pC3vEsA9N1gAEvJLxn/3WPtcZtTLqDU=":{"valueMac":{"type":"Buffer","data":"n5eiJH9R3L/u+xH3CFkoUOV2lHOn+/5gLUSALU9faS8="}},"dYF8bnBG3eD++62pLET1fIPpYKOxa9qjPPPWd7sItsY=":{"valueMac":{"type":"Buffer","data":"gd856KYGNYbzm8329yEZKv3VINV+6uao/ULI+gDZJgs="}},"r2rftkOruFCEbStUzvnSJI+IhDxt+r8y/HeuMT+aSqQ=":{"valueMac":{"type":"Buffer","data":"6P2ndclYMQHnkXQiqn8vrEdJUdSphQxMAOsi/uKWIvs="}},"Ix2KUa1MWsg4phBIRlYvWS54q/bvR4usJUrIWcDmkLg=":{"valueMac":{"type":"Buffer","data":"dmaQfJ6f8mWpJPttfGs7VxSFYDrguXQvekRrP0yi5j4="}},"hodp9LDsb7ez2L+KPj+0lVVy5BsSbquQj1aPjajRPnY=":{"valueMac":{"type":"Buffer","data":"OvpZw+kYX8LhTMWcbmO3hXtPhF0xS+zeiRWB7mga0oc="}},"WtHQTlUNzDBVjrlzqSHtdkuxmVUJuk4GgMXgbtWLnTs=":{"valueMac":{"type":"Buffer","data":"rMqeefxtfbd21dVsHy1dSlxbZCXM+6JuZDqoGzku1pk="}},"FQyiDzBXnx1+VE2mTbVmKQFjJD13wJ3ZElrXsujBhUM=":{"valueMac":{"type":"Buffer","data":"MrBNrGHq8espNxrOciRqYqsAZEBBZ8rJDylkTCVHRQo="}},"xXge17VhVldMj5sbwPJOj5BvZe58wYL8fotG1ew0Fxs=":{"valueMac":{"type":"Buffer","data":"yIuUibXAnGqtnOw/CR+U9FiyJGwHqvr07QHLs/ThKIo="}},"bQwCe9gxbwd8iFO2BUoo+BLIGOStc5RfB5Gn+ts77Qo=":{"valueMac":{"type":"Buffer","data":"EQiqqDkhjWFWyQqjt/ndJyAV2rMXlqcKAyD083nNaf0="}},"4Bfwy+sH4KzhK196AOF3YUbNFltKI2OHe2U4oZAjxag=":{"valueMac":{"type":"Buffer","data":"yAgs4JdPpA7SEAOAApKSSlc+2yavwvCFkkyI9Pa753k="}},"x73H/YTFpGjY0jNrCFxITDnlSpO1yxo/4z+OSikJxQ4=":{"valueMac":{"type":"Buffer","data":"ChJzAdSWTrD72lYCdBrqXAGWvBWMndA9MQ0eZ2WH48s="}},"vMpXhBP7BIT2lBpsYio9ZgHJZxTnM/M0KtzfFDg7//E=":{"valueMac":{"type":"Buffer","data":"iTJZ9VnhqtRnEz9JqRlu7/BJZZBNt+J90Xf+Wz3+60A="}},"KylT4gAz6z6SoZG8gOpnzJ+BSJg70izZaq0Wt782FO0=":{"valueMac":{"type":"Buffer","data":"bMnz9r/KCxPnRRY+mHpb2yvoVBCnBXUl+pHSxxY3kuE="}},"RJdPTEnHORRIjZ6DTiYRbwRkKvU/h/qgE+TDLZ+1UGI=":{"valueMac":{"type":"Buffer","data":"5x3GdObMUT1k2C/So3vy2EbJxCOuJdSbT1/MIjk0qm8="}},"AmQykKQfLh1rkFgKSFKa2eMb6kc8XzYL3s2PVUEGuwI=":{"valueMac":{"type":"Buffer","data":"B0jJ1tCOqs+uwaP6z5GjOi1gp/WcJA6S0Hjhb9XnWQo="}},"fLvWqXNGIG3z+8jUWPtMjJ7kPDzaqvmY2va0tjkURNE=":{"valueMac":{"type":"Buffer","data":"jgYDph5oR0WmDBEw90gy+tdxDyzOsWS2rgfyj8iWBU4="}},"6kBmfbrbYigd0iLxiqen87WCPD8b7E41rHBtyz/RLa8=":{"valueMac":{"type":"Buffer","data":"MuUEXijPyEAYlxJR5CM35NMSB0yP72ooGexXpsMn64U="}},"7AhV3NoZAbRzvkhV5ZhcCYNvDd/UlNPAi2OMk+MKQtE=":{"valueMac":{"type":"Buffer","data":"IiwQCDksagZLU0VLi4FtX5ZXWWqMQN/aaHoDHVHtNZ0="}},"BA+PFlmKEbG+lltMUW4w7NePDTfudfXv2kEG1PyUdTI=":{"valueMac":{"type":"Buffer","data":"IWbgTDE6Bxjjk5PpuRmNM8H/al1LFRZdBa5PUk06JSY="}},"0S/G0elLvmvl67qG2TI+8CQzArHJNNBQe+evkgja6oU=":{"valueMac":{"type":"Buffer","data":"dlhz8Y3481vAnKJOt4yt8CoVKkVj5buk8jkLjmKyz8c="}},"c67oMK+x1cTASlKwbs/pdv246RmB/dWknkY94jBGOhc=":{"valueMac":{"type":"Buffer","data":"cP/h4SY9Ff2+8lVodUQyuSzxR7Mi92m0uzT6C5cBM68="}},"2mcWrtgavi3mWdUMQlUZsTFrkxJRXj2bnBh37aZzXOc=":{"valueMac":{"type":"Buffer","data":"OocKE6oorFr/NDyOQ9mX7yAhxqeO0Fc8Mx80FCsqHT8="}},"LuSwWM2Cm/wWaqD7y0FKOVo8RZGnfofh2ZZCfRcZB3I=":{"valueMac":{"type":"Buffer","data":"3hjR3wwQCiVfGV9FSChcwJFtidl0iMjAXucCXEs5QQw="}},"VwYv4pM6duixOfjww8vm+zkmaQ2VBOe9Lt2tnHaOx/U=":{"valueMac":{"type":"Buffer","data":"hNYEQJ8UgUvmcw8UclYpSKQBtGDUYnBWZImtIANyVbc="}},"qB1+hEmHUIpmkftOKm5GeeGDzxrKwwi2n6KqK/kNhvk=":{"valueMac":{"type":"Buffer","data":"fuenb0ShGUKThzc3XYrIj3PRT80Pam2VuhacXdtSuLQ="}},"mS2WYhzWfdoBmWZM2gBDPoQrZiaQ/s2756AYgLeBdd8=":{"valueMac":{"type":"Buffer","data":"DJCQ24JyoNQL4/QOOjOYXhLrtSjHZu/pxwrN92wFRsg="}},"9M2Eh3sJA/Gs2biJnd7MirP4YWR58L2h8UafaLJC0yo=":{"valueMac":{"type":"Buffer","data":"nSAe5c0P59T4i8Px7kFM19T0mP9KjMUjvRPTDbg7OsM="}},"QGC2EOxzFzKSEEKLUqrKHDz534u2j08DvEThfnpN1UQ=":{"valueMac":{"type":"Buffer","data":"XuFkl06PsPVdvOk/rwu52d1uBbUmlpzhLbtQg1iEprU="}},"9z71sqT8puWOWYLGafwnRNA7189OKDYtQCa1oWeg7i8=":{"valueMac":{"type":"Buffer","data":"ZM5IGH8lN2iDQg0VU3UrJZ4KW6NVoaZO6QtyE6Q3Nmc="}},"XJP83SyDN8+VWyj8j5wWKcGNI37hVi590j2SQBNhPIo=":{"valueMac":{"type":"Buffer","data":"xvKgo+duSbtzIc4AVnc3PM5G8I5lAgBa4sVykI0bAh8="}},"tHc7/gXW/kmhrt/aRuZKPzgIHTdRZqDOqyKBG1HCZDg=":{"valueMac":{"type":"Buffer","data":"sWamDMHaBCRPYiFbsQOIF7uxZWZsROnhqDbg4prwB2c="}},"fxkwHJlUtjnZiURoxQn0WLIsrakXEHXIe2Y9QFJTCck=":{"valueMac":{"type":"Buffer","data":"7h9JIADus1nn6uXh2mtjqGxuIa6+Q6p6E4760v0+YyE="}},"uVQvOBDjcmAHyZSIlNwqVR9qhFRfmImqPkF8YuuQ86o=":{"valueMac":{"type":"Buffer","data":"v5ifSN1y3BByP+2aEc1lOW6wS1+3PPd03mab96Ap9Eg="}},"udpcPppOi1hhkpZ2fOKMVumXrYdvwv2o5eBFYQL2Gyw=":{"valueMac":{"type":"Buffer","data":"S/GA/vpJd4EC5sVkYewr1syId649+xYzmVAgbFwU4xU="}},"VdMDdB+Gs3u9f0zV1l54MckjNOJNzbLGUa0qbV5iFe4=":{"valueMac":{"type":"Buffer","data":"RHDVLHisSVjTne+jNNIu5iNRgwfNFQRKLd4nWzhk3YY="}},"ekbu3HVU44XxcpDhr67PnV00fmIyhK3xPOaVXX2iq2M=":{"valueMac":{"type":"Buffer","data":"pVIPpsjG9pKgFjs1qJ8YyRNEomLUnkOjcaAjW/Hhm6Y="}},"qsK/+FOa0rTKzkHqu8JIMH3cOvZ10X2k5I2Yewl4h/o=":{"valueMac":{"type":"Buffer","data":"8FpoV0ttFBSW05lGFsMB7couyAUfAQxb96PrssOwRdg="}},"85IB1J5rCbJGQyvmgubeIThIrHBIxrwXPZXiuVyGNP8=":{"valueMac":{"type":"Buffer","data":"ifFbbU70FIE5BRcOUOvG3+pBamahW0LoS2AYdTuwTi0="}},"oZdrvcWIMH/c6l7zOhMWMGT7nTGl/c1EDKIdkzS7aPQ=":{"valueMac":{"type":"Buffer","data":"KbEtlvFpeoR8cj42IE8bFnWRhv4HvUnrbXFBWa8iNQk="}},"DNDVyo/LNkMOBM0+iLqQ1Usu6df0sJwX/zz520V9sLI=":{"valueMac":{"type":"Buffer","data":"tk9M3saz7XnJ62H9vVC/X24I+2kX8vm64PkJx7mgvJU="}},"DU58KJWkG/RjGzsZ37BRHsJsnaAf/Yjq0Io5xm2BO1o=":{"valueMac":{"type":"Buffer","data":"QXKLDSn6CiTiqcCRxaHYjrJbjD2g88Xp3kDdXnSY9BI="}},"tDXxaoB/xCSr3BlEmELluOohxw/ZChdXcprLBh6aBRk=":{"valueMac":{"type":"Buffer","data":"f30RcMewGwpNzUzuuiFCrTbJLToVN50coLBNlEAnhgA="}},"e+Yc9/10xYSIspE6Q3vpC28QSc9kn9xhH89NWONhWV8=":{"valueMac":{"type":"Buffer","data":"vIuB68cWIuWGYdEWqbxIsuTYo48hqgmtSFg9c3vNRWc="}},"wcCvGumOmxTXz9QNUv5NM169jicJsG/PxeIxK9to3kk=":{"valueMac":{"type":"Buffer","data":"bOhD3frFwzSldulCNpb3ZBrm8OEYrsG93po6jIA4Pns="}},"SF2okrHSD7Bd2mjN2joxL5PExJgqy7chFoVLq0UjZNk=":{"valueMac":{"type":"Buffer","data":"saLdl7UPegfhuynA+Ih3nuETbduHxnVsTzCBc+kbEwE="}},"2QEssHwpS22csExqjiqpP2/Bdf1hEEYUTVhVekaFsyw=":{"valueMac":{"type":"Buffer","data":"+0LRnFOseMn0LJhOjmnTfvO3j0Fx2+nYd4lyJ+cFLD8="}},"l5MUqDJP8STvsbRfBEbSx7Bcmi04AqHJqlB1ClSNl+8=":{"valueMac":{"type":"Buffer","data":"TCN8yBz/+CoeMeKAV5mJXHKth8lbl8uctOnmauf29AE="}},"boZ9jN87Dhci5TgtPok7vIkxffNaNNGb3UqVlYJ7/lw=":{"valueMac":{"type":"Buffer","data":"3G/z2e10sfIu/vqIg8P/bbRODE27A4v82CVSgH5xdGc="}},"KoSHnw0fVL+hLI94m43YOsnsW4PPXNJ1RiaR80yYcy0=":{"valueMac":{"type":"Buffer","data":"caRsXmkcamay3CFCLzV1M+pbJIOa6LPNLgd6yX+roDw="}},"a+B23U7ltSD6pxximZ1Bikh16wAmanYA0lVERdiPNYQ=":{"valueMac":{"type":"Buffer","data":"7IJLH28Ra9giOGzDYsz64Ri8anrVeJRWFuKmKmz/IlY="}},"n4SvyrLjoo1h5Hn5T82Zn3vOuiW3OykBrPjB657V2Jo=":{"valueMac":{"type":"Buffer","data":"1dsTOLOK+8zZDcL7wvIn9pgr1aOQVN8nmDwRhnlDYLs="}},"DZid40hVRcrC4lzQoQj9I7gEtT8FrTX/ASsHs32Kj5s=":{"valueMac":{"type":"Buffer","data":"dfYnt1oGzeFZLSVE+Pa04hTCXSvNTzGpR5j/WkKcgkc="}},"AoF6LHWP0jzZ+bAdblBt9hAteAEEZtsWbRKSYvHbExY=":{"valueMac":{"type":"Buffer","data":"oZAMQJfaMBEWrqr/ANvFWLHpQ0tbM77tfObtfUcJ/Ds="}},"uwbgqBn/xx5ZTFmp+FIhGtOMsMgUinJeRclqcJlNr68=":{"valueMac":{"type":"Buffer","data":"VRbq3yuVTeNxFvfAJ8wjknAHlAqkM7vXrCmwUZboycQ="}},"Wq16a+MJGAte0+ueS8OdK9/7JofP7J8iPxAWDaZCz2Q=":{"valueMac":{"type":"Buffer","data":"5iPXWLx6Lr+NNr7UGpOvbjBVgqOuzqc5WR9HcqgEj18="}},"FbAD5PctOo/binzQUtIRrkHptW7csiJG81GrFCmdTAE=":{"valueMac":{"type":"Buffer","data":"KRBYzwJjWkKsiJEJVo2TSUWSZ47m6XpFyOEyEkPoFJI="}},"1Ug+5oNVlR+LR7BM8IZPhFhFTp9X7fF9cHOg+gRrKBc=":{"valueMac":{"type":"Buffer","data":"9srJK2FBtmrBxGzb6Jdlahyx2bDCuETwU7fqP3UFb30="}},"69N2oAG0/S5jTF0GVVuun7w/XOiQ1MCIpi32tgFQt4E=":{"valueMac":{"type":"Buffer","data":"QCHlWmmYt8SgBfUSUyGzxxkKGdqPL+1rNXJwX79eYfg="}},"I05ZayVsHtXaJR++8DcUbK8x8a9fM8S2KiYqWOVCGnw=":{"valueMac":{"type":"Buffer","data":"Z6TzIlPusEaRulU6DJu1z7DE+cGMyDP/7dRLS6BC6MI="}},"EBn+aBAxcBLjb41ssKMN8RNxoz+DK1W7BBllveCEwGQ=":{"valueMac":{"type":"Buffer","data":"XaWH14gJcQEKvn36oFgE9rocuqf/SsPAk/+L5kS8e7U="}},"7Lf4A6CbBB+fblRWuJW+ne5woaxgYE2tpVfMQidP9Sc=":{"valueMac":{"type":"Buffer","data":"Wyfsg1G74bkGat431iXVfjfA3PChUsiGLiVVA6KuXLs="}},"mKn06Yk1+s7EOfK+WK1yAuJ39XjCuj5dI2GNs7PNO+A=":{"valueMac":{"type":"Buffer","data":"mZzcv/zrh/GPqKSS798K0fEiKTwevSwtO62qhoedq8o="}},"lKzT4MSZhlkmDihtUDuXPhFPumHodcKq/DHLPh1Hnn4=":{"valueMac":{"type":"Buffer","data":"16WTZ4yNzKaON+GuMivBhJlJtbF44cP1RlzqEI+BwD0="}},"QGfrgvtcee6haWva6fesiccSQsJzmAbUQ3xFFOm0Vsk=":{"valueMac":{"type":"Buffer","data":"I8JMlobWG/mSdtDBogWXmgJru4kgJL2yiqo1IC+LCSM="}},"P8oiRdqdvDUS17T+SUHcJGPdTcyna5IFFE6dWUk2IjI=":{"valueMac":{"type":"Buffer","data":"iAOZWNbTlixOC+4K+cF/EQ4pwCj/MGKMSxadLETB22E="}},"rSs9VJ4KqKHk8I7OJIqhWQxQTiqnVCpqSwFtpiPueqU=":{"valueMac":{"type":"Buffer","data":"+JYXZDkkhGuy/tsa2ftpg3Udvl3kXcEeg+egZus/zVc="}},"D7w8JRhzbtxv4bMX07U71MCMB0jZMmdZEDqAdmUpAEs=":{"valueMac":{"type":"Buffer","data":"JZIwc+kLoCC2p7D/QRn31Tn0x4XqnRbVfocnQ2vQGYw="}},"PaiYFO+qyNVV0mWH8lpBEsDhAGypcafkmVg8h4Qrqz0=":{"valueMac":{"type":"Buffer","data":"Ou7sbdG3S51xAZmOSd7T8FY2BN4XdWJZ1qQAaAfnaxk="}},"bOJko7T1J0/KbaYHyGdwGbOWaWsq5DG2teBjN9luZpw=":{"valueMac":{"type":"Buffer","data":"G0eYRWIr4qfLOZDYRWHRtR2J5gIed8FxfKBsdxRvqq4="}},"YBSnrGbwvFPCfiZAIbNE3HWdt79RdoZg5axgz/+1Pfw=":{"valueMac":{"type":"Buffer","data":"C0wnJxtdw6sgKIDVqPWuC3wI9RhYgIEirnqq0MZUNyg="}},"4bcbNVG7J7bxC1f/7lzqQ6qcLwp0SAluQjz2LPpcaTs=":{"valueMac":{"type":"Buffer","data":"+az0ii8NkS7Rgvkv5OPxPEZGsMUvdDJ/1jaU7AjIYxg="}},"FEjQ3Ernx6gYooaSzT+Rg4HZFitfhUSD2RBfMZIOG/0=":{"valueMac":{"type":"Buffer","data":"Gve6xjEiV3sjZNl2W2w33vjS4hV2/yRRFKUVsFnuf4E="}},"Z/RnKZJV7EYfe3IwhlY6AbSlqqsiK+rsjDqrGmtvCRY=":{"valueMac":{"type":"Buffer","data":"9F5Pl6+CIXmtGEpXLUN65XZbQxAnEjkF1ifm5+YIc28="}},"rnxGMKwOqKQQEmHefSXnWYbUr9/0OzyX4lWa07C+aNY=":{"valueMac":{"type":"Buffer","data":"++0h0IYNdzd3oibES1OrM3wRWiVTiRR8g8MeF0SOS4g="}},"0VAX0LjX6OBeraGBTQU5YPRHt/yZRcHylulQjK6e+uw=":{"valueMac":{"type":"Buffer","data":"hZv7ynV2ZCERbvmjOTx9XTBWEecj6ndpex/Q1mXv3h8="}},"r0M0F9xUHT39RmuTprgbDFsgUiXQT7YbXSy4udftJbI=":{"valueMac":{"type":"Buffer","data":"FQb7vs3BH87K/5AobrcJBxIxA8Ibsbnr9lrsnXXTSa0="}},"IQ+0UwHT93pmjIPELi9xebdFTc4KKqE4pouo+a62yqY=":{"valueMac":{"type":"Buffer","data":"QYFVT3vrS5f0bIE6Q6iMIOwSaBSn2axnu/APGb3H5Zg="}},"IBI9WONn33VDxoX5htKlTtSQ34seaKfmsnI3rs6Tb5g=":{"valueMac":{"type":"Buffer","data":"AXfKHToQASL2oktsCdasTyvhb+jSoA/rwtPFlE0PLYg="}},"7TEhpu10jqBSsKgKHzpduwyyyS/8dEpwVyD6KMuzXeI=":{"valueMac":{"type":"Buffer","data":"sCScwbGr4OVV33hypTnm2RctrZ3kAe2lsNYrGN9b5Z0="}},"T5i0wslIVIIVX9+81D9k3U24L3Fy8s7IZk1GSxYYdP8=":{"valueMac":{"type":"Buffer","data":"zWPZnfzEBX41fiI4A9VaLcSCyHeeby5H3GSOGIvMxY0="}},"auILf48827MEuepb2vqeycnOMQnd9QNhIZHxPektH2Q=":{"valueMac":{"type":"Buffer","data":"YGkxwQHi4qLvLa5OKOxYXRp5eP6W4SFeEIQHiwf+8CQ="}},"umh1YZsvr9cZw78xEMiZGJmNZ0GKueha5egNg2vhUrg=":{"valueMac":{"type":"Buffer","data":"dXZGYwyserkaVgIMAjy1bsrn1TQ4bPRIq5AlFQJAHUs="}},"kv0AtdJibvUsf9zjdzuhoO1qEg/omUO1FZzm35EyxS0=":{"valueMac":{"type":"Buffer","data":"BaZ94fufSlCniDQLOBE/KqJikQKW6p3BnscP1I/EhMY="}},"v0agOHXWiL8mtzy1A/Pa3CD9mDUu8SSE542SkVS6tsM=":{"valueMac":{"type":"Buffer","data":"c5exqDPKbVe5kdBX384A0Lf6pHPz2MqkLWNhSe11Qec="}},"tuPJ1k2RrDSa4jrIBPMKsADB1LI1AjrpsOgdPsQovzo=":{"valueMac":{"type":"Buffer","data":"q2SK+9hKcJxJ5iGiOZhfBfFA6z1RIg1b9yfrhKoi3JQ="}},"G5i+069NMsDq0mPskKj26foIEOeQ5sxMDbNesEAmR2E=":{"valueMac":{"type":"Buffer","data":"fgctZc9qem3l9d1Qr430VbicE6Jg5z2mJIOSNOcIXOI="}},"s7Gk5VwdQJ8O4G/juhN403qBG/X4mDGFzc45zqnSWSI=":{"valueMac":{"type":"Buffer","data":"uQ/aXeMnHoGSn8FS2KR1ztW0/VtKnyjV+1UXE/WLZhI="}},"JStVcZveJkKevqMwlNJd9S6Ye1Jjib+pctHWEBjEFfY=":{"valueMac":{"type":"Buffer","data":"AVaA6frcqdUCLUvEHOpID+I0zjVbb8icJkPdi1h8OyM="}},"uGBofHyARw3lu5AQ+PDP8BNeN6uImAhdYwUahPNmCpo=":{"valueMac":{"type":"Buffer","data":"5QTETvZ3nSj07FlIb0BokMOm6pXiDfRMDtbcoHYASVI="}},"4jzxlaSm4oiSTp96IBkKT0UbhCZSWnagiexQ6LkxvV0=":{"valueMac":{"type":"Buffer","data":"QD9I6WYS84gnIDpcsKOtBcXh1/YNUL2VRUz9PUaF3KI="}},"J+fJajdvtByaH3rw0SvCU/KcwXOaiYou40VDqZCDM58=":{"valueMac":{"type":"Buffer","data":"/V9IAvHaHz11kEm5MUoVmEgFSA4yM2FLHQVa5eqALqw="}},"5fDHGCmyoEk5EKy9wPKmj14sebv/Y5i3AUipNKSa3YA=":{"valueMac":{"type":"Buffer","data":"5Az1fK/iQ/A+sikHKBkILro403njP5QVTfrXMINAkMk="}},"R6O/c+HoyaQ9nQw3U3qp1jO80EItTr0PiQ+Xg7JKC3U=":{"valueMac":{"type":"Buffer","data":"jBoLwsFNYdOEKqZXltY0QgzQuI/hc2lThUMG+MWtaro="}},"B7up3wDOCefe8Id3kyDBPkhf1s4mmrYI95wk51q7wrc=":{"valueMac":{"type":"Buffer","data":"mJadKcQY3hF1sk2UNb6k9PEB3M9u7JZDbJfuX1e6cxM="}},"wyOBHnJPE3YDlit2+DAyfCLvjqGmMSqsWNvzEOdoovc=":{"valueMac":{"type":"Buffer","data":"Ngh89si3/FXrO1mNQ4BEa0IZxPWpjAt+IXFTV3IHWCU="}},"FXa09yFpWFM+BVacWwnQLskDkchmLMoD8wGQLpZulio=":{"valueMac":{"type":"Buffer","data":"wGtg0VXSlyQ86QC2YUD37C1dClVte5NZJzHw6hwBkVI="}},"usGUBo8R5W1AsWO9UtudYkn1DyvquEkn59qbf0v/z7o=":{"valueMac":{"type":"Buffer","data":"mU60ZMLZqF9tEKGRyMdudojZXyofW3int6mcI6r54OY="}},"R4NH+TuPvTqEqEepF/wbXQJC2rjkSkOcERA544IidN0=":{"valueMac":{"type":"Buffer","data":"B2JZkDH7fCeWkEy9tDSLd3P0IF1bCtf9Z7RltoO8yOs="}},"yyAkCM+xYpW7Y7x44iJ1C+wmHt0n1bewjTK8WW+o9UA=":{"valueMac":{"type":"Buffer","data":"K+aIVp4OeyeMLCx/VU/dv1JGDyaiRcHyn4icLhLScbM="}},"QNRop+M1g7jkXIvq3z2NX3PovVNS/+G4LOuE4ZmRPIs=":{"valueMac":{"type":"Buffer","data":"lKuIYpU+GP29jQRI9rCDdThp8U27s+KXC+ANcfatBXs="}},"LYCx/ZkALl7e/5KWvcS552cTByJ8RtiGT2gWry88utk=":{"valueMac":{"type":"Buffer","data":"LZTA+FM/qoE0yyUqy7xhCyvwvaxvWwxLpObsiy8N5NY="}},"pgVJk98Z8VFUVs5wxcbbat2/6DU+BCjZwCvvznobZTI=":{"valueMac":{"type":"Buffer","data":"32hCMqxIBuGm2ciMP4azJ61dgNXStyyPW/jaFPGuq54="}},"bXX3LWkMbmA/oBso41HL8tXp2Fl7v+fUNEPGL3E+0KU=":{"valueMac":{"type":"Buffer","data":"kl8/kch5YJXptT30HafVp32s0cv/kiXFIIeZEPQnU6o="}},"kBIUwAPNcNBNca/ryAn4Za/jGGOcvSGyZcGFzFL/BRw=":{"valueMac":{"type":"Buffer","data":"9O4VBkB0muWCn54PKnQVxAlzKnvdFf2t2UhXO+vZE3E="}},"FHXoqo4dC2lgpJMZ9gHfph1lkNvyxwZgl6+7TerXj5M=":{"valueMac":{"type":"Buffer","data":"1CAH3ghzrRMVkX+RasWW7s8aMUaBM7ExRvxkyh2ZFyw="}},"0HnOLKzy1Ixm3BNZd/i5MUC3zMDNYL701mKYDdbI5pE=":{"valueMac":{"type":"Buffer","data":"F8bgeSZDiIYpxAhuEXleXFDtSMz8SO5Rl1uiKyyLaok="}},"DDkb8q5q1JbTtmczdfBykcY2pRoEA/602BfdAD6lTDw=":{"valueMac":{"type":"Buffer","data":"s8zVuHnF2NP+fQWWOds7WUSmf7winrfiD0d0IejT+Yc="}},"Soxli9ylr2NEJWy1DCIQcHvftb0e1fZ80PSb1F20ySo=":{"valueMac":{"type":"Buffer","data":"dY7RJaZ7w2TI4qXroNEgs3dUxDNWJHpIki0a//ZGryo="}},"4ZeUTtw3nOXLRAlst84XRMbU7ZH2kI/tO0FkDEt20bE=":{"valueMac":{"type":"Buffer","data":"AQOFHN/sCXEgYElhA74blhFhqfFioB2yTiHObeX+1PM="}},"ljDe+nPRSOTWwkwWBL9/Z1YFs5zQHoxkKBoJY6kglqU=":{"valueMac":{"type":"Buffer","data":"DMkNae+5jNfbl65zFd8HErUPQixnhwHf1sjE6Bkzvb0="}},"0b2jk7AB7tnSAs9Hm7ZfBH0On3KMTGZktIrP+JFwNd4=":{"valueMac":{"type":"Buffer","data":"GctE2iMdRGi6UMx0LqSsvMfUEKEXi+Rq8P2DrOWVGZo="}},"QKx2cxp1/DOU6oLLE7DzjaMVWGtlcUIVWB9fulmRmxY=":{"valueMac":{"type":"Buffer","data":"eLmeH5NmJrqBgnOPEEYoKBdKe/x8chFCD4AUoJD/Q8w="}},"IxdCjq8kGkwlk9R70iblJUCBoZptaovXLKUHNAgdfWE=":{"valueMac":{"type":"Buffer","data":"U4zy5HlpIDA5ka2VVQiOnhUujChTHQyt3FQkkhTZV+s="}},"QVX0nZbs6XPaHKVqsqpbh1uvEVr4gp6XRMX1mq6QqsA=":{"valueMac":{"type":"Buffer","data":"Su/bwh/sJJw8/UfdPoecUOCKa8vUyTVl1jn8gJJIX1U="}},"BZibh8tOg5L/6VRrjZp+eoAGrVI0a6aRQvi0mJtpXIo=":{"valueMac":{"type":"Buffer","data":"VkP0X/rV+W64S65YEyOpLXxt8rIxaKS9bZQQXpbu/Co="}},"Zl+rMmBQ13hq6cAEK++IFNiLA4Ski0i531tP6D/QOgs=":{"valueMac":{"type":"Buffer","data":"MbWxzVgwBEha4wTPeHYwz52yrWPlU3WHm2Ks+oRS9Q8="}},"mOowr8FwTBFIVKwzcB/EdLV9dfGsjmasY6vOltu1880=":{"valueMac":{"type":"Buffer","data":"ousAKDRyOlMbB/D+I/sjxtCemirsATsSAD73nxTYIZU="}},"5zz7wtpv9/HzkFLzh76foRULId+CWnBX06zKA3r1GYY=":{"valueMac":{"type":"Buffer","data":"P02Dwvq892+UL0MCQELX5lUcMct9d1H6U4+lI8gCYDo="}},"uPHPDFiJUywVWMTF6CaczX/m5jworvuqGP/y9H2zkQ8=":{"valueMac":{"type":"Buffer","data":"uko16xdySlrT3aCSaEulDi8p1MG8qTrXKzllKw/xV7U="}},"WWLcEMPhaH0xujGbSVNT04PYD2k7UogULrzxy7Xtn4o=":{"valueMac":{"type":"Buffer","data":"a0a1Y2meGQUMIJiTsaXveCm80ocN+yft1RozlELCurs="}},"OpR667ynS9/yea36es7RH+AyLuD6fYL0MIjZzpftBTM=":{"valueMac":{"type":"Buffer","data":"v06oAhnFo88sZVbcMlzJ42G+OK508mwl4oRQqG98eFc="}},"9OZGW+6VQd7GxWGYAOvxX4vdGlGt5NVFIWwN5TqvCc8=":{"valueMac":{"type":"Buffer","data":"bBGZKYL+20I/on6RzMEgsXLTbQ9hPLjYlPEmAwNDwLg="}},"OwxIudJ3v5S3UYIptmqMBYfoy1w7l2DvZk9CI53xBZM=":{"valueMac":{"type":"Buffer","data":"uDkbuKcFqPPUs/1Qmno9OHoFn/Nodirc4NoV3KeDffM="}},"M9Tc/ajVRprDOH0MAUPzyQZJJxnIzjaUVogrMXxfwlg=":{"valueMac":{"type":"Buffer","data":"z0KLP8iS/llhGfHW9cKK6gOavTuI8bq+sweoht812So="}},"E7Bnf35DSZ3TsjADaUebU9AD1kdwC+44raL800P/Mc4=":{"valueMac":{"type":"Buffer","data":"egUpr4UJsw0/iVjVrXI8vgq8snOT5wgboRXt+vJNGFQ="}},"x1miNLUYWEJWzzJtkKB5b9kE/uup/vjIL6tpM/UNHD4=":{"valueMac":{"type":"Buffer","data":"I2OQ7KRC/EFe4LfSn+ge5B8L1PdU3/jR5vacmDbJrJQ="}},"IGqfgLcvKLweM/tZNRAPzuBStYpQZDCyeu6MUGlUzdk=":{"valueMac":{"type":"Buffer","data":"X02t2OKwmp0ZzFuXHLs9gbOO8WTTtPIEGQZtI86HGTY="}},"eOutWm3pDJUmCzWVy1wdLkF2sOy0X+lNXPKieiQEZsQ=":{"valueMac":{"type":"Buffer","data":"0fgoOw9b/QNqAnGcaOroxFgRqfoY5Hv3nSU3QpzSjU4="}},"67lM8+L2lVmxQL9v0zIpqVdswyxg8HEZ6LN6MHE5vb4=":{"valueMac":{"type":"Buffer","data":"DQ6oysjIucZeIdcIW2hgBkOmKsiKJzwc/T+gifSttMs="}},"QEC0GZQdoq7e9l486LuDEatVKjvw4WaR0WxzsSS04wE=":{"valueMac":{"type":"Buffer","data":"oBCDcr0Xf4gMmhTP6pk1fxEXoRPpcE1L2oJr2aO2stI="}},"8fI2hVhVQ/b2z5YLNHDRfPwO4BXSFV3boy6TfegTkNo=":{"valueMac":{"type":"Buffer","data":"XasdjiyoT2b5n97LlxLvFs3y2Ko71ifqcips5QJLkcQ="}},"JER4VVRJc8KJswmcK3DJMFZOQBH2ZLinsno2z8rR9aI=":{"valueMac":{"type":"Buffer","data":"EYDbLrv9k4y6XPazHHrtvbh5pYRATOpSzHxwQczMKLw="}},"NItDZJDU6lWAxYj7yXJyVcOQCOXJlmGAsjPGpFqWftM=":{"valueMac":{"type":"Buffer","data":"+02OKi2VHmhb592r0icU9EHqlUOiCq/7FBFBuVY6iIE="}},"+w2VrFGt8Tm6SiX6bXpT6LyDjGSK066Hf3fnBKrqyeQ=":{"valueMac":{"type":"Buffer","data":"6MYQx9CJLS+4NtY63fvhjnkZ0EUKjJ3+X2xAJJ/59GE="}},"9TDXOawTa9yiL1PsKMY5veHcONKQnP+qKMn/oN90AUQ=":{"valueMac":{"type":"Buffer","data":"yXKouIKCx4d2YRztk/4pzCdx905HeAhHxo+YOFDBbUM="}},"SqjdbRdEHx/S7wqnBOfBtTEzN1GaQyBlKPwk14ovTRc=":{"valueMac":{"type":"Buffer","data":"ql3mLn4AiIR0Y15lQXUFsbZTzPogxzqEAWX1GCVM9cc="}},"uShijxj8z0Hun3argiPkRYbr9Bz1PqpQSvqHmZNMHoM=":{"valueMac":{"type":"Buffer","data":"W1WJtc+CpcYT1O9CMiHkQGGWT1B5cvs1Kd9dYSEBIpY="}},"zYofpf/LcgyHtAosarqfgTx9UdPWmuW6wfSAG3uTS34=":{"valueMac":{"type":"Buffer","data":"Def6pQOBi6NUWuPpP2h9Hfg4jntT3b7MVaT11IVj4IM="}},"GpMmAsWCnhTJ350IE/E1SoZ9F+7t+h9xDU0CPeRLvDU=":{"valueMac":{"type":"Buffer","data":"wjw11uagFVD4K9rbzW3FtCcgeGrNZ+6LoRgxuVUjAaE="}},"pUt4CdV5UIrOGRbYlNmqOolOog6tF6ZET53D5QzTDXE=":{"valueMac":{"type":"Buffer","data":"7/35rGiSqto0cr14R17J0BUjWy/vrXzhJvNn/T2U6LA="}},"oCHvmBJuem6wBucXagDR2sBk2VbLHRnhsONJOLOcw1s=":{"valueMac":{"type":"Buffer","data":"g8M4Es9poE7VpO4jMLOI0mYhYGAtXWKC6ofhfesUs6c="}},"GwVPeF16zCC55S9fqo3hsm3DCf8FZRIluVNKuafq3N4=":{"valueMac":{"type":"Buffer","data":"5asbtrcy99pAEMOqEWDHYiIZ+vnqWbCfe0jMjxHu82s="}},"EWjapGiM9AUch+uhTPzFwBIrkQTX+u3ZJGLeonck1v8=":{"valueMac":{"type":"Buffer","data":"CzrskOzOF9+5hBqse0ypeqP/83jUqPBKxnGqy8rfkno="}},"y6DLXFrgvtSjUIAmG2u78sgYJWGgEInBtSrIQELgU+I=":{"valueMac":{"type":"Buffer","data":"lXFCC7lklIpoLkbShjeyIp8i4ehhx7EVgNAsAIWb4tE="}},"HH7vPRMAVEN8eg7Oji8cxQcZFQ3p7YtRshr5BCg/xy0=":{"valueMac":{"type":"Buffer","data":"FZtdFWuiiBcoXUClj0KJrxk/1Ul2FuD/lBWbNbtoF7c="}},"dEqQb4mRy+CeujqYnzEPck8hpGGQL1XmvL8xI8KC4Sk=":{"valueMac":{"type":"Buffer","data":"9qAelzXcEwj+9xC3xHPUOsb9lHquz78KzBehLp/GnoQ="}},"WwS3P9WcJDAtdHtaLevOka7011+f9kYQE08jv/TpmVU=":{"valueMac":{"type":"Buffer","data":"+rJJH59CSAnuKxf6n4qDtFsGrF47v5wNc7Aif5lRGt8="}},"4LBdG+OzUcoijdsYENhPaz5T1dath5D3FxLfrAwX7LI=":{"valueMac":{"type":"Buffer","data":"wUS/+fZxIhq/OJ3qgPdiecAEKj3WXb4e+5tUdsnwimg="}},"rO+NF/6aAGHdJqMBFT4AxnYgQMRPpNq3NgdcCvFEEaY=":{"valueMac":{"type":"Buffer","data":"ndhxhCW/g8nOvBKtJlWO2K3VSaKpa/Xn++aJPMSt36o="}},"WpfUlQLKBWM67cHWXWaXR22OZkfjPtKD8wrrRSyaN5U=":{"valueMac":{"type":"Buffer","data":"+NHQDRVNKTbJa2ohXNyzN77XKY+etHTSFTk8Cb+SnHk="}},"wX/uhr+Y2v8yuONiPyt8ThUE+iQXcZnQ11JJXpdF1W4=":{"valueMac":{"type":"Buffer","data":"Kzez8A9u7r6i2Wc2gdp0HQUFuuzbunAaFP7Sg19fk80="}},"k8ruiBZcP8qGg487AlPxbLg/3YuBsiWDH10WSnXCjak=":{"valueMac":{"type":"Buffer","data":"amA0Xkouigt5GZtjngJpwWryoMkVOGIpipQNO7ZU2m8="}},"DmMLEDRfQMFNs4GSeKnQ1ZlHMrXleZUulh0KKIUj71w=":{"valueMac":{"type":"Buffer","data":"lvigdtjFcpJJnlUHLCzfk+9RN7tvEeMdOR5itC08riA="}},"mJsyOrq4e/dYzML1a1USM9KW1TwskHUN51X7sVu/Ay8=":{"valueMac":{"type":"Buffer","data":"l4R+OqIbTJkWhsHHrWOulLByQRyAmsDAvs5sTWWV6Eo="}},"Y1SoocEXJhJWqAITI5akWgjn6WEboZqqFadvYTiaPag=":{"valueMac":{"type":"Buffer","data":"KDfshdPtedKkxsJhZxSs3NzjiwgjTMeJF9daK1xEA8A="}},"yrpboXbe7devtKgL4iFNOv/qw/UzAfrbu6/YbUSDpWI=":{"valueMac":{"type":"Buffer","data":"DZi9qgfW8P+wMSV7wiMA5ZkC90Vky3E+Eg2wCWiYpZ8="}},"1iMskwFkZIJgdY7l8wYKqeT4pxgJVujpCrIzWjxGJZI=":{"valueMac":{"type":"Buffer","data":"5C6MuCOszf++d85VxD8hqmTLuwAox+N5ELqQ+TC8O84="}},"ywcdIpkYwrqsm6IE5xzvO5SC13C8qfMWr2PoorRXLzY=":{"valueMac":{"type":"Buffer","data":"pXQTTkslAuZlwPNWbW91EbUH5epEbqeSazsDXSK7PWE="}},"P9mNPsXfa9wOZK3QQLafXbFMxzRAIvQb8JV3XMiwJoM=":{"valueMac":{"type":"Buffer","data":"wajsss5sD6GHbrx2Ngl+wU7vBMkebWFWGC6+goFPrZk="}},"loPMfo64czgIBnnAfcmjshq3WUuNS1cnekNj9VECGvQ=":{"valueMac":{"type":"Buffer","data":"hLOf90yahMPJQkpCaP1Ac1KNGuInqk6neitfRdcex3U="}},"zcoPsalPfaej2rUEJAB78qI0O56CW5EvzjnOdozhgxk=":{"valueMac":{"type":"Buffer","data":"mFJu15hquDnBZ13U7HW1VU+UFRmyXuoH0BL/AoOpz3s="}},"MWNd54nDfJQPE6ZAcVqKJPEuQgOne5FQ+pDT4H/vXMs=":{"valueMac":{"type":"Buffer","data":"C+xCDQ5DebCqqJG0xyeYYOjKmAdhu60avDri7Ni2OqU="}},"BthAviOZdIUXL1TKe3N+WgpoMydogKzmxlbaTqOCYs4=":{"valueMac":{"type":"Buffer","data":"yyh0T/bIdTmAFn7zzmqNIMxHFMVg3cc5TCH5jOPmpsA="}},"6ED6FxKAnE/EaL5F+lo8msvJPmeWuQ2Sq1y1p1KvHHs=":{"valueMac":{"type":"Buffer","data":"KM9lEeqNmAhuVROjK9cp3WSla5eKN4mvbc0fdJuVG2g="}},"Ww4wtNgKVf+q+1TKObV80dGoz7F/6XkaRQ035o/GMSE=":{"valueMac":{"type":"Buffer","data":"0oPGGAbMH//8+DFK6tMZpsRMjA0fkAPynCfEpIKP8Dc="}},"tFqxz4kAD2rxxb7P6+reA8G/+GO8NlSCKDI596lurqQ=":{"valueMac":{"type":"Buffer","data":"RxDR4nJ2E6v/de+ZXRptbcfRhiL4SCvpx0Qi7YbG6dA="}},"4vCq8tT3vrP3+EL446TFgLCNrPLQ20eV5O7ZgUa+KvI=":{"valueMac":{"type":"Buffer","data":"qgirIWxBZlRFwCN/xs6mxZ/L7ITMUMwpZT73ftKzfho="}},"qiaZ+ftoUnmuMi41T4tqGuz1Sjd7mXFeBHlfXhtLu0w=":{"valueMac":{"type":"Buffer","data":"kVskY15o1aehj20NkvlccVgIjIkS9d1pYE4HaiMQGUM="}},"5f8zriimdg1Ff9+ibHXYafri0ldx9jZNU4nXq6sIRVA=":{"valueMac":{"type":"Buffer","data":"WHKE4upJ+eDWjJzOyBwqrWb0ArT0q8VIWaKiBpJNZ9o="}},"pcUh/ogKEZfnSEkRbR7YQ9Vxxb2K5fKm+Yd4n6y19Vg=":{"valueMac":{"type":"Buffer","data":"C0AXMxevKyE5WGBaaSFygDIzm2/Xfouie8T32hXaLuM="}},"YyENsEswRazD6OpamAE8SvHc5nowcEHtaNxPCl/fNSE=":{"valueMac":{"type":"Buffer","data":"6K6DLo73T1VokJuvHRjzEnkccROcT7HdMDeq4j7q6GE="}},"0QPJTosZ/j0IIrKzOecHfOebNaPsMFKeirii8R8mYAg=":{"valueMac":{"type":"Buffer","data":"QFIQgfKX4OFguZJxYAv+3MWQC7nx+O4CaTr0phuOQBg="}},"RfPIjzC55++wAKvoxIyVCYZnvV51mxV9FwyeZU01YDs=":{"valueMac":{"type":"Buffer","data":"4pkEktPHMiLZ/0hhBEuF+rMo2fiuGj+RDLpDoLjHGRk="}},"jjrtMAuFSnIxFOqFdJN1CcfAzWsB2+g8l2GKlMZQZUY=":{"valueMac":{"type":"Buffer","data":"QfK5g0dQ5GnzWdH8faOOJR5GddCx3Ap9LsTyrkVITTg="}},"0tTXLOCAflHYY1YCKZ7JBKEj1Drrmj3EF2G9rka+Aks=":{"valueMac":{"type":"Buffer","data":"3IzVG5tvpnuheWckGhE7Ret7Lm2r/3N4WmGY3C6thPo="}},"CN7m86OYwRze2KUHWtaEVeCZ0dGNSVJ/2BTtY6AnXG8=":{"valueMac":{"type":"Buffer","data":"yQnFebuiGRPoj3CzVLntc2x+gss04piR4AbMGHPHpaU="}},"LVL7P26drhh7Wp9/prCuMibOJK0zNZI/sONmTAOUkZQ=":{"valueMac":{"type":"Buffer","data":"RSgp07Nehf2FRW11LJuzYkmWzATsHlmtUEU08Mp6Ous="}},"e78wzejngNbwYtG3kY76/zy8hnX9SR+oSeh5aQdEbj4=":{"valueMac":{"type":"Buffer","data":"J5curDK/3E104POfghvIMtuoT48P1DU+Rx0khOlUs70="}},"B8XsQfBBjSq+hJYcFWqcMiXtQpycv+1tvrpoE+n9cFc=":{"valueMac":{"type":"Buffer","data":"xExiMrSU6pmfo95+veAMR90VRfJtqb5PM7kph9i37KM="}},"EsQCHAn2Y/guZCoyO/gwXGKfxIULPn2fy+tmZNOwLLw=":{"valueMac":{"type":"Buffer","data":"hTS0tFmGNkWzbuM1Boa+TAJHGdFSukH3wu6SHrCeA6E="}},"uni1ez7HEv0SfvUpcHRNECzOpay6kJ6ohhk3W5MGAec=":{"valueMac":{"type":"Buffer","data":"rfC+hgEniqGB/CpYL4MwY57x0N47x9vJvfwAKooZDbs="}},"PN9+IxJw0JYAznppi7Io9E3AGnohp4dgqNwe/l33yJA=":{"valueMac":{"type":"Buffer","data":"1fVpijLRB/+4Sl6nF/J6ZNF9aqoRCj5Dodf+MoRs4No="}},"8UQNzn326pxqlE/iW4VywXS7zdQSXslKuZ5wS29vmhA=":{"valueMac":{"type":"Buffer","data":"aX1fP2pslb3M+Zqc27tGarnYbw7BZIyz4By+OYEn2Po="}},"YD9S3zbdPycJDB4NcK/ZlH3sJ5gFgXRKeyiK4VbOCYA=":{"valueMac":{"type":"Buffer","data":"XEDQ4vQF3w3AIGvq3BZhh2jnBYeEr5z4Xar1q3ME+sA="}},"ggOkGrLfEbQPPlAMlsRqUDRwpJtHj7FQQGNXiyOlFJ0=":{"valueMac":{"type":"Buffer","data":"BojvCFQtUbrbFOaxn7weFwzTEGMVU4AHJVdofp0124g="}},"2h/GgJt4F8dj6cSUgHIwQOjoZtSg25z296SmrOkjc68=":{"valueMac":{"type":"Buffer","data":"71k2t7j1LHFag9A8+D7tl4mvTUzFbOUGieNDjBALsrE="}},"R2SMA3tZGaiLBDijZJE1x7QjaXgYC2lsobw1xRXeuKg=":{"valueMac":{"type":"Buffer","data":"gHt4Tc/DSUJIKtW5w2hvxJDqNt5NojsjrRzcb3El5qU="}},"ijVEazWDLYdD9qtoBH8FIXtTfPdTi620G6ZRTByZhhc=":{"valueMac":{"type":"Buffer","data":"YZMoB+Nk3H6oBRJiRiL6uSvM3DbfkLCW10/rONMXuoI="}},"uFGl3Nlv7/ZPxlMy7klDePSS8n3C7Q5LaUO0/OBkDyY=":{"valueMac":{"type":"Buffer","data":"w+CpiO44BlELDtMukTuPPu32ZR/5io9jRyMdQt8LQR4="}},"lsczX1TdWpNlSQPTrH/mXXKPNk0sd2GKFqyIddA6Ctk=":{"valueMac":{"type":"Buffer","data":"DoC3FJqS+fp1wRxSyjq0/Lu6w2xfyva04LPVFiVLeDI="}},"ur9Xtmtll/2OP1dpVvZX4IE/3YteyzhltxcCCguh79s=":{"valueMac":{"type":"Buffer","data":"gmGGyMRap8eqEJWAPckvw0dmzOEMwCVNnKO7j/CwkTc="}},"Twy9+1PDNvcj7hP3+hcQ0tqUmCiS04/gAAFuh9fg90A=":{"valueMac":{"type":"Buffer","data":"wYIFju6N3qb9UTmKcyOc9jxVxAk88XLpvKSVoVz4TQE="}},"5TleYwwyhSwpqf1zjOhpXUOWh0Bjxn6ub6l7nksu74A=":{"valueMac":{"type":"Buffer","data":"Nba4VZ0J3MJqMh3smpP7QEBmSPszjkQI1XkleX/3GdY="}},"F/WIWhWh979by89GaR7rdcb9YA4dWICbhaXahGtBC3c=":{"valueMac":{"type":"Buffer","data":"bMTj0sL6v7Fd7ACU884nWDKP2FECd42vHRzjogatM6I="}},"9uVtRUi3EHSOUkeHhyNyerIKuwwTQU3Un9DHWjwvKFA=":{"valueMac":{"type":"Buffer","data":"cObUR5VfklFIzPrRyY760XT2FoiWdAISPuYQEqyFbbs="}},"2AZXuwIwbvQDD6QePDKUH+ZjzJBiLxDAUMs2nEyNM34=":{"valueMac":{"type":"Buffer","data":"3XiYMsegbNUcyYypaRHhMxDmIu7g4tccMqT5y2tSbSU="}},"C9CYLNgE2eelJL+eWPfhVhCBfY4jWYshW5CGAtyNbAw=":{"valueMac":{"type":"Buffer","data":"xjsqc8h2eYHaITzdRpujsjKVQZ/yu7Tbmdc4oceGkr8="}},"e0nGeLOJ/sPh/O36al1o6kAgD2lmCdKCXYW1NSPXjNo=":{"valueMac":{"type":"Buffer","data":"EshARU7W1SXXHUf7wy1aM8TgLzVgswmnZ2azMfeEZOI="}},"h0/8NQlNkiiXirOVNWoxd/3ktNJH/dMKFLcz5HJHTBM=":{"valueMac":{"type":"Buffer","data":"HpEIuRmJA2Y3e8ETTBCbQb7Zpjdo+icxDV6mBASS9BI="}},"np5p5/tcnGqNl3XcyR51K4m63qgLA6mkNnm99heEB/c=":{"valueMac":{"type":"Buffer","data":"+oT7AVpXhbbPBzWuJ2wDTXBlQ+CvmorabeAxB2CiWEI="}},"uuZFKEZnUy6AbBApPB8iwl9e7IS246GSfVebb6nA2IU=":{"valueMac":{"type":"Buffer","data":"E6qabU2i1ifi4qlyIRivtSLhrsEOg/0jKOkwpp5Osrc="}},"fCRseFLDtAxP3wVrewq+sFnumwk/ju245YvinMwWIdU=":{"valueMac":{"type":"Buffer","data":"sMJ7RVzq50/Xvb9scZ/Z57Y+QdHJu5/Doq52WEpUGVY="}},"48F1vpxYVw+RQ//mEtIdYTb6pGFWDKIurS6jy2c+oWE=":{"valueMac":{"type":"Buffer","data":"XhJh7zbO8XiaB/OZ2O9enfuMrplwoot721GdzMVRvFM="}},"Ur621tSYybtAF+cgivAJhS4AKIS/vdxO5WBCE2ymtec=":{"valueMac":{"type":"Buffer","data":"er7g1tu93Zalji8ii9fNx9TdhUf30cOpRzjPnLJ7iPw="}},"bA3/PrIXR760vbneiVDE3NYgBakGBMJQvNJ34Y8GjN4=":{"valueMac":{"type":"Buffer","data":"zpO4y9pliVNzxQTiqcltNBkoP1jxGjybuEWTNAeobws="}},"YMNKA8EXDbAhFTM+gOBb32zMHgXWXN6shQt2ttBnwMA=":{"valueMac":{"type":"Buffer","data":"KqZ2RsZsCJ9tFn12g2Fuq740xL72/qEHmKdwKwX2f6s="}},"v1n55aYM/pr2SiLsFAahsn/eG0CX7BI3ZSR9DZA9hCA=":{"valueMac":{"type":"Buffer","data":"YYdPFUdL6qvrhsgkD+7qZz0Ndf2XfQWpOTQVpBDHfTY="}},"BQLiqhzAf9mRVyn0Vj9xFbpqTUmh3NomYCv2ICvaQi0=":{"valueMac":{"type":"Buffer","data":"S+Am1tFMzILjsW2GtS62tUuK6czZqj52eLBCgoBmhE8="}},"oivKNBa08c0cliLFKbQBCzbDuH+EiJpVw/jdrae9zsA=":{"valueMac":{"type":"Buffer","data":"5m2d9saX+8UHyoFTG98FsQ+3JfG7WTF+otrHCvA1kII="}},"BUi6nILrt9nvwG7I2osqM9HKCS+9vDpevvmqlj0n1mE=":{"valueMac":{"type":"Buffer","data":"HppjcRxwH8VIL1jHZb1IgkmoZ/janGTRK6JcxGTlK/E="}},"gBnNfqvytlj3tBfUvHkxUUiQdJMWfs2NgHdXpbeBhoY=":{"valueMac":{"type":"Buffer","data":"gMnYUZmkbSWdqTMFcPeQanEa3X+SLJN5PsBREgUwr00="}},"nP9HYSERlDw8KloaeAGsxjPhZHK/si2qGekWyQ6TboI=":{"valueMac":{"type":"Buffer","data":"MMXA3bfl3YvGowYEedEjnyO1UUWxPOy0SA60j4pb9vY="}},"zwNQNxguS20FplcRDJHpJ7v4zPP9CyIPH7NLM6zSiIY=":{"valueMac":{"type":"Buffer","data":"cd6VEBc/hUuTAAvPyzSrp32gIcnZ6nmf7gaxeolphIY="}},"6Zf4EK1gf7yWLJdm9UVOVADFGebFKlaXuVu67CZr5xA=":{"valueMac":{"type":"Buffer","data":"80U4zcKS3exqDua/Ux1e/At41fB9kq6MX15gxoB/hE0="}},"wy0Cu3mX1Yd4nFp994EdAKEKv15WwAx3YmygjTtbJsE=":{"valueMac":{"type":"Buffer","data":"a5GbfPgZcdmwLkQqJYl0euBeiV7pt4xRBN3a5LTwnIs="}},"xk83MppVA5apchgJw7+BwizHFzp5fip0VGON7mFdoeE=":{"valueMac":{"type":"Buffer","data":"VwrIe1zUSxSdn1uC9sEuw4Dct4CLDvdispb7r3RqFV0="}},"ektGCF38XiZzEh4QRuz6ZhkiarIxTVWKh1tKCq2VCu4=":{"valueMac":{"type":"Buffer","data":"ch52RWpuN8FftamvaPO3AkAhDqhDMgldIAzKJj8kM8s="}},"8QWPESvMChGEGiEvpay6FXYXvi1AkiN0LNZ98XB2m0I=":{"valueMac":{"type":"Buffer","data":"I1ECldBNuWs7r+cXjVQoQ3Gbg8J9Q36ZpjZdqHuASOM="}},"XunMEmf8R1wCXwx41NDVvReR+PDVFVpuS80Cfg3o8a0=":{"valueMac":{"type":"Buffer","data":"/oMTE2/uEDxqBjGoW9cpm+ISztq9cYKJjJf59OcTfIs="}},"hOpkHEqyv+kxbQbsPic8ZIu5B3FFlR9zibG8Pcl3IMo=":{"valueMac":{"type":"Buffer","data":"C0ys1j9FHvljsoElkrMntacL5qx4dQSKg0m02FFKEFA="}},"nQ7w7hUN/mQCrSo6R92etufmR/kw3XDMtxSFalR3VFg=":{"valueMac":{"type":"Buffer","data":"5mhIWmCtDm5zZ8jdPzo4hCGf/dJ36qLjyLLwisFzG8k="}},"vRiKgkKmBYGpvDmZ0ESxHyjBplSLQS0qqkg6OvMUsyY=":{"valueMac":{"type":"Buffer","data":"G9+z58w606wxlg6i0FIEvlYCpj4JZfj4uxVNexVAG3M="}},"QmzNaueh9alkxa8ReUvtFx/gjTTpkOhRpUFaHxMB5lg=":{"valueMac":{"type":"Buffer","data":"6nCvQemcuxlRHeq+w8tp1y8kPu4OS3ezW9a2AAmNCLk="}},"94Fs8wKpfZiUEd84Oko/X5uBNQKdMT6r1OFOkDKc38I=":{"valueMac":{"type":"Buffer","data":"2pF2r/ZAkltJtMwRPjfJ9dW6gLNNaTUUj9iWgRvGvdA="}},"J6jvWHRletvBZApFBwXdDlqPdPwWOU17YQW+jjh7IZI=":{"valueMac":{"type":"Buffer","data":"VeJqaDUQr2Z+dw7bYajtKN1+4j2BI1ZD5WaAXhKf85I="}},"ZPdMLrnvi2jKwc3wgMIDy3QDOOewYxiqLQax11CGnWs=":{"valueMac":{"type":"Buffer","data":"FeaDPo41rh22pzSvLTMvkI0YvLCHAgK2ek9ZZY8GHN0="}},"qx+jtimZ/2YopALwLvTrWjZ7u9UW+8ET4Me8O67cLqE=":{"valueMac":{"type":"Buffer","data":"KORuleHVqjBGbZ6YXpMBMMFQWtwwDTYQjDbN8OIi1W0="}},"7g3BS/rS62WBCY7y6eaUBmPHk9RknH8tTle+UoBEUQ0=":{"valueMac":{"type":"Buffer","data":"tSBlWjR+pZYoewhZu20BglpCiqNuY5fmHruJma5rKiY="}},"pdlAijOwZAO+iDF/0HWzTIrIgNT38lrmGi8/czp8Evo=":{"valueMac":{"type":"Buffer","data":"EWuV/OBEivTWUX7UHwe6z5W7rnUwNsE0w6kH1l2oPFo="}},"XjBp8RZ413Gl+6YwWrY+o0QjpRSbaI9oO4lxX+2bLWw=":{"valueMac":{"type":"Buffer","data":"lJ6PJX91JhdviPk+PdtCmMgONsTT3h1XTTRG8WqoNQk="}},"OzuofGch5iHTQYbWiTLGK17tfJrHBM3QJauwvv64oLs=":{"valueMac":{"type":"Buffer","data":"ARqKaAonWxoV2Dr0TLzuH8ghJlCBBBirPnNeFcBoCMo="}},"AvhbYP++iF/dKyrsa3u2RKCx1kbD9IsvLRL0HG/Nw7Y=":{"valueMac":{"type":"Buffer","data":"UIDIYVT7yEhV2bal9byZgip/mQSLux/hCjC2cQfLub4="}},"htvK42ApikcHabtsPTGFV5IURW7LkJmv3rsAAQQcEEg=":{"valueMac":{"type":"Buffer","data":"KoDU7kocd6D5cT4LR4BOcjdRj++krEKOQchrDXw5t6o="}},"QVb240oKUVei0GU6PTh94HE7jFf7pA+dymA0XHPig0c=":{"valueMac":{"type":"Buffer","data":"qvZnF9tU0P0NXubwAWVmHZh0HsnP4rD7gt3qMEzjBdY="}},"R9Ps8fUw3Co303QDDtjlS85b2ylrCLo8pwaVlUSZ+G0=":{"valueMac":{"type":"Buffer","data":"y8co+vF0pm88lNaAM5Cf38wPGwdg69kENBG1ybTPEpo="}},"S1m+sQe3vbIR/4hdOA/XFVlbCz6qPfdmvfCvfKZ/vJY=":{"valueMac":{"type":"Buffer","data":"IEb/w3ujmWB2mFFuE01QpIprYeqxfzE4pZGq9Edx4/8="}},"3xAj7aOpl7hSpD8i12+day4lS9KdAy/uPult7EaLKfo=":{"valueMac":{"type":"Buffer","data":"+VAAhVxjf6k4d9pfjETETqpn4Hk342Tt081bJzDj08w="}},"BM5C+2ENeZBHKS6tYeWrSLnod5qG3481/cXZqiagy28=":{"valueMac":{"type":"Buffer","data":"g+SdrGmei0IaelM9Q1JY4Lv30ble6tYyp2Jyp33fJyc="}},"Bj6M/dl2OwwtqpIA4KFcFFlGzOOxg5lEOU9Uy1FEsr0=":{"valueMac":{"type":"Buffer","data":"vHv12LVCSV6cQ8ol4s+0lUw8QwzZh2EiE91hWb8fRa4="}},"MCbvxw4I4FNLUVxRUTLZ4vK/TEA4ckjeiyWgKwWJxyA=":{"valueMac":{"type":"Buffer","data":"m0OuwKgm1gcinpK8sCFSlljbbdwey9PkQ3zkDi+GuYE="}},"Y08bx5gKy53UZcudqYqEyBydJScsGOIuYWLKL4wVE/4=":{"valueMac":{"type":"Buffer","data":"74JkvYEJkkZdpLPIxL90kwP1ldgk++THSD2/731QkZ8="}},"9/EX5v0R76gyVo1+QccftOeDQKR4TznjKuV6xAjBqNI=":{"valueMac":{"type":"Buffer","data":"b5xw6YkQnn+WhWvcGXyWeYcWHjaUJmNYiFVV3P2mWWU="}},"o9+4eTEToCHwgQ/SrMpBPOISJO//ihUZwUHELAxfOes=":{"valueMac":{"type":"Buffer","data":"OrS02HmYoxxZoG+k863oE9P82BkPKmzNi3ViP2XhG6k="}},"xPQG3Tzg59A18gA1ooCmJEZj7vC6HkED86L6i2YCdyQ=":{"valueMac":{"type":"Buffer","data":"+LLZuOAe9fXhF7W2XYg+3LM3W/rBlCEsQ/W6FviUO7c="}},"RAKA1b4ZD9DiOYzigliAIEJNLGpkR10Mnerz6yD/EAA=":{"valueMac":{"type":"Buffer","data":"k0FwONoqIN1ZUrS92c+VLBeR2LomSrVCGwoNScf0bOo="}},"XPuFl6CH5FAqaoMeYbjQCBdfCDJu5ZwctzpO8Uw4xyY=":{"valueMac":{"type":"Buffer","data":"28blb0X50KqgO+Oh+cEecSo6/eARP0ZDAvI+Wms8GQ8="}},"cEwcXRhwIIK1d2OwxqiKu7mtVimIUyWKkkMMSzRtZd8=":{"valueMac":{"type":"Buffer","data":"TiuQF7gcWiQs7IafgLEkPkQaqthjzDk4mpPNwdLQPRQ="}},"SxE58asj+Dg+9njHty/vlU8csf1WXClI4gtyjD/he1I=":{"valueMac":{"type":"Buffer","data":"9jrLpj++vSqSsHhZVuUjPDn9A0gnI2pyxroNy1HxsT4="}},"eCl33l0XcUM+lkwZ/KERgiIdVSsDGzHIuDVc/NnHJB8=":{"valueMac":{"type":"Buffer","data":"PD93rg2O3R52yVBza9RGEzWnWP4lWFSj/Vs9KRbAHZQ="}},"rFo3hXgmtPZNP/FT0LcWm67nHMARBtasGdUbDUmrpC4=":{"valueMac":{"type":"Buffer","data":"d30zg7xURd/FtnXmldchsBgR4VZV5J2owrUUBw97nyg="}},"h5dcRggZyD0gX/4+UlNZ+H2WP2x9RfMQaQ5oRcxGuRM=":{"valueMac":{"type":"Buffer","data":"uiGUt9WL13Id49e3p/u0iMogZqK36hdcm4itBCMV9Po="}},"+Iy9uqbHd27fCh56ZOp3uqrLV8sRXpuBo964tB0Wm/Q=":{"valueMac":{"type":"Buffer","data":"LRNAwBYMBzcdPK3pXPxxJIwIYCsi7Fcx/btGBwKwy8Q="}},"fOy2CDTHymK2Uw9mMB0jARboB1CcvGe3iJowd/B0Xv8=":{"valueMac":{"type":"Buffer","data":"Em9yW16vVEBFi+9T5lKSOh2WzD4NgX/vqmeN/sEFeXw="}},"a0/03T0HG5P7JM8MuyUB3dgvfVUfx6S+XLmzNl5CltU=":{"valueMac":{"type":"Buffer","data":"wU58FfvrQdhR/xBt6VGwN6pwC6v5AGONuMgrQaQlqOQ="}},"Op5zBh1ZBKaelxC2pUold0syWbdkDaAAen/PEsZigFk=":{"valueMac":{"type":"Buffer","data":"MCm/UKRqXWt9o9iQ0hGL09Nh791fcZ6ALKGIBR12FDg="}},"AASRYVmb79Jgcdii6hmhUKd3ufTyl2wk2kl9UVSuK70=":{"valueMac":{"type":"Buffer","data":"/JqcIjb70aT24t29k9KPzDsJJ27thkmdCTPF9tn0qys="}},"czpGfDhb7fT/EJCUiJo2XTAL/BegiZ8eZnPFoYWQUi8=":{"valueMac":{"type":"Buffer","data":"TNa/Wb7tbh2jc/PokG4M5JZBbdHvZX1WMNsctb2/4DE="}},"qYlC5CmEQZu3KApye1P8/d7/2BmUId2GyyiK+s+/35Y=":{"valueMac":{"type":"Buffer","data":"sEc5iMH7CiTlYDub6qf5q3PWu/eu8OWT6GSEeKfSilk="}},"WoonmI9PqnNKIpv/FtJdYC0nUL9t2+I0kU85aY0Z+KQ=":{"valueMac":{"type":"Buffer","data":"HU2wzJQXvh9c4NKosr3JhLti9YLC+nCd7PCdIcYXb+Q="}},"BsBHqmcHjDroKisU0Hu/a2SyFIA6w11aioUYEIAD6v8=":{"valueMac":{"type":"Buffer","data":"o7Q99yE4aeGBUWc8EOSoPgT7X0Zk4q7mL23bgfxlPdA="}},"5AHUAPxU5v/GYlAngFa0bbhQH6v3yRdzXALso6UdB38=":{"valueMac":{"type":"Buffer","data":"jmMoLzvf+U44DO9wpCH2QLf2EwHugFPWAZxx+dm+2/E="}},"whJ0xDGmMCtc9FRnWzUKHPI1rpDJM7qPf9BLehbvjh0=":{"valueMac":{"type":"Buffer","data":"t1K62utFsKrkESAuSlNeMwJf3+UtCw1H7dZwCiU28q4="}},"5N3CB8W6Vc4ajMtIYeqREWZnk6BKguHGdYHDky1/WBw=":{"valueMac":{"type":"Buffer","data":"/YTs975NC3j0grQphMwnoEzom1z/PS8DR2+XexSQlu8="}},"Rv2SZP5k+sswmTuKSn0RavSYPIBkHMPs+C/1OD7yiX8=":{"valueMac":{"type":"Buffer","data":"PEnzVDo76hAT/+qmEtVWcsueJIcPjEFXqjA/jHKf4/E="}},"t7bf6YrM59YoO+p5+ObZkqg7s2l064gdKK2bdKQk8PU=":{"valueMac":{"type":"Buffer","data":"3TzoEG2q/WBhrQy+NpzuBrBu6jWvYNArhrERK/8IZk8="}},"Ndq1iIe2kfhWrHl9lN5zp6w0pQRYASGQPG8sNJBQvlI=":{"valueMac":{"type":"Buffer","data":"QUj6MFr83+ypSX++N+EHoVaUxplOjwfGIrvVtsWH2pA="}},"8nrqRpVxdfnM/lFTTt59XAmoYZd1Lp/AboARkd0reJE=":{"valueMac":{"type":"Buffer","data":"7z/yq0Qb5g+4PQ3JS+Ep/9491WJySAOdBoOh1HGWZ6U="}},"APHrns02jIlnlyuiLuBqWOVuuSgrlLd6SimDfdLoYHM=":{"valueMac":{"type":"Buffer","data":"Tca5TVIeYdKg+Fd3+b6URi2KuHQcCn7GewPbzP85mZw="}},"Hgv+YPULJELtSscFNH8pshadLMfR+MxXcpcGqh2pqtw=":{"valueMac":{"type":"Buffer","data":"GoClufY09dk8XAyDROubPHQ3r5Sk3W0LQaJ9mU1TtfE="}},"6/gMSo+zKWskpqKfJ7xZAj/s0iMzRv62RocI5NkkMY0=":{"valueMac":{"type":"Buffer","data":"V4/cv9nFhA+iMAOskQk1nJESI3nVWJhJy9jlOFNNKZM="}},"x2+5MhzFBe3Ec5YyBrxUv4BQyosxTN6r4sJFmpTpofo=":{"valueMac":{"type":"Buffer","data":"pkmVV5E5eQzId7vhxWTQfIjLZAzD36UtoAloYSJ88O0="}},"/b2Y5fHhE80FERn93lDAFSpz37f8Bc4Gsyv7U8nlbik=":{"valueMac":{"type":"Buffer","data":"kujENKRuFAr8EDYlgNYwJ8xbu/5r5NE+UK0DwrT8Hcg="}},"Z66LsHjZvlom4MzpVtfiUvTuVXiu5XCz1ISxlCmFo34=":{"valueMac":{"type":"Buffer","data":"UaEaIAJBF/RFR0TdepiUx/lqI9rIfpZtmccgiRZAUOU="}},"4MNxWXb8oxBEYaBUxEtPqHNhf5Z9QSQx0FjIkJxZWpo=":{"valueMac":{"type":"Buffer","data":"oFYPO8+iQZkXeGx6uEC7qFfnhVeJ3ScVcgVgIIJc9/Q="}},"J/L5dUavx8ERKWmf/rHDjjSiYnWs3e3oyZ0gaNna80g=":{"valueMac":{"type":"Buffer","data":"tmH7pTaGxwSbb51CqCkr3YsckQscntyypy3xnH4mxxw="}},"L1LD6NfdFwYJ/IeHkbJrdbYWJHjjAvWD8hzkliINll8=":{"valueMac":{"type":"Buffer","data":"vr/TqX9oJhX7g+SQMFhroPp1a9PhUIz8iwrerKP2Yx0="}},"qsaSrISP5qhY5UMNIbEoQDB7fqZ0ZrSrbSe1BPu9/Dk=":{"valueMac":{"type":"Buffer","data":"4iY7H9r2vRs0I+KN+BFb49rp2ukRLhEcJoCbttrAXGc="}},"q2kX3i7PUKHnLG9MonHRtRp+3DUAFaSTe3v3J+IRkPE=":{"valueMac":{"type":"Buffer","data":"HTNtDAt1IVnfsn1fH7HXCgJbUEhjxf1k/n/5Dpruihs="}},"bu6RCRkKMeztgu+eY18OX/zldYtIal9nTcNyuwQF6qU=":{"valueMac":{"type":"Buffer","data":"AgbBAAwuQOkMbE9GVHAB2G8wkeOn50EihjrI57/ran8="}},"CYw5oAwgYjND0KgLMXfyTRZineNH5seEyick/AkWxaU=":{"valueMac":{"type":"Buffer","data":"yjbwaoYLNQXc2942u1Yws7Cvt1sCeVTSJEBDV04WVQY="}},"9bFHnhACDfejgR4THjfrbrJqnuXmhxc0WetVj7AdbXA=":{"valueMac":{"type":"Buffer","data":"D2Q+gXmlCBtUqGvVOK3tg607Vw+zjkxTHv27RbWO9us="}},"ucD61fxgZFAYxI1NOijwxWp1vqH47nLlCqpUDbx4cNw=":{"valueMac":{"type":"Buffer","data":"S9kAyqQ1s8ZLkK47R2Wtlnw84+pWjtdSl9b6/7XEEWk="}},"BVCEIk87hnrhrZfgFoP6mwNQW2wcFQ16Azv5fde1BSo=":{"valueMac":{"type":"Buffer","data":"kobAV/RnZikkQzoSkvyw7TZYz80RuhUlkEWIORwqUS4="}},"1GadZgqWk+DfhffGNoboU8W+DlW0tOR7SGVEN9vrP50=":{"valueMac":{"type":"Buffer","data":"QN+J4UE+eqN3zacUj46dzDh2Hu2miPbL4egEY1Z6gjI="}},"E/JZ8TxsP/+adQiW/fRCyofuLqgzC+Dh7L4wY30ZKVk=":{"valueMac":{"type":"Buffer","data":"4GkFeT2knDVZBGt8Ozj8kKMRPYcR5ZtWs8M2G6ySY98="}},"1BjVnhENxnJTwy7bradJXQhyhEzXyLyZb12aAb4cm+M=":{"valueMac":{"type":"Buffer","data":"ZCf42Bcy+P5hHMORq12CxsKmBlzg0TBE78PtYNoG6S4="}},"bY25MNKe+jwwM16PsVhThmAt30y1woTKoPWg3euW+Es=":{"valueMac":{"type":"Buffer","data":"/eV8dnpv+tfkgCeHv3vcyahdWjELZwZkzb45MB9YUqw="}},"HATERh3inTf61V5DO5ikTWM4+DXN/At1eKKeBwlHTT8=":{"valueMac":{"type":"Buffer","data":"Il7bKgoigrWmAah79L5qXnexXfjD97qM6LoXdPjJVIU="}},"HaCILI8QpnuOGM8B8Aekm/P/p20//nEYEs9KUlPSoeI=":{"valueMac":{"type":"Buffer","data":"3Uzo+HTwDCBM9G8ohL/+Z+f5lBlEDY9CzlKvg+iVtCA="}},"Ty4EtIO77LY45D4n5BqVJWiR5wzqyJugbPX20wSlwX8=":{"valueMac":{"type":"Buffer","data":"vqL4nBasGaJBcYztz4cQmDexbkbJINDvAED74ucVlpY="}},"+BrwIB56NP8m+XPiS/nBwBVZqob71CUPmvLH7xPtgDk=":{"valueMac":{"type":"Buffer","data":"OWSr8QZzFVv6QaNFHF1WNcK3PFtB26W6FzOjzoSUJMo="}},"+RNe82GvB8ndqmWGCkXf4/ThtxJySKgdspZ3TiNmLyc=":{"valueMac":{"type":"Buffer","data":"g6Wh0TzODArET4g8aHwmT3v4d1vbwhlOE3BsFgiOT44="}},"WhBUDMm4ngC3ZLsLaXbXRsVCB3HjuBGIvKMP9cmNk/c=":{"valueMac":{"type":"Buffer","data":"bc57AC0x7SvSMQ6wbrTNjZsdDsYsi6MvdQJ/f9SVAUw="}},"8RPfBi0e3O7fTp97hMo7blfNKsmrKFU6iu5rc9Bew4I=":{"valueMac":{"type":"Buffer","data":"sCG653BJHvSNvjVezKmaF3zMcttDMNP3xFEkqOTygG0="}},"BmID3CKL+whv044orELLKWqCePq3hcCe4Rn/ziwICFM=":{"valueMac":{"type":"Buffer","data":"U/AbGkV8kASd83K/nvtk2pf/G1VX80DEv+K5NGESXXU="}},"CT94+wf8Q0OWfV01t2xifzA2uW7IE6ynBfp1UDnc1yw=":{"valueMac":{"type":"Buffer","data":"kAaK1yrnJN2pGaDVZTupbdu/RC/Yqo7fvMkZrdxhCv8="}},"crA66n+JKsVk3zphRJzdXv30pzvPW1ixKCmTyZRFBm0=":{"valueMac":{"type":"Buffer","data":"pjKcayXqdFWsTm28BYRQBgKv2vKUG94YxzlWRV+r9NM="}},"IG5+ppGPUcd1fFr0FDLcnFUTttlOYutvlALYHWVEdv0=":{"valueMac":{"type":"Buffer","data":"BpLvzcKAsLnZ86Ik7aL4cjUZKNy7fnt+n7x+mXV5JD8="}},"35BE9/Bi+yl0rsvIJ5pZKOnmOfoREG0Z8RcYOnux5io=":{"valueMac":{"type":"Buffer","data":"TJAEk2mpIxoS4KsVVHUwQ0QbTpHyAdfhlQdQLaX/CXA="}},"VwXiZ5wnBR7V5+WLVZiMnO8NyLsmN7RcUJhwg8htP5M=":{"valueMac":{"type":"Buffer","data":"rEkCmwqUbMbt63gHBbTnL2vuotemhwnFV9QhhfKPXfw="}},"ogiFIF0c9Pm78Cs9H8P/ia7bnLN72x1McNBeh74ae84=":{"valueMac":{"type":"Buffer","data":"GXYlycmk1+D6D5LqjqrZv6rYhLmsOn2OUPLtajnip34="}},"advHCSs+b9LIIsF3jBBUmuHMcviNEqsN+LQvPTmcbRE=":{"valueMac":{"type":"Buffer","data":"14XUY4R/bLG9mw22nAPOcKm8P+Qpt7RKGULQiakRH70="}},"R9MjsxfWTKYhwy3jQcCWn1OiiFus2E2fOi4w6K3rhVA=":{"valueMac":{"type":"Buffer","data":"38AcDJA/xo7JkZv6lchmuEfrB8uzUlpaiRgBN1RBtqo="}},"XZzC1ELvk4DEGK5p38jvUGsrwnaGeqQ3g5yH6lPk8lM=":{"valueMac":{"type":"Buffer","data":"7wk2OLuwJYuivOqGH0RCP82WZXdlSHWStvKh3b2mqrs="}},"k10kF8S8lLAINUbonaf9appXqzq2PFFVJGtN5I/BgyI=":{"valueMac":{"type":"Buffer","data":"a7fMCnxVq2bUBUSYP1CoxSpcziMAMrlrsyfOmV4b0Oo="}},"HahJL8QfmiZCUNOtQTmpiSS3se5OICOmOXgrnIdfvsQ=":{"valueMac":{"type":"Buffer","data":"ppHtQX/Uuzpdd/dXy1Q9V0mu7x3YLWG4V+EfYcDs5ZM="}},"6pRrjTm+kZwPDr5nxSRjNh8SNzVx/NMlRGJLtcBbOQc=":{"valueMac":{"type":"Buffer","data":"rPmTPyyCyz+1vL4/h1sEQ5f+l5JUF5vEor/SpXcfgFw="}},"H4mFfvRd3+Ny4lApfDlUcOj4dLg0t6RBb6x9vPjtvRg=":{"valueMac":{"type":"Buffer","data":"UZ4j/CIBHFI3W1U5nIJ6KE2a8mZC/nxkBKvuoBMkc+o="}},"AT8UwPkZroBrbyIcUy3ntapuE+gJDKWFLOMW/Iy3gmw=":{"valueMac":{"type":"Buffer","data":"eNb2mN5f2EswfLFpx6Uda0SMQRxdIZaba8m/6H0qItk="}},"YzvP1ZHeBppcImuvZgippVVP8aP9bfd8s5Psi5GkbsE=":{"valueMac":{"type":"Buffer","data":"L8giRJnez+qBOeamZ32wMXOZcKPG22+DVN59nEvALGg="}},"W5ws97cVOTOrfsQegatpedfRLtO20yH7U7lSJMP9C4I=":{"valueMac":{"type":"Buffer","data":"q2Hq9jzHHFg1Qch3tLYU1J6MzdI2z1lSqF8S8/Upmbg="}},"UYeYC8mdd2EEld3BZKTHGibKih89AiEfAAWsYUdEFTs=":{"valueMac":{"type":"Buffer","data":"0l50QlBmLtU/dPlWr00Uo9JMMn8d4zU4ok3jFsVoCCw="}},"uMUzNOShjD4+msTPpm11y79TmEMdUVq73hwNIils6/I=":{"valueMac":{"type":"Buffer","data":"y1cKhYtrVbVleYPs4ux7vEHuSNA+X2POweU2MKtQ4W0="}},"p1iVEbEc8o1G/XfqPQn0GqdGwNWjybpgoEt7oYu7zxk=":{"valueMac":{"type":"Buffer","data":"TbbgchJ9YnFMAsVKTSL9i/fHmtjpcFoPQUak0IlAJ7c="}},"FEjOk3C/dLWGlDhz/1eEkeOreAFZ34VYj8qQJ/UPifc=":{"valueMac":{"type":"Buffer","data":"lD6LzYpidzZaDj/fe4SZGc+xdJTlInS2I87IHQ0AXww="}},"0j00L6ZEXKA/X5UfvAbjtQa5U/BZVzX7TBFyTOocbYA=":{"valueMac":{"type":"Buffer","data":"Wxuw8C/zRVGq2qIGhP9Pc+JyA9WYhEzlQOqS0zH8z50="}},"ylLMNTjqEyp8IITwcXR2gxUrGMR8oi/VDjRMO9ZUaks=":{"valueMac":{"type":"Buffer","data":"wA4em2X0WmR0zLo9gysgZjnXnntdOUHN63H5yOBqv+w="}},"xiR5STez6IigZZiymx9QXSWsixKD7Oajt9mz8JK+n7c=":{"valueMac":{"type":"Buffer","data":"sswHf9wPSL28WNdhO/lkJbYLHLP7H4WoftRriGMXSEg="}},"qxH2XxTqkPxQTXkHZlgSpATs84Qf8iMHguZNm9f/kbk=":{"valueMac":{"type":"Buffer","data":"qKtCP2vCt+LQdEWf+FQad5R/QlniFgx+lHekO4ZhBYY="}},"3kho1ie3wFg+o15Ie6ATIulWmR69qhM9zkHAdasPnuo=":{"valueMac":{"type":"Buffer","data":"HXjQ+B3QUIA+KqbrO9awCw8jU6wnoLsm8axTOX6fJVs="}},"HjFXALN0tTjufcJBG9tmdrwD5fxGZar9kFmHZmTepp8=":{"valueMac":{"type":"Buffer","data":"uMig1WSMQ1jME52WxSCsT7wU432QLAWwOyk9pQrW2SU="}},"Z2k8O+Q5anKMs3iGF8P1N2uyWg520OJGEmPZ08s4PkE=":{"valueMac":{"type":"Buffer","data":"F2ZCH0tl7brtRwz7CPozj1ZIMt27cN/R5hF9SMKhYgA="}},"TJod3dS3/EWzgmI/hJR9hQLY6PBJzVIgLqtdfvwNzNE=":{"valueMac":{"type":"Buffer","data":"MDryB2Lm4yT/cIPFT57+1U5R1xQgxd3OG8/3N78tdac="}},"Trzwfzmq7thsY17ZKgalVnSM4giXmQJSR4iA0+POi/g=":{"valueMac":{"type":"Buffer","data":"njboEzNyHzGE2DjIN6Am8cuqrwmkjz3UCwkWq2nenP8="}},"Ix0+/6k9xXMu4LMo9TFRGSYGlp6Trb5ExcyztnprM40=":{"valueMac":{"type":"Buffer","data":"a6b6pMcS7IiBkYLpt0mpuTDhyjp9CyDn/V5U5VsJtt0="}},"3Lp3wxnDMYFXru/2m3CwuR6ZDZ4wPikqZl8G5z393KU=":{"valueMac":{"type":"Buffer","data":"qioir8N7KjVmM+OmSHQ18lZQlpljwRcUbAY9VkYB0G4="}},"MAsFqOguhs5iBPYy+IHDBuxgepdF/Wqv6J2LS6jlH60=":{"valueMac":{"type":"Buffer","data":"DJvva//sCJTIqYp6Koe8VRnSFvak1BKh/E6z2ngdJG0="}},"Z2tUSBoV0+3TfS7tWd9Enwz6JG86KBlSlfS6R7oFdxM=":{"valueMac":{"type":"Buffer","data":"10+g5gIiadaEM6sRDm9qTbKauyz9AbU41v7o5WnhtB8="}},"yDDHoPxmh+iv2YRE5lyb390iDkYl8uufbOqgYGTnh6Q=":{"valueMac":{"type":"Buffer","data":"RNeeU2IvO9n7+y19TrR6cuelKqSlHdwtXiIAtfkx8vg="}},"LQCBDnIHgrl75XDOOXaQrbzvMMrPNXJi1KsTM7E93g0=":{"valueMac":{"type":"Buffer","data":"idOdat4G1PddxQx4dX+U3MBrudWbz62GtPRL26EBoWE="}},"BK8HmDJpnlIl09nkGaUJ61jojaUX4JfdsvadS8GZKLE=":{"valueMac":{"type":"Buffer","data":"eiFQ3O7l0RUaJPFVX2lNmXj4UUludCheKko+eqpyG6E="}},"BlQR0cN/MVt6ugnmIr95fMzP+TShtIDz5c+oIaiTT7Y=":{"valueMac":{"type":"Buffer","data":"1lMDEnvGfyAxkdeIGjrvYvPL/BW6H5YIy4fucX3DfTw="}},"IA0x/l5Ft+gjkplptR+X1Jl6h1dxOjbKnn1SC6j6j4I=":{"valueMac":{"type":"Buffer","data":"JaF2MjE4QxZ8B1gX4fcahH1ZqHn6N338HgCM5bCgRCE="}},"hrR2xMQgZL6ojz/Vv9ACpPjvZsQPcWg3LrBjqGVvVdY=":{"valueMac":{"type":"Buffer","data":"rrVHlXYKfF4zYCDFb61IALNrQe0vy0uVKFYXOntw7nM="}},"jz3PpQTqmMFKFPiOLvvIFs6Ohb8Gkpa1lcIYdXMNlhI=":{"valueMac":{"type":"Buffer","data":"65uccr1K3dEAQ57BDPD9iVO3X/koD1cKB9Zzn/GFBhg="}},"aarSDZ/tawZfXukeSHOsnOmWloBpBPmvsIywOPaHoSk=":{"valueMac":{"type":"Buffer","data":"yGD0qd8ZM+BIDr7WOf/dxd/oizfwrTfFs2ptcqWrEG4="}},"5k+J4Zsw/bnIZ2Fv+RscvgN4H34K45OyTrwTcCxLYa0=":{"valueMac":{"type":"Buffer","data":"BisXFgHu8s7MEI5zuMmJcAgX9iKz59bHHTraPQJUAXQ="}},"J7AR46zMbbs52R/NuuH1SyWHYylSBM19jN/Ak21n/0w=":{"valueMac":{"type":"Buffer","data":"irbwfLtek0Bi1wSuxtpSAu6yD8mK6InTfVVCtkAERwA="}},"oEoPO/0KfTu3fTDeJOFVvhm9RS06sXL3Pjib+f5vzOA=":{"valueMac":{"type":"Buffer","data":"sWvNQGuWvqK4I1JJ5z7t2gys6/4oNQuJd7bA2AUPeRU="}},"D4X6mpYMkEIJaGcm0WwVcpjQ2TFB+boJ2R6+oxqGsXg=":{"valueMac":{"type":"Buffer","data":"xrl+nG+HnKmD6BStCqy4jZtS1TRf3ucyEyfo9gKq5x0="}},"vlAG/j2RSxa5JnVRTrrUddwdT1/PaR20GyCDTF0tNN8=":{"valueMac":{"type":"Buffer","data":"rjc2ZrftrYaD++6KdLyrNi22fw2YMQX+IPm0awQscUg="}},"zuigylCIKxen4PBBBAPEAWIeTZU5EiV1neyuD4lievY=":{"valueMac":{"type":"Buffer","data":"Lvb2go8Cs4sLEEuh4R+1q46zJ7eAQ7ukUIwqIL8WBRw="}},"8Xwx//DJ82C0j+/qVmxm9KV0roCR8WfyKHtYA1lbCUs=":{"valueMac":{"type":"Buffer","data":"PhS55oMgWM2VuHN653HLuCqWtqqyBTWDLRyMYCu95Uc="}},"qd5p1LLBNTFA9OoO7BOizdpEAcBLdKHI2QgQl7pdsoM=":{"valueMac":{"type":"Buffer","data":"IdlpGHJjobolnlbxaFXnx6/Q/riCh+PzKjSWLDScP/I="}},"OsMFN2L+euj4IznM4uYPq2IqVscAIbLVuQw6sF3RQE8=":{"valueMac":{"type":"Buffer","data":"eYrHJSQi7A+qvJBfHj91QN1yPRy8XeG4NQarT6sG2go="}},"KfXTvZuDM4doRkF092SuGMcS7pw2IDqEhyS5HJLFJnM=":{"valueMac":{"type":"Buffer","data":"mvCAZGSVeXyu9uEJ3+xxerVyLvmKDcmdEcZv/Y0Rdco="}},"Im7m1+huxnQc5sPjSDk3LX7mY0IqvMutVUN1BaE4feY=":{"valueMac":{"type":"Buffer","data":"ZrMR9JLR4D3DjLa7Yvce0COyZ+UAksIMB0predkH5uw="}},"gievsBa7EgTL4PMNIRG60v2/U+WSaoyNY5pzXDuRFuU=":{"valueMac":{"type":"Buffer","data":"qdRMG49zpli2CogKgPiI5KVu1cDRwYQkaaKexlkants="}},"3JiEO9YCN9Wxjf+l4U3qGBH1qTWFCNa7g1UKLpc6dsM=":{"valueMac":{"type":"Buffer","data":"ZcZye32cvHjx4sWprzeDk0gtC0z/XebLpa1m+CCe6cQ="}},"Re0oEGmqZCxvQcrV2X6JPWhn6zTOmTQYbLoL5xwjYmY=":{"valueMac":{"type":"Buffer","data":"WLbE1izHeGtuf9s5Q0dd6MCOprYHYjeZJHpJUVhR0Cs="}},"EEH4n/6Y/dabjWYJeWNBDEc7GIKriP98bQTVPcPA8bk=":{"valueMac":{"type":"Buffer","data":"yslv/kGOPjd/yTk9dgIUltZHqANJMfFRuNwnfT+Tmmo="}},"EyP8bZiJ6JzKtij0tf8Ft8mly7K4CI/JwPvCabFhIlA=":{"valueMac":{"type":"Buffer","data":"mXK6VywMp3JOKEZZZFwox2RC6os3kRCMPF2mBWTvXNs="}},"h50TqQH/xsFIsZfChuKOYYVFwWloIRyPwSwFvrcpl/c=":{"valueMac":{"type":"Buffer","data":"XTb+6mOZWWFco+h8BB6dUlPayDEqM253bUT/6uQ7B+E="}},"/Ow2Rt+J9b95H0Rk/WP9i2UysSBvtbfWVyUZ1lce4Vg=":{"valueMac":{"type":"Buffer","data":"lVSTwvYPVQoqZyebwFkTh3wvT6s8XzaSe7RhqEbtfNY="}},"jaRdr9z7W31x4o75Em8mrDu7PwuRPm7IBkbNQuZCGPw=":{"valueMac":{"type":"Buffer","data":"+yXlMujvg3DRp0aw/0vxTFSANBRbRSTxVrUnF0lmtew="}},"PXRivYrm0xymQuFasFGvVCAVYLxOpZqXYsNhPtBDc+w=":{"valueMac":{"type":"Buffer","data":"tJVtNHPkoyhHTcLNcehFBif6D0FoyfqBruaCCsjshNM="}},"YnDGRFhue2EzJHcamNbLpxa26itFrnhu8O/DxCmBxQA=":{"valueMac":{"type":"Buffer","data":"KH87a6ZeHm6Im+JGQbdvv2zzSLZS2SQLpkSHsXfWc0s="}},"sqixVC5Ju5jbgjHhNv3CEmCykZpl4l+G8ltYphojsmo=":{"valueMac":{"type":"Buffer","data":"KHQ/+Hwe3mRWHTOq0W0VERZzGtectd760tQQrgVw4U8="}},"dwRZ1cohHt9nHVXQhsZDLBjlaO9xOnw8bALqFtLHmUY=":{"valueMac":{"type":"Buffer","data":"QymTkoGugIJ/lp+s0sNi4tOPGvQ76YSzQ0r5mtC+eGU="}},"O6oXItnUmhg3aVj4jn0vvh/xfzeirKrdZCQXGNCWy6Y=":{"valueMac":{"type":"Buffer","data":"5mvqfOFtz9QWHOqwjEYkGd7dmX8F/mkMquRLRnNKCCk="}},"chfPeFspCpRhEBHOSx5JwcUpTskRCfeFOpd0Adlx8NI=":{"valueMac":{"type":"Buffer","data":"CuSdqlUywYz6cpsoaFjyZLL6a4sh917wIhxqelUpiXo="}},"ppqpRk0J6aTgDf62CVQemqCe/ZZ1jKeZBFZGOa3OPH4=":{"valueMac":{"type":"Buffer","data":"6cBW3z6BaqAubwHrLBdgtHG6fQJmWW4Z+DSX00KY/Lg="}},"yFK6LWN6vs0HAiirMhNxeIWjj0T8NwoaOHrAtcQguK8=":{"valueMac":{"type":"Buffer","data":"nJDEPdCK3+75ArUNqEn1+PpKT/l35hSm5vd63Yg45gU="}},"icTKOhnf+L9Wu9UVQO+1RwYCl1+9IU9prbz6Y2JKQ4A=":{"valueMac":{"type":"Buffer","data":"3tJAVLkTBZVl/2LBxsEBw19jmOGq/G34GDHd7NC3JC8="}},"95AW5os1Y0/f2VwaYRxXJgwfWtfAWHzJCkwORkzsM5c=":{"valueMac":{"type":"Buffer","data":"qj16CEcnFx1jp9vlbvyfzAIdBEIqcW0C7GnCG7nYFJ0="}},"ArsQJM5/gVybMpoVRGxA86CVrspYxlb6+MMWU4J5aJc=":{"valueMac":{"type":"Buffer","data":"eZP4H94M6TtwGaWkdtWkiFILvbByWzw1zUje/q0izJo="}},"FKVxObFfQmDLA/T+hXLJooQwlHooDozGQZLJF08iwPM=":{"valueMac":{"type":"Buffer","data":"LCOBixE7QI9EmT+S+autNqpGGrMW9/MChCuG84Rp4DQ="}},"mWzRzPdaCyrf9lPOUB4KpPDATKTr7CWUfTLaYc4v7ck=":{"valueMac":{"type":"Buffer","data":"1kPh6Mhcl+Y+vODfBj9xibAgyvaHn/Q58Rz2eQNcT4Y="}},"f1ysd+lomd0bwzkKH6RLUIXr5V0wRuw6lpU3RRhfZzM=":{"valueMac":{"type":"Buffer","data":"8kCSNW5PSLnAguS8liHyrmYIPSti/BiXMuOhqacYXwI="}},"roZrUoICUlNTrxhrreV2r7yQKnclUyq7wXYdqax9/GU=":{"valueMac":{"type":"Buffer","data":"Ms37W8n1cgSqvuuoj3Rdsppc/5d/2yoQqfn58j5MjUE="}},"E7qq3EGI+s3wSZXU/WfkuNWjbl80bT48EJHv1Oi0vhU=":{"valueMac":{"type":"Buffer","data":"e3oM0UxY32NHJX787IPJhU2Lj/TZPhTBXW/pgCbL8A8="}},"Fma/9TGbgZYGzTP0HUZuDeo+LKn1T6KCKSKy9ah/bK8=":{"valueMac":{"type":"Buffer","data":"evjmFJRCJR1DOgKsWnOO51gCqPAqEmU+ykF1YQCYQNM="}},"wrbfBBG45wcsGsaLJVhXrGiM+IBZM3HRY0BNC3vG02I=":{"valueMac":{"type":"Buffer","data":"VdEoX1XR81ztGX58fnu1LNxWg9XUn42RkHaZeXgq9M4="}},"eYW9+XrsM6Q/WP5svNPltFYhjSjuOkFNwhzhQiR1OMs=":{"valueMac":{"type":"Buffer","data":"s7tJomjAq0+gq7brBvOsbHAmrcHKfoC6eWiyICREEH4="}},"zAROaUb82dsU9k6CdHyuS3pS7pQhjRC3zJdJ/tSfpC4=":{"valueMac":{"type":"Buffer","data":"RziJEwwRPN7PZ1tRCjO7ydkTmGhLjw+MDgF7/7fPi5k="}},"kWwsqPw39eIjM4teYxEqV/K9ljPyms7oB5VkztrknD8=":{"valueMac":{"type":"Buffer","data":"YDhJBfxmNJ7pPgDcS7ETf1u7wrsRm5uXWi8ecQA77WU="}},"NDKhgdtGV48iZat5sn9XY/5BcwNB6RZsyiehbjMR1oA=":{"valueMac":{"type":"Buffer","data":"GVIs2bgc06lbz/b4KUh77Zm5vo+OKaZDe9qYQ7RFn0I="}},"/U/o+Euwj+LqhYGckDgNiQ45mmd7J9pryhR0rxYe3Tg=":{"valueMac":{"type":"Buffer","data":"og8ahpJyQHLeLP8rfqkiXu1x7ZdgigT63xNbrFd9Bbs="}},"sYAtrkIoSmpP2OXAxtsD4qvjRjRsELUTSY+STsNyqAE=":{"valueMac":{"type":"Buffer","data":"U7J5p9nhawDsIZKuqGxPuDImm3TqcCQjfihMfvsMCP4="}},"+L/HSPQG2mHh1pOU5U25zdHFPRnH1PnTf5rawp4BVK0=":{"valueMac":{"type":"Buffer","data":"lVXz+2wZmFm2pxqNyadCl9WpQN1nSLyR+ULnScD/tpY="}},"8zsYXdeZswiu23zC4nPLDwYHv1+fUgxbZszmlUBrZ94=":{"valueMac":{"type":"Buffer","data":"uswtOMTXn7n7sUfjyUTU87MLagphH6mIHLfxO4AiiLY="}}}}