{"version":2,"hash":{"type":"Buffer","data":"mIJhOgxph2qewuuW/WZdmleLRz0MxU5duRLDeEcqHmwQVKKb9FbfyeopkfMp4E3ns4aqARNOQtttpcp4rmxC0Qbrbw+U1yVKFq5RlnmC1JH3MbbbiCEXTdq4lQxU2w6UFyGulrNqueSw0s2iGnuAcNNptkyvojoSrCI/N+Jddus="},"indexValueMap":{"lvaG5UaCp97iU7Gx58NgtUj8snZH+E3fwLee6/LQKpU=":{"valueMac":{"type":"Buffer","data":"GbvYcrPrJzxrsdYaB+Rbydwh8cId8+Wi0QN5UkaOgZc="}},"nRwJ4jlS+k3V/b8ryrTkQBL+q/TIowj49vqPJrR+1Ks=":{"valueMac":{"type":"Buffer","data":"6AhKii08PpQxNTK2R0IYoME1hFtdGB0moi1XL+3Vnxg="}},"OyNbBLngZYd7Upem3Dach0WWLGLdKn4bf4G7f5fq2M4=":{"valueMac":{"type":"Buffer","data":"kZKC22UZ5M8sh8O7ERfT7SGNdWptiCe2Ef1lwEYZLHY="}},"Qmog5Nohz1xt1Rk7KLz4bdwRgwk2AzET/eoOAleJj5s=":{"valueMac":{"type":"Buffer","data":"y2jhGdXMPqV7mj4IbUUulcgxckrTX57WO8ke+RtZm7o="}},"TcD3tLSB0iEaCtWTDXNj+Bana23F2sWH1Y4JjVH5Fjg=":{"valueMac":{"type":"Buffer","data":"nyggLA6BqAkIQgfeje784rjTjYjrdpyXnbhjD+MU9ts="}},"KcVKYwfgXvZiMtvdW17xbErD1jtwyqOkyqoTW9RO5Jc=":{"valueMac":{"type":"Buffer","data":"cFwDvVqrg5NmcRQzBHRBYLNonLB+V0n+dVmCUJ7H5Xc="}},"U6QM5VOPPQ2nzevW4H89MjqClvFHkixpUTVvIx1DpRc=":{"valueMac":{"type":"Buffer","data":"CgpfBnU7sKeXl5foTEmyt4MgGPlPQPpZIdIrF+Ivn48="}},"lXfUuxni6mb2Amp6GFOLVu82JvFpofy56dMWUdkZwzg=":{"valueMac":{"type":"Buffer","data":"FLBOxMbD9ettAznwt2R/6vcuhE2VIPeqGJhfECZyVzQ="}}}}