{"version":2,"hash":{"type":"Buffer","data":"Iq6MXEIhRc0Ya+sh+mxC/YEMurmO5q2xXBOkQ8rMRokn5SP3+a2U62htVESmHt1cTya3WaThYpSizGJQtE1ma1DZRDxX/6y70fBeTshCAp8sHCG9LOtQPRHoS8XYfYEmVSDtTLfjLwO7RPUkyhBstFlmdJJsb3slcM7Wcm6gJPQ="},"indexValueMap":{"y011YoVJAgqFHdpJxR7SZn+NFhSMkoWg8kY4npIkh6g=":{"valueMac":{"type":"Buffer","data":"BEbSACP7lxMIeKLmL7ycYUBsRlfvT0xulYkg25fk1KI="}},"24/fujivN7qkNP6riiSonPs3MD2NWNUGbmzmtUO2ldk=":{"valueMac":{"type":"Buffer","data":"G3Pu2WSIZs+d1wM0lxuPIZxwC4qKBivOFRYZM3pW3yk="}},"JyxjiNDiQPaPtyql4eAQ5VxkOCXR+DntFdOdTIMdh88=":{"valueMac":{"type":"Buffer","data":"LaiGOAcAmhR7nFCiU5xymvIQ+3OfrRASIQdkxwKX0AA="}},"ZVgqpuAJaD1yJ9NuDwkxxKyxZVp80RCPtPjzd5hkyIs=":{"valueMac":{"type":"Buffer","data":"6uabO+CDMjWH7pwwUS3BSgq0e6vhj1RvxeFWGq0hpN8="}},"EE/dY0pBr49tD+jApktPnvbTDKKE2oc9dko97yk7jZ4=":{"valueMac":{"type":"Buffer","data":"OMst0XfPHUrZ8JCq4nKnyBvzLe5NUjd7PCODDdkerww="}},"5qQXx5Bz1vKcjROYG628XuW4cvZwOpEJ9Ck1kkfSp/s=":{"valueMac":{"type":"Buffer","data":"v9mI6bf8GU3Qq2HKLGiNg+GG/kSsrw6nahNNf3XawPA="}},"fbgYG9J5pA7q2Kxy9axKWp/KtxJfbuZ5Jo2ND/MnO3Q=":{"valueMac":{"type":"Buffer","data":"eezi0UL9OiDdgkZENP7CPBiGsM40+eIQpJ7R4/Nzdgg="}},"i7krxvNPCiB/LoDnW6+1HkVKYcxa1GYOyHw2V8S6i54=":{"valueMac":{"type":"Buffer","data":"SBJx6T1rD6zFwVb29/fCQMPrk8GJ5nvRsIFUXy2lKDY="}},"pI5RgHm5fVr1n3GK7kRpM4QfnaP919e+oTHKvuaHt7I=":{"valueMac":{"type":"Buffer","data":"UJ6pxMthRFP/K+skSWl4ZMKk1TNGrqTGi90gm/V7bgA="}},"fzpqBOEF1QIL0rj5GJPZcTG7nc/TbieWZuksdjkENsM=":{"valueMac":{"type":"Buffer","data":"bGkkomBIzKDN5FZBU6gzY+qQczo5AKkuLb2hxeEWf9A="}},"Qk5VvNKCqZC5EDvK2PiZTU+rnMDCcXvaBmstF5QgoGk=":{"valueMac":{"type":"Buffer","data":"uuJz8mB+9vHy+dKuTv9CxFXHIucQ/f78WKMBQaNN9x8="}},"srKJRQazy+lf9S0pB0IYpDZy9Rv8yT1xDuhdkl7VvMw=":{"valueMac":{"type":"Buffer","data":"beHLTL3ftUoodbmC90ieV5lI2udS5SKJZsFB7V6JqlU="}},"OvB9PMRQL2ln071KGNEwRluhVHsUvTDKj2q+muEPvKg=":{"valueMac":{"type":"Buffer","data":"misrmxcthLMsrS/riDCpTcoR84BmQv2M12QIsDLFM3o="}},"Qdoo5vvNT8gkxqwnGwYg3ksmTZb+PMNnASQ7y5vFSV0=":{"valueMac":{"type":"Buffer","data":"7LxuTrfe4qEMa5KLWFkkbsJHBRVwroM1pdH5p09YLao="}},"CMevqgNKmJA0LyKdBDtjlTPOhDS/rC2ceA1oPHVz8Cw=":{"valueMac":{"type":"Buffer","data":"rja0SgQTDXsnckBgA/DjnlR1JGPFipdZy90OwuYX6Y8="}},"nRMT716F4DvoMaNfWEsQmR+U4YaIBF+zpRodGJsobh0=":{"valueMac":{"type":"Buffer","data":"wzMsV9g6xeRUeus47Rei1wtcJOzzfvpWycedpvkGLzU="}},"GbZiPmqeCwPHvbwdkHCZMk8qGVc+po0lGwrg3Faqwng=":{"valueMac":{"type":"Buffer","data":"HscWehvoPZjZlHfvMuB4PTh5ZRYspgwubkn0pwPFQKM="}},"FMGQzHgdSL5dyCKM+hY45jW0IfyiRALZXuSGHuSJ3E0=":{"valueMac":{"type":"Buffer","data":"h3XjnG3kb6AwFvhRWiSTagm/T064zNWyX3GSRKefZt8="}},"BDMD88BWiY1E/LzkzMmCrDM+kOqi3OYukfmAl0MUxcE=":{"valueMac":{"type":"Buffer","data":"lhc3ksdca7H2E9dM0cP220eM3VPrv1jK1HwnJzoC/aw="}},"gQx/2U4hi7s6w5saFeScfTgkGanZAYaR8BXbBFL/pP4=":{"valueMac":{"type":"Buffer","data":"3dR0AFvEHzzYnnwx+SFyvYvWnsyLM+GCmSLkuzRCglc="}},"HxAXdBdoY5HANWNJoZHtiEur/WPfFEXpD7HRRsZlk6c=":{"valueMac":{"type":"Buffer","data":"v0QVyt9QYYj7alpFjKMR1DTJ1f6otWOesXFXIFtOunM="}},"2eI9Xbo9L5/IvFJA23BWoht1yYyzglNqQ/DsEJrJN9E=":{"valueMac":{"type":"Buffer","data":"ZwEJK/zVGsZXL213ZVOfJc1uWL7C2JySZd6ndLjbSQ0="}},"4sVjZkOFZnN5+Beszd6erYgFl1CLAs7PDM0nwc+YW3U=":{"valueMac":{"type":"Buffer","data":"2TGtge+qkqP7dGWhtDyEZ4hicBho3S8p+PXQOKqGTGQ="}},"8FBFrG9m14GpBV3wxvk3c6YiNsk0RWNrkcSHHx0qm+g=":{"valueMac":{"type":"Buffer","data":"Ee/F9VyP8zeNierqaAm20HtdhOluVE/TaVLvf/ydzxI="}},"PbqSOJQwAv3CJiPjbZgRkfH0gLcZu2m3LMrHNLktTfs=":{"valueMac":{"type":"Buffer","data":"IXC5N05iJmOKQsW2mfx/XLwlt7XKVzf3lfI1qR7TubU="}},"tHNLAU5+9SnzYbTyXTZtKvRMsfnaWe37T8VvsWVbFMY=":{"valueMac":{"type":"Buffer","data":"Kj7a+6jFWRHfiFw/0pcIeyDKNZ2RFIW+oObiDpbXILw="}},"0noFCLqRzKKCzxGQNHyH/f8/+vwd7z03IMof4bdb7G0=":{"valueMac":{"type":"Buffer","data":"fOJf3QsCGoNk9pzYp4ek3HWR985WEHywxXMboJ+Pves="}},"MG9yVTEN4Ygd5Zz9ofI1x2thrFKPRIfZ83ZfasKQIr0=":{"valueMac":{"type":"Buffer","data":"ukpHrkIwPCKzxf69PgUwN9P+h06NLaaHly+cwhlsN7s="}},"SI8LfJld59O93vBSKGqUfWm3zbeOPslAFS+FnvonIxU=":{"valueMac":{"type":"Buffer","data":"ab8TSdLTbBwnJ3aSJ2Hvid01NXaSso+Va3rv/DQu+xg="}},"05cv48OULFWuGTEJFrB3YZMYf1mMfRJuz5iA9scWaP4=":{"valueMac":{"type":"Buffer","data":"X3ur4VUKO0ONmiyfkrGbiMdsGzOyYEv7mOcdksnq04g="}},"s9mnjGEX9n2p7t2V/tKGElz4mzw4uRUusWj8jU8PVyM=":{"valueMac":{"type":"Buffer","data":"QRlh0Xtfi59IQur7B+86k9lIA5sj+28HOv7vTxX5jqg="}},"OTQGFWmILTJgnowZJaAq36tHe2yLbysQ4LGNvS1ffws=":{"valueMac":{"type":"Buffer","data":"lYDOoWuz16FOxbEbq8IDMDeXhIt9QVj+plh1Eh71GZo="}},"mgCL4IL8+/j4Wmn6yE61c0/yxvT2lwJs2nTl8qGFuN0=":{"valueMac":{"type":"Buffer","data":"jI96VLCSoPsIZ8LE3UXGuLRfe+ddwwHXJbPTxr0A4i8="}},"Oi5auvo8V8bBxonb6iKpqPa6tb/I0LCSGWAoAU4MGg0=":{"valueMac":{"type":"Buffer","data":"Wdoo+GOwtIzDSHzSGdMhPwjVMHNe1C2LSg1ULFyO0P4="}},"PqqoL7ZjG4ufUWXMfbtnyhnNq8JSh2eg1hu3pWUXu6c=":{"valueMac":{"type":"Buffer","data":"8J7CnGGO6SJV7OxiCP2IcVuz1S3Afa1erAXJFCUPtxg="}},"Rl6ywxtxhk2iWJDaEfpvhTqiOx9StAaqk9G1J7Zpz4k=":{"valueMac":{"type":"Buffer","data":"Eg95I/ReP+gATL3H6rALQoluramWJuq8WOi7dQrOwJw="}},"jAXhpaGaJavoX1XgQBUdCH+1bQ8JT4JDE5oLZi+ECbM=":{"valueMac":{"type":"Buffer","data":"VKwzZp8WEqvfiIreg+t1tg+hEc+J521CgqeBpHEHen8="}},"WS/Rjf8yaADLxhZS2pFtBTvjOL/YVbQA17IvVH4shk8=":{"valueMac":{"type":"Buffer","data":"mEUglhlHMI/V32G5dqft/pd0KNzWnT54+k1KWanp2II="}},"24PlCQVBosbKkWrrCErTutz+KnJhAtgOfgvnZIMLhEs=":{"valueMac":{"type":"Buffer","data":"IuGSuOINge4gD6lzHnQo36FbfOaJKzURYtzx4+Tq/AA="}},"EsbgOhrnNtL9M46voiRWUzxxx2qHYKq0Aa/fDWFFXmU=":{"valueMac":{"type":"Buffer","data":"3eVCQ4LxEse2PXinr74VgspkxemYl/jlXLpew4rtR1A="}},"QRyOxbBQJHB5iNu0vpzPsokff943Zq3ydAs9I3/q1F4=":{"valueMac":{"type":"Buffer","data":"kTeoEwlq25T5jbHVmbhHjxg0x0QZOtbbLrsQ5dv2cwU="}},"gcP09Pbt/H5MmCDfRX1H25/+wOJCBz90p1Ej6lSEEEE=":{"valueMac":{"type":"Buffer","data":"wTcvhnqAQn004Nzdqh+I8aggQkOSsM+yuQP8oYYmVl8="}},"0PmxVBOgsqVTXKplojAz+ghgMIC+s+lWDyHosBLNH5I=":{"valueMac":{"type":"Buffer","data":"e7kOT2+YHfoHS7hRBRB9ocYGusBNIWN/UXMhwwKG5CM="}},"DkP/9DVAsALNfl5HPWuVvG583FfcG2rBaEs1FIG+b4M=":{"valueMac":{"type":"Buffer","data":"u3kj9kHSMB1LNu+TVipYUJXMwVtqxtLNsf4aDovkR8E="}},"+OP57htytFTt4s790vjGL0w5ZYdGxvPsNLR7jk9TDcs=":{"valueMac":{"type":"Buffer","data":"pHHkireSd2kPDjOzziNU46enkFcMZfGkQElFHKkkvWA="}},"BVa5z2jaL/2JLqZI8ziE9yRHSPvLOc8OIjVc76/Ik+o=":{"valueMac":{"type":"Buffer","data":"y6F+oHyY81ashseMtDiu7G0UtwRWA6iyqE4pxbD6IOM="}},"jxNrnRl4Jlbg+nthTpliJBQh/FvwLXYLtSJWoniytY8=":{"valueMac":{"type":"Buffer","data":"Q7+eTyCY+GrO3fWs2Ij/9i5TxOfeBk6g5qXzwmyebNw="}},"rKeQmz0aWs8G3yX1LWUopSLpipZFBSVVQ8+q0/z9we8=":{"valueMac":{"type":"Buffer","data":"gFo2EUWaHmNDRwf1jmp+DIic6JH+wXGDdI/vy9roOEg="}},"IQjGcyAkylPOrGcgXb5PAH8n+BxagT7rNL0KmfbUphA=":{"valueMac":{"type":"Buffer","data":"FIUGrMICoJfAu7D+YFGTYcE9AX4FenY08wyx+KO0NTM="}},"pyhIo9oaXhFp3OSoN3BgorVMZfdUGPv9yFBtIix+c3I=":{"valueMac":{"type":"Buffer","data":"QTKtNjdc3HFdlMVbQGqpw6HmM6r8go0/rPuzvO3SNt8="}},"bsv0XsMGpJm3cT4vazmwUEmYvdTTigVNL0XOz7L5qvs=":{"valueMac":{"type":"Buffer","data":"CdVzcgxFb0L1AMjIvS02dzPT87Vnd8GLWbY4ET8DwUc="}},"s00itCfQ5ckGZH2cbDSB8XoN/mB8Td5uHSMk0Jp278A=":{"valueMac":{"type":"Buffer","data":"0Zf3wbkar5kn8WD1uZ4FFU9sQ9tZ9GIeUyjRqToVyto="}},"5PPoD90P98hCnq1LBaI4GOcExobQME1HCTTaSJYC8L8=":{"valueMac":{"type":"Buffer","data":"lHjOO2K/4f7x6C2fb/Oj+yDhIh2x2ZdUTGH6lRqBr7o="}},"a7B+FxhISp7OxJ0+AmEWxdTKRKGkdVUTlYEHNmnUf68=":{"valueMac":{"type":"Buffer","data":"aQ15z4NTW2ow0Z7Zdgdg1UMChiOlFTUU2c2cIaUVJaE="}},"o/istqS6TViStt4NCiay0BLrxJdUyWl43Dq5r3Pm3sE=":{"valueMac":{"type":"Buffer","data":"ylWvNqUGUmc8zy1YsZzqkVfsc2LirQendbDFxHoEWPA="}},"+gd/Z5tWNQdJ8gTRtIbFXYnHBuClIh4s2VVWA40gHtQ=":{"valueMac":{"type":"Buffer","data":"L8Ls5+M6c6Hxb+GemisOS5Pf8pqwDISjESM6d/QPSgs="}},"pF1/Dz8bvHfFksIT1LDW/b7N82w17n8gCnoNH2pRwjs=":{"valueMac":{"type":"Buffer","data":"UgHVxCBAlI/TB8SdtFxkH9gdLNvPOzusg6eXfT6NE4o="}},"869KXLPcEkKJEtzdbQWLwg1lYbJTe5kE8ITEsLy4pQs=":{"valueMac":{"type":"Buffer","data":"bnX0tkYr47RvMW4iTVmkG+ZxrrSmkKZD3VKClsoMfxQ="}},"GKMFoU3SGtZCeM2gs9a+FNqzYnN9+Lzq/ilUhbK8CUo=":{"valueMac":{"type":"Buffer","data":"dF3NWl+uAmgsNtOTqVOH9zeXX8OrTeaq6DFMMlBzlVc="}},"LQw8ibPl+puTU84jVAYU5+wkrWEtsJdgHScRd4w4ung=":{"valueMac":{"type":"Buffer","data":"xal/TVVbKs2YPL5iRoh0kUQLCKm3p9rMKJV8fuPLT1c="}}}}