{"version":2,"hash":{"type":"Buffer","data":"dkhWGXRqjVTTAx/XU5Ye6oKxCrkCkfOFl19wXLNJyBrIdL7Lp1Fyl7hBGQYCdvdS8lAoj9qmw+bTWgcB2051Gq0fifOXMn7SvrxkfqpZFWyAWXRMpoO78wGwW2MbYC10WLcausJ2WTfQDVEImv4jDFdBNRKmZUKQSZHZwilJeBw="},"indexValueMap":{"8JJAmB8/xW/6mZ7YFI+YXuR82JBVcjpxA/PlnXYXwXQ=":{"valueMac":{"type":"Buffer","data":"8uasRBycmgBuOJ3iKQaScgG3uzePrGzk118Fvsv+ifE="}},"YBhTPpMLEiziU+q4s8psY4ZnkGnQbDUySNexTAshWu4=":{"valueMac":{"type":"Buffer","data":"OrHraIG8Go9JWFE0cmZqbuYZsGPsXJ0Z3ewrki/QQkk="}},"9qcEjqa0NTMQv9ka6DwNvRJMuiDEgGpJCTNKXLDixEA=":{"valueMac":{"type":"Buffer","data":"2rU1Xmka0HDVi1SYhC3SPWKwb6oDy4WJCLDdxz9Qiys="}},"YC6/n2ZJUoASB3KKfECI+Jirfz7eEvjsEafCqa3+vPg=":{"valueMac":{"type":"Buffer","data":"wAb6DSacspnufQCXcMvOcrwi6YlfsiS+yfeLbFOmtug="}},"ustctwfIT54jv1ANhFV+4RxbDPJc0lumQlp9FWoepvo=":{"valueMac":{"type":"Buffer","data":"Dq4k9sBO0sBSgcr8VJoSepbAM8awjPMP+2EAtKk8W40="}},"+yVedC0tzbebpXx/ZbTUGqag4AkRSTmtUAmHtEWdNgs=":{"valueMac":{"type":"Buffer","data":"33+nrNWY+ZUVtaTiywok2Cx91sNC7nGCQbP27U7ybE0="}},"FCKQE+itYUFwObq1bcmfIfDwFK/yMLXYM8rbJLdJJ9A=":{"valueMac":{"type":"Buffer","data":"NxoomnH+TJXN/B9EAKPbqmDzb0znO0Ry//7jGMnEpjg="}},"IFEvvp04hU9Dc/9qqWInD/Ydlz+t8XLg57hbgT3wNHU=":{"valueMac":{"type":"Buffer","data":"lkjwiSh7ZwxJIGKo8Or0oWl7b06O6xwHpPNdTkq/N1I="}},"xHUEWrIKxEIwxiXfBsqwGoYHb9YrV6FDDEtPTIrgvv8=":{"valueMac":{"type":"Buffer","data":"x/r/xB0c/AJEWjVZrYB8IKhLa7Q6FH3UTPE0rluW9c8="}},"wsF+0909xVyImbiX9F5wJ8vvbcIuEFwE4aTKboqz3eY=":{"valueMac":{"type":"Buffer","data":"a4RmqsBqXYWYxZWF8N25diHP76CuYHkbSZeaZ+v+5B8="}},"94nOXbP0CH6kwElKUhPYHzNV8fpQvEJHIchr5SPIqI4=":{"valueMac":{"type":"Buffer","data":"C/tn05fqDRWJDPa8ag3YukeLx6UQP7CeW6iE1MogyhI="}},"IbK23qCdHoLOs3PpiGIigMF/Dcv3o5ySQ3IaHbSXKWw=":{"valueMac":{"type":"Buffer","data":"U4jQBBt6FVs4T8XiH0/YI+9SUUMj9TEr2nYXvXMDvvQ="}},"Xl9zOJ0Cbid7huH9zIxWc1E3Cot7ODgQy8y51+r4oAQ=":{"valueMac":{"type":"Buffer","data":"iSzoZIz3J+6AR5qSoNOvtE90CMDSeGok1a/TOvTgGpo="}},"axXyADbi3uTY6vmmRpJOZh3cFP/44WWregKzADUGjHE=":{"valueMac":{"type":"Buffer","data":"0W5Xq4bNp4mtx9RSiyJMBYjmCQonjskhttUTKK9Zu2U="}},"PQNuIfixYRhl/INbKIn2XR/hnMAPQshm4bGVvu4EABk=":{"valueMac":{"type":"Buffer","data":"nuB3z4pT8nNPM43bJCcg/0g+Ls23Ih8AmrPtkxi/EtU="}},"rbD9fLmMtL1578znDx+0C9nPDp4XNKGbGDgSmiBo6FM=":{"valueMac":{"type":"Buffer","data":"BlmWFD3cgOmVamCz3hw9PPqqcddFas4bBDqQU6LWpz8="}},"vvwWzeJ6b+xRT2kwQRc5E5WMxTOUULT2dtOCBXpVDoI=":{"valueMac":{"type":"Buffer","data":"DbvAAub3d9Wa0v40nsyfMlAPP6c8KI/cNEcVlFhTsfo="}},"xhizCwVLAn55WkU61+FDNMvj+pERIJk8IovgHRxxjeI=":{"valueMac":{"type":"Buffer","data":"pcQT1muxy2m3gCwNywSv/3lHyKEJzKmbNETtXohbw0I="}},"pbPa+bE9XL2l16/yTJckGOPoVZF6aw+IfyPHP7QfLmE=":{"valueMac":{"type":"Buffer","data":"HHZCcNolX/WjDWSm/+5457NAaPWpsm7nlS8r40EV7Xg="}},"l6FNG8DzOw46C8ATCP3/l+3V2KFrTBxdU0t+jXA/nIQ=":{"valueMac":{"type":"Buffer","data":"wi82NZn3cg9hm4rCSNatbD3dnb0yXAO9GIWB4e4gVVA="}},"d5aD3W3AnRMplDGjfudzmEbTjfvY9j3exIqHKFCr3oY=":{"valueMac":{"type":"Buffer","data":"sb5Gw1G2nFDKkentpxyAO47kDR4vghl7M1XsbOWT3yY="}},"gpQFE8/GBJ+20lJ2D6FuzumLTOyEPaZsTM6C4+MdgBE=":{"valueMac":{"type":"Buffer","data":"+JvTba2DUSCWalgwhHI5whXbdTFTS4Y7AuyIMamCS5s="}},"O6XQKGL2cRbQLZcpT9S2yPLFPpS59ny1UOM//ihSGJM=":{"valueMac":{"type":"Buffer","data":"9ewy5K1Vwz3PtdKDvvU3whLuLen5cslOw1/3h1oDKpw="}},"uzO3kCNL/TnMSlors5IUj7pU6pR6tvuD7hBGatGB3rI=":{"valueMac":{"type":"Buffer","data":"MfkrsopqwpFtTiXOxYxM5zU7fwFC7S7v0lyZIc7cVE4="}},"/lZlSJwPyAORLFEODOvD0O5vBBKH7SHY3GmWfO3B48Q=":{"valueMac":{"type":"Buffer","data":"h9OXqAlju5Hv9AQSPUjltqMIJGV8JW1kHvrRPllH5hw="}},"UQSn3AQDyF7uPQxJ18iH4W6lkcj7bTYnSFdrtxtVKEc=":{"valueMac":{"type":"Buffer","data":"pLjIxppAzELR5H27zt7a1p/CwvukGDqcz/oECUyXdyU="}},"5C/v1dtrTvxpMgmekE16cP61RiClxTocEmS4kzkhXH0=":{"valueMac":{"type":"Buffer","data":"9LMyFuvdGAbyHueQpcIdswhNdhvJnNXr6RSQmgFPiGc="}},"s57H2hed2ZvBjtlxZVnKW0rKWSfxIsGL2DaMMt+UtN8=":{"valueMac":{"type":"Buffer","data":"7nJUpMjp9chAepK+2Kynp53WM2dSHCY+XYBHMUOsyO8="}},"wG1zG8jubI1S0YmYDwI2r7vjEqBtQnWvlUVE5yd7rgk=":{"valueMac":{"type":"Buffer","data":"xuqpMlactcP4viBdd0zKmEO15ezM2+ix97s7bQ/kOMM="}},"AWFkvv50Pt5e/28cgt4s80Xx2lOn6hhiv5U6zkncqlA=":{"valueMac":{"type":"Buffer","data":"llC/gOQSvXDd/j8tUitT6n5/1m1/zB7Vce7lhKzQAik="}},"AbmD+sgcF/oCHqf2ydUQDtWhHvAZROeuKkSgW/4HPww=":{"valueMac":{"type":"Buffer","data":"bwffmqBR2bbPsGvxm/nPJl2L5sHBhZPUgzf1flRNl8M="}},"UkzRt83b5GDRSNg1IJIJMdG3JoeHD30HpTCxRzVhbRw=":{"valueMac":{"type":"Buffer","data":"HYCXNKerIXzQPQK4WxI9fseDxArjtys86gt+EKZQzLs="}},"YXmjvsWULDsjw7UoU8mHlitsazUJvL0GWHPCW9OhTo4=":{"valueMac":{"type":"Buffer","data":"o+TJ+OrutwnT6W0RJuQA+UPTWuDKZaCUavscCUTGwQA="}},"jG6Wi5xmLMdpMLmLvDTyBZ89oybsvTFTVfbyItmCyw8=":{"valueMac":{"type":"Buffer","data":"Ts38pjL5YPJsxcpNwJ/6/Jr/pwhWDWse4ni44omXwB8="}},"quPczjBoK9t4fvPDgN52fzAuAystnOUpYch83kuwUvA=":{"valueMac":{"type":"Buffer","data":"VP9RsaMHPapzQAJKkgavPoiZgn4E4ahIV1dAEbSNsUE="}},"YWiZUNMnMmBXGFYie/qoPnztmdE5atbjrkQJT8RlYgo=":{"valueMac":{"type":"Buffer","data":"RAPXx8StRnIy4eYCeklsReTGc3ljLnwzwaRg9NvZZ0A="}},"Gyu9WuTYoGVGchGht8FTNsXitcVxv8sTmgX+kdKJitA=":{"valueMac":{"type":"Buffer","data":"1RyF72PhuU/26IkIBKYBFs7lUZPAVlDWltzbrGDtRGU="}},"C+llF7fpHB6ci0+9ldmAE1YTmQktnXBrL6HMztjpkdE=":{"valueMac":{"type":"Buffer","data":"VMdGGpme6eCV0sJzPE8w4E9hdDCUZtiIWvXjIZ9w1SU="}},"wZau+DigvwBtZqsjMSHF0o+FOxJ1p7yG/Xh4RMS4sDk=":{"valueMac":{"type":"Buffer","data":"w7KG3dVkJHW5x0fsC7zGr6KxjdcDAv4aHP41zXngq5A="}},"zO4CsCwwm/sXdGP/N8RGNAsyh0A/BCPhEqABoQyumdw=":{"valueMac":{"type":"Buffer","data":"b9B72qUmxAo+my9idhciA9nW/qcfA7W3GCpCGd8xzfI="}},"JPR98Ed4oGhLukhG8WGnrPDm2lDkMSSNJkMPenuSZNk=":{"valueMac":{"type":"Buffer","data":"ZYSwj9+zMCbFYd2QBSdEiZTcWJmVpZaP1cGb+AA6SVY="}},"QhJzttuWyhdGGMIF70FjT9dSYa9sTdiGRVkXslO+W5I=":{"valueMac":{"type":"Buffer","data":"v4glATTGtGKkzOdIv5DosiIhVIbGk+E1F4xW4yLh2h8="}},"sv7oE+9lXVO63vDWKaXgrxN01RxVv2qY6axt4XKmYbE=":{"valueMac":{"type":"Buffer","data":"Pd4399+3rw4WzAfnaOajsoaszlW4we8wAfm6D4ihwag="}},"II0xOFmk76dVZfzTNdGBplqUVKwU4QrUsxRdDkJEnrM=":{"valueMac":{"type":"Buffer","data":"2Sv2/FbzOPo+QiQ7fmhldWk/IZJmey8pntgHLnW6uB0="}},"8ZW7s7juW76alHhROzmOavJ+29OcqAjYdl0nnYfqGjE=":{"valueMac":{"type":"Buffer","data":"ga+s9YTueAwaVUsw1z6uDFkNOGYKjB14bwGGnYwINgo="}},"5/+EJAg8dvYr64LzFJeYH3oFCw5VcosBY7JVYdIqSFo=":{"valueMac":{"type":"Buffer","data":"FpnjRxczSLOlZj91gPZAv5AnQj72tVQDz7C6OIly0kc="}},"9gvMIF/0bI1IRh6Sl/FtghODdjk3pEmJQ5PVQcvVf40=":{"valueMac":{"type":"Buffer","data":"KvCMN1OaL4YGscGXLjA3nWnC2rIRLkTs7m4MOt29PG4="}},"i8nxoDEnOJW3nbhmK1XhgM8VKSpk3A32xV6qwdSCHmE=":{"valueMac":{"type":"Buffer","data":"+2XFdfFDUjrp29XfHR98zsAKcFO+5Ksc2Erq2az87cc="}},"0d0yLuDJTn3X/IGRb7Gydw+71hvSlXA++qNgbuwXzFY=":{"valueMac":{"type":"Buffer","data":"0O1k3VWWfje5yJjcsPDTZ9EgUm4aDvHex7wrQSd559Y="}},"GJzv+3w1VWJORuC2T66QLxzn1w5I3s1n7qZtp7zrcMc=":{"valueMac":{"type":"Buffer","data":"uFueLQI+15eB7b9tWpI20exmUdNkFY4aK8Ifdir8hBA="}},"MERa0yKIttOOqMSSheKltvdUbEWzFANw0txI35FQM0Q=":{"valueMac":{"type":"Buffer","data":"vmVLBT49BW5XqYnP9jffdtMDKXBfzjiTkfsfzjIcQcw="}},"WGvmkIHh7ykwpUq/bIOC3Ib+gZQioQA+aDK49RbALW8=":{"valueMac":{"type":"Buffer","data":"t1bPy5chxpdeWTMOsnn/UiD7HQbsuUSqlNbp7ukecck="}},"aU8oyJbWkkEeLFIjeN/osqSwwhQUIAwHDVZeK4VzU3I=":{"valueMac":{"type":"Buffer","data":"FH6f/QDQONXXb78f6tgQuQ6jxT1k150c+vf5XiRDCww="}},"VZGOzZDHgooFjkl+WPpWhrI92bthv91gWHDiNKmOcog=":{"valueMac":{"type":"Buffer","data":"T4HSB1ZH9XBikMLn/1nTQot18YWPpWID1XW5UDh0q5I="}},"qNQh6ikOX9TLmEDVE+Bwiqr2wVLLBoh5YSIVZpR51ZY=":{"valueMac":{"type":"Buffer","data":"06eAsUsPYC/Cg3kA8nWsDOt4i7Fn+zh8qXRFZ1QUxdM="}},"vFUFzGqOxvYCRjaZaUNzBTWkeGBCcL2iW0k6Y9toLG4=":{"valueMac":{"type":"Buffer","data":"hXpfGVnjR6jFgUhDGUiKoKcu3fYphn6oUKR434cTI/Q="}},"TzkRv+rf69UiCtJwrLE/B5m7Rgk0bTQCB/yVswHYNu8=":{"valueMac":{"type":"Buffer","data":"khGOFKBcdQexVcDvovuFhJWt4W+owjI8pznMvY0HrTA="}},"o7PfQZCDhpcd9AkXh5WpMdD67UbdjRRAqe4pwfo/Fqs=":{"valueMac":{"type":"Buffer","data":"PzpFliDbLj7ZNGfOHm6eUxbauK3i2OLKAwpkCeYAsAc="}},"DeeVZoB+9mL22TH9E1cQ3EvE1Ocf+hcMXkYOTIS0DZc=":{"valueMac":{"type":"Buffer","data":"kcNK90E+7IR7tCNS+GlX/mz6Lq/8ByrSL96p8sVFLEM="}},"MZZ0GkX0Fy60ifUXpRc0zUXMKDOi+Ko45aJwev8UNSE=":{"valueMac":{"type":"Buffer","data":"hjQrGaU5SetNXYe8n3Dq3E2z8OCAkNFyAWLeUIWgwcc="}},"AZI72T8NCfuOOiwUnT2OuU/KEp/S4RLczdzzMP58J5o=":{"valueMac":{"type":"Buffer","data":"wwKlgqX+G0hM13XQPuOB5NrBoPwn9h93wkO9tC9zEzE="}},"7AH10cEUXcJxKfTgod9XeiY/MB6iaDl4hbF4fj33jFw=":{"valueMac":{"type":"Buffer","data":"tEiizrbE6e7k752Fp+upa640UWgqdqHnuBnDq7sayGk="}},"PaWCMB7L2FuQV1L2neyb9ZI+7SmSlccBHVEhc+U1Wf0=":{"valueMac":{"type":"Buffer","data":"u2ch3SD2GmaoB1pk2dx62MIzAd+Neb9NQmhlfz5e2jM="}},"1r4vdVwr0LRtgLAvhfoOjSN/lqqZhjqthl2uiUa7Zrk=":{"valueMac":{"type":"Buffer","data":"aUf9Eqhlo7/ur3vaET73QmSx28JCVJGKEgZ0Zpw8LZs="}},"H2dovl6O7zKipe/4+sK2X+k1DQdAycilrmL2LD0vJvY=":{"valueMac":{"type":"Buffer","data":"Uyj0P7lEJBFGwKK/BRpusES8uydEWVFpVC4eDi+or0s="}},"IoGe2xdFzFQZkEpnTr0uo5q6NinBmt0KGHaFsfqOwZU=":{"valueMac":{"type":"Buffer","data":"xTHp1yeqwS90bIjZ2JxozC3PAFQimyB6/YcDUJtfYno="}},"MnAP+mTTQC18SWkok43GoWwzX77pXvk/rSdklcuSpqQ=":{"valueMac":{"type":"Buffer","data":"eAm9auNfwKiHNRvhBKGzCnL7rG6b1vzpGcdclUspTPE="}},"ewd5gMSUhmHY2tAWidupYZVAEHtrNghYUMJdJIXzdhI=":{"valueMac":{"type":"Buffer","data":"dULZ0c0eJ6YsLqsun2lnwp0KnHS0veczKPZNeb3/p4g="}},"mknL9AcNwTKo47q703/OK9O6Jrt+hmgj8Cg9cxQgPgE=":{"valueMac":{"type":"Buffer","data":"evyIgFQMQYDQ+jSbTPgpyo4ipZPpZQuTOv3NVjBrBNk="}},"o/dXrxWX+hpBEF9CE3Qd1sdIYUOBWuC8DZstjXj2ok0=":{"valueMac":{"type":"Buffer","data":"3F354EI9sHAwfvor2ZH6mAEu8M8/1/+HUKeqgPbRo+Q="}},"8k29Cpq6FsThsOBo1Cp5yhriitoPhbRTdqeK1kh8FE0=":{"valueMac":{"type":"Buffer","data":"s04J/ZrjXC3O73/cn7aZj6FuvlASwdTs1/ygWwa1LG4="}},"wai7kqYSxRNVYn4GLqDWmNmqiqv7UlvImBURw/0wP98=":{"valueMac":{"type":"Buffer","data":"z2C9bM3c6/vbKgBYHdJlT7sv3OX9hLSsqCXRJ/A+nio="}},"ZrMGMBRoTxB5cO1Eq4V1fjeOWti0QDPHbViM3vsrQE0=":{"valueMac":{"type":"Buffer","data":"GbeKXH0GVMVxek+czw0dkLIqrgOJduAQgii3Cfixh6s="}},"NPKxVjqpOokUB9s2cHY+nkEkk4aGEN0UYxztYLxwfEo=":{"valueMac":{"type":"Buffer","data":"LyNptjot3EIW36j0vP74AAITQyzDyUtxYUkllrG8lQU="}},"9+1017qrOLjWbZyaiO4XBccgk2Ji4Q4HUY4z3UpCOg8=":{"valueMac":{"type":"Buffer","data":"mNJUukmk0ruevr1RF1GNYyHz2e+qmNisoWPzVO+4y6g="}},"O2SFlFb5YnjByrZ3VatcRf/3OUgsQIUDf2JjCSRjMGw=":{"valueMac":{"type":"Buffer","data":"FkEJMnafBuPynguGxDWNXa1GZGTKQKUZPPuZlthkV0Q="}},"TEwXV6yehXIYHWmbGGQ1aV4EHIMVHwOy8TJsfNo4kJM=":{"valueMac":{"type":"Buffer","data":"QkvyNDwrkPezOqmmKX1z7B/KJ/kXPdd+YuGKpWVD1dk="}},"DBrLdwtjz+CRhk0wbrsuVv+yc2d+dandCOFtIIIUASY=":{"valueMac":{"type":"Buffer","data":"+FvHxst/hXiDBs/ClHaCjUcIUlvAuv0DH3zWZ6KXPEk="}},"ThRb3NC6rMmmJcg00fiJXfO8HgvejN6SMOkYGmr1puQ=":{"valueMac":{"type":"Buffer","data":"fXhnF/QeArjbPafG3Q4iG+A7FOayEwYRKDNFnTmRK3E="}},"9WpTxtLG05WG9Xc9CGKO66HUOqd5Ts7R/tv5wGEQZXQ=":{"valueMac":{"type":"Buffer","data":"i7lNK7aJwhWw2NeTJdR48WqTU8S3LX9g6M2ZzciWu3c="}},"qJewsOrBA6D1dFbwrmNkjagbvwP/Osyr/ZMRSJBRoq8=":{"valueMac":{"type":"Buffer","data":"nejOsZPlK9jgGVa5I8GTUM7VqOSY7hY8x/rZ9ojeNA8="}},"RkY0ZQROGRtxhCvZlFPMr210zQhuzHU5d7s57psFz6k=":{"valueMac":{"type":"Buffer","data":"qcUvcg1pfGQrvg46urKDWJWdB6v7xbqKb861R0MngIw="}},"VG93L0WHEQPtebCyNxWXD5fi9IVvJl29Vn81y18A0qs=":{"valueMac":{"type":"Buffer","data":"xXQz2VLP2MhZEh3u20O9UclHsTCavKFUQ0hsc+fJ9Rw="}},"DS6r8YjvqPPLEEJOpgxlzifG7STtPlvCE0yakO+YyyY=":{"valueMac":{"type":"Buffer","data":"7jD8r0o9pw64c/Q8sx6NSkuo5jg1IHwOcf7a2rehc8Y="}},"SxxsHu57d8XexpVV14Le7vB/T4UU+SSlyqUmZKxs3Wo=":{"valueMac":{"type":"Buffer","data":"r/N5gCx1R0Fp330OVo5L/DsGM5OMGhYmDkA9AcwgxCY="}},"qa8B+teUlxzM+I95N+BIc6z9mgnmf6MfPMmXoG8uiqw=":{"valueMac":{"type":"Buffer","data":"Ym5zopiEEScADRHXOi4eU/vG/6kYAd3bXGDJhwoV8kg="}},"Fm9kCuEnRvC6GxBjxw2qeuoQwC+SgvFXjKMI0AYdpeY=":{"valueMac":{"type":"Buffer","data":"sake/X0/tEqGGbm1iYhCq3ynr8pvCZ6UNEsDKp5CXUQ="}},"dqAOfObwjjLtk9yx68Pe0jxwKo4CEWijkBS18ycoycQ=":{"valueMac":{"type":"Buffer","data":"ZeChlzjEjFlFcIzDbnk6gkSHYNbZGqivzKW7ruibh88="}},"78Y2aHm2hklV36wfnwsid/WU8GiPnAjtIq/0XI1HWnE=":{"valueMac":{"type":"Buffer","data":"JqNpleTXWa+/OWJCppwZfgF57vvkKxsDbME/dvJ9SQc="}},"1ut0drFxgkB2c13FqIYRVltkGMki8TAyxFpcN39nSWw=":{"valueMac":{"type":"Buffer","data":"zsUXNu2t3dybTSrpWuI2QnECqbyx0JWojy16hHXK73E="}},"vaNel0WAwBLSr5fQyKZGmsShkCDLAaIQ+Xk0xDxSW1E=":{"valueMac":{"type":"Buffer","data":"s4h2A/ZrXNHjiQ1Cen4dhTLD07ck2TuvsXkQjbFOP4E="}},"OwRjD02athILPH10dI4h9MfKPzb9XrJc+hT5K810pzc=":{"valueMac":{"type":"Buffer","data":"7qaqtvqp4UGhe90g5KK9ieF+i3oti3nGZn+OQrDvtHU="}},"oHSE54SzpdQS8kmmsaR/VXQqXOqklufG3iSKwHyh8U8=":{"valueMac":{"type":"Buffer","data":"tEnTNV7QV52IglxD8cJkUeqpddfuk27kXFOzUZ1lGYE="}},"61KJNzQJQzSg54JurVHtExj2JT85hM62jqh5Pxet7NI=":{"valueMac":{"type":"Buffer","data":"IiFw8xRXIwgofSVYh73c10N5tmuLZdKOy6PQgrVQinM="}},"HkAzzwJeDm0ow7ie6tWn5wKYFCsE9B9y+GBXBsyKW4Y=":{"valueMac":{"type":"Buffer","data":"1gyLUW4S+iRhijJ+Q/bCTmM7iEcXJBnELDyqGYYEVj0="}},"QJ0Q2JulvlTzq06oKl9twfJ9B/px/e0B6ZsMWFFfn9I=":{"valueMac":{"type":"Buffer","data":"sLIq8L6TMH3/aIiYLMrfNnMPIH/XEU9QhUZYC3/hoGo="}},"mMvwxJvG0IRQEFxixNVRBNAizXfJWEo6XzyEjpsqreg=":{"valueMac":{"type":"Buffer","data":"hxQrgSdJaOHXISUpYdD8jUa9/rZT1xAcQOSA49Oi9cE="}},"UOH3s9oJAm5aB7iP/TR6Bk4JawbGUn+VqRJgF+z0+EA=":{"valueMac":{"type":"Buffer","data":"NnCZclmnUMStPmEfdoyaxUoKtzKLS5FOBi02q2SCgpc="}},"N8ItBca1NrV/ZNj34ume+oeSa+ymMFeutYZwfIT2PBo=":{"valueMac":{"type":"Buffer","data":"RSXx7VcnCeKaT8XU+AmF/FxnVWBDa99XgyvPBM9DPAM="}},"moufG5rmwIyyeghIUjlEiXNSzgDNkHAXDWgj3YbNb/Q=":{"valueMac":{"type":"Buffer","data":"ZcMx46EbOG8s5ckpT9H+P4MG698mZ3GjvAG2vlOyvuQ="}},"9XlK8QYqC+bSxJ/S0V3AhRXrwqz9Hal11Jw293Elpnk=":{"valueMac":{"type":"Buffer","data":"atjQ/L4WVoCQlXaSLE10guqIcW/2g1HlEMjF1R6M8oU="}},"zoaUtRlyLRewNBhtoYDYLSMvVDrm2yo103bmeVl9Wng=":{"valueMac":{"type":"Buffer","data":"G166GpsRyNWgzCzu7jKbKRdRcpMyh+/tggiPJ2xVxK0="}},"cdBS4k4/lSbwqj+y0NLGDVUCivKXgnLRERG4ZDU8DXo=":{"valueMac":{"type":"Buffer","data":"jxmQdijL3keitKK3SlXCDjxSsTgdV4Uft/3tHXpGjrM="}},"mE/fUH+eemWtAuddCGtUFkl8WuQ9DI5ZNjdwlyDHT1Q=":{"valueMac":{"type":"Buffer","data":"2QVOXO2MVkuuLZi3ryqRnvclWPPwdYkAq2PXE2RlDmc="}},"70+JxeI2NTyZq/YT3NcveQ6Bz3AcvGKL1pphnL1ckY4=":{"valueMac":{"type":"Buffer","data":"GJT3F2J21j8kozUfpQjXeRNl7YUl6T2saqGQbNART+k="}},"uH0PIGGZRvPOA0ryM72PwYQM23L8LNmN/fduEeQCvj4=":{"valueMac":{"type":"Buffer","data":"TeKFb+7erYLE8MaR7w0frT+wdAoHXfVidy3Nkc3YLts="}},"hfKnthYwf34U21vlmJ69RVqnoSGLBrfvXyuKfVxYGe0=":{"valueMac":{"type":"Buffer","data":"KwFT93Hed7VtqLRnAPEAMVMeEm7wPUUTRnVd8LWS3h0="}},"9dIXgp50BTsS80bKJAHxMzu5urVuYdkRevci+et3eog=":{"valueMac":{"type":"Buffer","data":"1Hc0tfI+ZgI/oC4cFcFNeGDPHkETErxtX7c0SVGZANE="}},"uTJWyuS3S18XfEAs8nuDW3DSH94AV4m1HVZKSlKNXL0=":{"valueMac":{"type":"Buffer","data":"MdB49+u/1Urs58LSJ4Kta9yH68UTL98DnMxkAlDeYnQ="}},"12VTbIOivtKGck5qNFECR/l+zyreOxDlx7OY0sHP1Zc=":{"valueMac":{"type":"Buffer","data":"Jkueh79OCjUOGqq6S1k4ASdMBXDvn36Ft4f13IeoXyI="}},"o4zxNfmo+iESeFHcw5GF1R/mI/qUvzuiONjh9yx7FJw=":{"valueMac":{"type":"Buffer","data":"kbWLGgXUWslV+hJ9MeKcRAeLkquwhLwzfAyv8WWod70="}},"4beGGEXRR6it4XihSekHOjr7wEHGWXSXbc/K19ZwGqg=":{"valueMac":{"type":"Buffer","data":"fNKuObgvDwbV6uAqFYAPNNGfKbH1aZmcH1ky+jSPabI="}},"duRtdX+zSxs1PJYIKQVm2D9akF0zi0+H17UIB2+jlrk=":{"valueMac":{"type":"Buffer","data":"Qu+06gwUHBcSQTx5C4ExCGARbByJvV+puB8cC7vO3Jo="}},"1lCuegqkWwyhrhcDqaZzmZ2CbKq18nwnmIahdsbea7Q=":{"valueMac":{"type":"Buffer","data":"eY7I87IjyZS6Mvsz3Ro10swN6vMqmh1RQ0A6J+ewkbY="}},"qf1BAAxSKIirpixJnzXs1A3GKXxw6SG2egg2LSfaYbs=":{"valueMac":{"type":"Buffer","data":"pxCSztZ3YExOXzFlCakwUpc9my9acqxt2+fXZ5yNbFY="}},"K4ivOIVGbOoPMjIYA22Ex9ktv6ujCg5J2RA45RMKRcA=":{"valueMac":{"type":"Buffer","data":"5UUXKhcZeAx5ULD3HRJz+Y7NzsmgiV7fJpmbe4zHydQ="}},"2nCDAsRzhhBCPE0UQig6DyHLv3R75AJSMTnIRJoLLBw=":{"valueMac":{"type":"Buffer","data":"TdVV2gsdsBNmKabctskSo6cyldOA2aodJUHuDgfQIDc="}},"EI971WouLuSvNdIECo8PLvwY9znicSYR2XnHdr/lKWU=":{"valueMac":{"type":"Buffer","data":"CyfHXVW9dpmwW1jRPM89m1JGKbJG/qOCoMtUHSsFu/M="}},"WIYibSh3vOQ4svg4a4Gf35beDv6yYfkUxDk3PkkuHBM=":{"valueMac":{"type":"Buffer","data":"SkZAYgTE9TCoS3qQydb3ioFIJ/0T0cXtZNEsJcbdRXw="}},"oT9QtfSfJ6NTLBjDqGxnx/0cnRAhPbc5zpSEqZlJABw=":{"valueMac":{"type":"Buffer","data":"wIFV1zcZ4UAenNzcPGfopL+oIcQFnC8y45sy7Ac0Osc="}},"tWzCDc3FMIbqSpDAcSuIO8WG0ss5GyfY9b9yOPGRXSQ=":{"valueMac":{"type":"Buffer","data":"T3YP+YeQNXIeH6VsCeFJ8reV0Ki7+d7iP5Dljml95tg="}},"ZTscJUGQ4oqUFkQ2iv5Kgkddys6iimsU5IpbFdYSOZc=":{"valueMac":{"type":"Buffer","data":"Ip0W8BMCT/jUegPSq71QrhDPratS72mVoGcHvpzirHM="}},"l/17HyATJwXQl+m+N7iS09fAn/7ISOmzQ6o2HWYZqJ4=":{"valueMac":{"type":"Buffer","data":"fJEcsqysVOgqgUT731lMbrW8mEwrPzJ1vM+73vkL4Dw="}},"CTOFdzfvDMJd9j+KOt3GqedEV/j76vCzYTz8i2hiJHs=":{"valueMac":{"type":"Buffer","data":"QPsGi20DEELAQuWUWGT+slgu6HauWTHTegPpcuXvYUM="}},"7cPoYjprSOw3KyO4gZGtnWQtreLc12sJFsPmp1M7RwI=":{"valueMac":{"type":"Buffer","data":"RzTO1GEiK3RnymrxyzfvAvEmy6KMLcVNoN7K1fEV4wE="}},"SDE60w9NOsQgA0aEXnklOeHtSiUayODcHWY7OqfmNTM=":{"valueMac":{"type":"Buffer","data":"Ed1TDRgpN3fmL7ukhWunrRoLZVFR+KWwr15IJp5BmkY="}},"/oUHwGJqxe8c2c76fNzBMgi7bgE95RdXmk38G6AjJts=":{"valueMac":{"type":"Buffer","data":"vwxdKzmQAF/OKh2qUIorJvrWlA4nLtk+OquqJTKCfEA="}},"qVv7/TSfCZ/rgQD/KAKZn+21CXjsjQLtap0a7/EyEWw=":{"valueMac":{"type":"Buffer","data":"NxGXJhKAxb0vXBdjnhKQ6KC9yz1OTf9NpqDOD+kDRI8="}},"WyCKupds9ibWbd2x7XzBwXEEirEbs3xbrwABWYP0uHQ=":{"valueMac":{"type":"Buffer","data":"RvjaQ8v+oeLdbRViUVMaED2z2dKo3RssURXyOxFex6k="}},"QXIGmzzA/4SkqJ25oaHXE2tl/jkKG/yp7NmTehrPt50=":{"valueMac":{"type":"Buffer","data":"HmXLsV0xgxr5F/qOTZiWgq3n2+IVsK6eMxCDFhYG9Ko="}},"/+3PnLkysvvngx3jSS8CoQJIQJGFw1GFWpFZAjSBt1I=":{"valueMac":{"type":"Buffer","data":"+ZiXrP6Uak6Ve3bSAAVo1Po0FLGBAfU2+zqTr3pD+S8="}},"QybwVst2uvWBUT91reT1SEFV1ImaAzWmtdav3Z+y7o4=":{"valueMac":{"type":"Buffer","data":"yxxq2oNaIsYZJt48FGbLdkmeXY1QzPNXwfLRBo7saC8="}},"4S5cpVWrUslFP7LyRrVz0HwMmiTuTp1UxLl/gMRDFUA=":{"valueMac":{"type":"Buffer","data":"Mx88ORAzpAJGoafJWp+x/WgOUKPIPQ09r3nkCOnH6oY="}},"n/+KzRnqkWtd+KIzc9yyiNDKseNt3qlWKs7YIErLnoE=":{"valueMac":{"type":"Buffer","data":"x6Qwyju9j/gSlvrw2PORCkGy5rdkAM8svFGs7+x/4KY="}},"fPxSxwM5nzSsWh+w32TjO4Jg2sSB27eMZ6xtla8AYJQ=":{"valueMac":{"type":"Buffer","data":"NXyyWjOKMi6xTADEEtt8jXtNAmIqb9oQXW4orVHXNDA="}},"CIZxkC6wqwpcuWuUf8RDl/jiuIgR0tyfFqjvRbayW7Y=":{"valueMac":{"type":"Buffer","data":"P43S2si9+uXdDxRauGhrir5+9zqYYBcMHvg4Ruchs78="}},"W9PbBBB3PhgKkXRzNp5kIbd8uLdqQm8971ploD2UPnQ=":{"valueMac":{"type":"Buffer","data":"c+YbF7LT5NBB7M5nPlB8/aQd95caBc/plBrpXOBd51o="}},"SwOUAHLiKUe+RDG180bgtn7mnMf4n0+GWz+9LerKxBk=":{"valueMac":{"type":"Buffer","data":"Js6S/qfAP0nL3ajcfhDEQUIZXKOuklFiSABsZkvFzws="}},"69NQzdWynkmQjvpEUSdhYL1K+Bm4B54fnimCppxlYow=":{"valueMac":{"type":"Buffer","data":"JWZPrBKPhAET8KZNDZY9Bi2OteT7IA4bjw8OXENToUo="}},"bVsn+7EM6gix9CjVQNxIpbhTjB4BAw9hyEvEms52/TM=":{"valueMac":{"type":"Buffer","data":"SqFlJBMYsubNO23dA2y6GQCVvHs9I9SWCvK4tj17tx0="}},"+ihRz4UuB5DAli9PAzg/6VcbibNS8LM2uQ97QGgmTKk=":{"valueMac":{"type":"Buffer","data":"99TJXJgUeEQoe+f0zVVWmun81OpGLVm1VINQsOh+vuQ="}},"RFQjYl+5yWYFc2GcujrOHSauohy64zGaJC2VmFPRyKc=":{"valueMac":{"type":"Buffer","data":"honCi6uic89FIWLZDpy1Jpzwl44kYTGWiBmCMJbZ15w="}},"1C8OmAIyOgVurzwxQQ+PyECU/MLVf8Opk21QUND4exo=":{"valueMac":{"type":"Buffer","data":"1J7ICtdJvvHDGPWenOxQ0tlpQjk2k1zA4AnzePs5uaY="}},"uQGevemwjk2j1RTNQDNHBTbuKsVS9+Nrx45cFnUdiys=":{"valueMac":{"type":"Buffer","data":"0eRC7yhwv+fYeryC7FIbKibCq0dh6Gwo6a8ZoQMnr6Q="}},"LMaG2b4EshSRfoZQCoNuh/1uwJmnhRJiVCHqZiEdQcM=":{"valueMac":{"type":"Buffer","data":"/IVQwtmOnemvddGFLb4jfJ0IwI+7/ubHf6Avtxl3nPs="}},"drjoOdSBwB3uXSPsL0/qT9hq1vbyCBpVsJmTdpoI/Lk=":{"valueMac":{"type":"Buffer","data":"OPhXa+1lIMpH4VGOynO4viZvwXuMSetIjOt6sqUuvQ4="}},"aOJ+56XnVRccGu+u26lRzdBxHm1jVLTLKSzGS3wrviY=":{"valueMac":{"type":"Buffer","data":"34iSL9wS/j65wMrNQJIYQUsnKplHnksl+QwAo81HocA="}},"piWYtBrjVFfYlaxAEpyD2LvccRANITnVPl3ihC3Ri0w=":{"valueMac":{"type":"Buffer","data":"iR7DoRt4av4tr5kRqJwLdtG2Cgn8DBS5iaPCopgclBU="}},"xQ2/iIqqDYedbrUensqnmbRBZ1CUf/KZQwp69lNwV0Q=":{"valueMac":{"type":"Buffer","data":"xS6zEeRNsdqRNOkynd6QXTAQzcfWi7BCofSEs5bCO/o="}},"j+7ZWjif1prqPUSjiBEwWKgHbNMcQsBNjBYJZIR5w0Y=":{"valueMac":{"type":"Buffer","data":"SFGiF05tSSEWsT8yWl4I//zcBpb56NKaI2fzWjTud5s="}},"9PxdLp/V0CF/YPkmWa1JAJ8RZa6m9A9drBgb0i0NdMk=":{"valueMac":{"type":"Buffer","data":"8vuwXLZoOzHq4xwp0oqPOK49/zlVY/daEtHd+YStBmA="}},"eTXDKTn4j4HOySI6iRKPgRATqZFMw/V/q+L73CB/vNI=":{"valueMac":{"type":"Buffer","data":"aCMwA3x5zqU1kQHjUbQ1ltfnomFDAXI40u2aAm0xyfE="}},"8QELFEJM16d/bXrpKtLyuCrIfp0TAtP+pTaJQRcR/zA=":{"valueMac":{"type":"Buffer","data":"QMfRuaQOQ2U2RiEMbNeSAIr8MR/3brflIdBg086c7bg="}},"wf6wZeTZ69yt9k4q6CS5nUdhj/edu99r/vnEt5jxjGc=":{"valueMac":{"type":"Buffer","data":"7UjuFJRp6ekmp+hXXEtT3H9RjRsCCJX6jNNkPyoVuHQ="}},"3Yn366SeBxGVkWOX8IB9eueUSLc2ZjfXYo3KvxS6G60=":{"valueMac":{"type":"Buffer","data":"0fKgok3RZ9P1MpFqoJuHfLHmDMWCyIhBm6UblPsrnpQ="}},"qq1PyR09h2ie6x71g55NWXD/tNEMRrgHBucSj9froN0=":{"valueMac":{"type":"Buffer","data":"dvuEREvRmP9UIFj/PuDlfDlNTFEAfK4y7dvcqolqjUg="}},"f+jHYXKeQAkJ5WmtKQAZW8KuVHwLamU51n02DnHuTpU=":{"valueMac":{"type":"Buffer","data":"szY2CLHA8mUcQOQ6cWCvoo6IgvQ5o094WPXBlvLNffA="}},"KYMJn6fV8sw80MHgWVlzz66q5m5HlpDR5UH51uko9RQ=":{"valueMac":{"type":"Buffer","data":"8Djl9gFKeEcotvpbrlVNEbReTA0CtTBmbaVAEJaaiQY="}},"p+bjAaYUPj1VKZ4CNcedHqX7SmK3dn4Tkj+M3tKARgA=":{"valueMac":{"type":"Buffer","data":"YK/8oxWsQ2AVqucRx0np1QvtVwEcBdHjRqSuLFrN6qo="}},"uiqIUffd/1ptq3H2p0rFEf7LqsW9WfAdUiJggZAP53Q=":{"valueMac":{"type":"Buffer","data":"KSij96Ad0HAgtY5QrUppQ4q6xxbgybhZHTVhElBpWqs="}},"aNl5LldwAaFGqe4Sm/t9WBEiM3iIg/nNZcuLKJ8JMAw=":{"valueMac":{"type":"Buffer","data":"G0N+Z3FiTXTAdZ/aliQHEUrGsc3icIa6EeCDf189ACU="}},"GRJHXfdoSIqmG1I1XNzYC5Q9WGlwdaJf00mQ3LFDOjU=":{"valueMac":{"type":"Buffer","data":"DzCTi+mOMzCKzf3Uhq/gwVzrz9JRsEyf3Re9zeX4oWw="}},"79+vz1mUyWxhNKtVWiCvVD8UKAjhSZtihtXceN8zrUA=":{"valueMac":{"type":"Buffer","data":"G4FmYL7No7vhWRRql4/upMrnnE4H8IcvmK/zIDZDuY8="}},"jBtJAS9800hmvzUNN9gTJJ6Id3oPxARmE7WYjYvkPZ8=":{"valueMac":{"type":"Buffer","data":"kN5LMpCZZiEDMldHkbTv6Ka3Y3prKss+u6wnJXnOFR8="}},"xnyQCL9fL8rfwSE8fzHCXleqxNoX6HDStkwh6zOX/uM=":{"valueMac":{"type":"Buffer","data":"GIXCUjjcEa0SQ1m4I7QfHt1zBiJMP+fAidyVSS/KigU="}},"KZ+cQAO8CgrbJ+oMp8gyKOx5j7VuoSbRutoagm1g3NU=":{"valueMac":{"type":"Buffer","data":"vt6s7AE5qqMN8E0mv+p1cinNlQifyVAS+QXQs/0edfM="}},"pgWoBzoj+XJEUL1fM0PtGq88ikoAgg49BNJtDHF83mU=":{"valueMac":{"type":"Buffer","data":"bOrOSYxF3wgo3Kyg+Dem1t4Ifytn6z3FOkvUJ3lVKKw="}},"hE8QT+ERZ8LS43nBJ1YHaWLwyI6kSk7w6Hs+J38EnSs=":{"valueMac":{"type":"Buffer","data":"+Bg4Mpvhlal2jD5Mj+H4i/O0O+QZIBy0GZorzeirUUA="}},"05GGU98fQhKyHU2pEXCGyleKZ2O2BugUm2xIg3nRDRk=":{"valueMac":{"type":"Buffer","data":"j3F4hm//5yOSMYL/J/Oz+uNW7UKV96Y3smTaCkY8ZeM="}},"Yx8kRT1jCQTzadMJegA0ea9uOZNAdNP0l71107LnZKg=":{"valueMac":{"type":"Buffer","data":"LXOzDpRVQJQ4+NiYyw+ongcxYwUd4bPQdwPla25/nvk="}},"z8lNDBuRQZ1PDqIbd6q2lsKJqwegjazW/i+G9tXxGSM=":{"valueMac":{"type":"Buffer","data":"50sYP6o/8q02DrSn2rKsZ31VNBATYxlTSK2RKNL/WnY="}},"ST5+dKc23hgSJuS90miMp68BfAy3NP8+D68Owo+rpWc=":{"valueMac":{"type":"Buffer","data":"uQJ8f+/7BQtLLqJkDPM6TLErCo+XM5ac3yyOCyDYYyc="}},"oqcC1KAJTLMYQqzhvFIe6g2d8hOND+7F3nvgQc5ncOM=":{"valueMac":{"type":"Buffer","data":"+d+ydSQxl9luvA4D6TpP7eC2LhvCHaaBEjZCHZF7O/M="}},"Q4lGFjeIxQ7cRC0ZR/cJhQZQLKCLcNoNZM4mQacF9E8=":{"valueMac":{"type":"Buffer","data":"N4K+ldf1PKzblcvKcXvLAn/M4ZMHpD+sEJBKvHGMCV0="}},"L1UpKQVn/xPs6l+FpKwJ0Qk+vhRJONsHPv8pCSCfGQU=":{"valueMac":{"type":"Buffer","data":"kp2OwM3kAxCZvSnDDp3aI26gqhYkJsZFXFsCEn480U4="}},"RlXz0E0u5qVstOnrtctpnDhkEq9h1B1a4qs1sIFVc50=":{"valueMac":{"type":"Buffer","data":"yCPBB9/d6lWckwrRs7+8b8CswKp4SfybTXuWiq+6URg="}},"py2kmQN8jSAvVBS4VlbXuOLKHajSTigY6PZEuANkh8M=":{"valueMac":{"type":"Buffer","data":"WQ3ElZqIGache55/obGpz0WaGlZ6psX86NpHmhJ9Cio="}},"4DiNycRmKI6uXhJBiHBOT40RNCoPVJKHaTPt7J43oBM=":{"valueMac":{"type":"Buffer","data":"0ks0JCB5xCWX/llIQ7Z92xj8M5mWKwXU0dYnCweC8SQ="}},"ro+lNA440wROfBkjQRvkLCigxfToD/TiauJkhSXiPvE=":{"valueMac":{"type":"Buffer","data":"5pNaR9I+Uk1+XLN8mXSGNIaFvDCEifE7ziWQ20pihHw="}},"K0Q/XmozMARePIDrSff/hg3n5CBs9iebc+d12klXgNo=":{"valueMac":{"type":"Buffer","data":"PDsvsSSkDVNgbuPTeze0WLDEDqe70eTaSeBXcozna3k="}},"I+VQNtHzEqkDPnd8OW7VFzE8oNHvbcbZ91cYiIhG9M0=":{"valueMac":{"type":"Buffer","data":"Ce/biKhMeGSSECuLDJVH4uye/8D6YsJpAUV7YuiavDo="}},"/RMUkpqjis1LEN7GU7L/GkOOSEGU0fi5PBDsKqwsTTE=":{"valueMac":{"type":"Buffer","data":"UI97wyQtbqxJZen3EjdPosdiXAbyPu+MZk3PWZzagj0="}},"RkJuhd1h99Iqgmk5YR5fro3/dZwNGrh4MiidEVlYxhQ=":{"valueMac":{"type":"Buffer","data":"G+JWrxfdtVlmYAttOFGCIuM/3URZST85OnE9UBzM8n0="}},"lOguV9tMVCI8pOUbpe1zOQZ7sYt+gwCnpT312osv0Ug=":{"valueMac":{"type":"Buffer","data":"zg4+Qe+2qxyOGnhQl6NSmeINy37F7oNR+Tn/536jieA="}},"IRCOb0j0wlrLbKRSWR3daLQGStmvOCC+8ET2LjdYwNU=":{"valueMac":{"type":"Buffer","data":"aCQMbcSJHm+NEnKHyqWi7ULkpReOpgrNkNECHYp6xWM="}},"Xi3tgJ45KGSJSGWhmq9IDS5sdf8uw0HlFbWk0M/rQvI=":{"valueMac":{"type":"Buffer","data":"aryTaITovUGTuZlWilTwQT5GUZ0BNhR9Z27XqlyD/Co="}},"PMK8qfDicbojGpRaLuvTXsBSRKwHymRdyB+DlvR2Rd8=":{"valueMac":{"type":"Buffer","data":"/ws6nxdK5r+miD6HPH0ASM/JY38Yvm8r+Vf9e4tXPac="}}}}