{"version":2,"hash":{"type":"Buffer","data":"kFFFl35YLbEhmC8WLkXT+EccEXCuCfZFDYiUX3OeGQwCdMlCc88sNtpncAqFMlrl/pyJBWpOT8mLvPAD3d0zBZnHARSFCPaP5Hp0Qai99mJ+YnuuCIklz75IDyh5VFQHoCJbqXzpF/W9dmKApSAK1+jXt3JvQ4bxEM75MScKIoM="},"indexValueMap":{"jYkICKdz45rD+g0rJhuidbwmleDkuibHyoA8tjc0jEE=":{"valueMac":{"type":"Buffer","data":"A6Mn9g9pbo9zuTwYS767J6jHotWPjKR30Cze81VNPqE="}},"DGk43bYwA18FMGjrTTKD92pT/4aUbuqskOrvzeKNo+0=":{"valueMac":{"type":"Buffer","data":"/iZT9Zepf0KR+i3WgBwZuyhYCqb9ZxLUgKHUXoHAYlM="}},"clfl/6ES12J14quA+8n0QniCqSJ9iJ/2U1WYSl9xYPo=":{"valueMac":{"type":"Buffer","data":"MmPsuhYjSCHZ5mnoVWIBqucHt5uIs0yBfvKlMAsXC90="}},"m84I8E+i871ggWOwyYd0qQ9KA/Lo88bl3Wv05pvraSo=":{"valueMac":{"type":"Buffer","data":"h8TtIvBm9cNGsV3FNvRqeOZFPHIGyZKQbe+2Ng1mYhw="}},"y4jSXIc1S0UULb7AgSFdMr7i8jYpBsWyxZZutyV6/KY=":{"valueMac":{"type":"Buffer","data":"YRg9mqPUvdjYLUikS+2XsrX3q7MzzkE8DF8Q0j2pzaM="}},"SIWhI1Ma99+cjG3i27TN3vLwEK+y7JsMuvnsZqqN1D4=":{"valueMac":{"type":"Buffer","data":"2/huFn/5JDeLfo24Xo3fMitYjwON1ILRqjT/6P1vD88="}},"Bjul2Q31SBFNvKOdWHlY84G8cvzQfffi4O0giLZGnHQ=":{"valueMac":{"type":"Buffer","data":"Rfe5cSb6cQedwGlxNUK6+ceszxw4683MYYOzNUPLJsU="}},"DIcVFCrWObqFEPLk0tjV/lqxCbuSHPGAgVwJuYsyeew=":{"valueMac":{"type":"Buffer","data":"hTB3+2buHFbNApgOV6rzebZDAqY8gTlVt5eEMNRzxe4="}},"wi+/mqKoH/hp4ZPowMw3KKW1U9Un3xIgW0NKs3DMz1U=":{"valueMac":{"type":"Buffer","data":"m9UAQEKNfScqE7fm5oumb1YTm52dXd5RqKewbaclj+A="}},"mW9Vufmuo9Ku9AR8OJA3e94j6c9SLulvMfRFQDRS2tY=":{"valueMac":{"type":"Buffer","data":"Ok9vfKJE+Sv1w6ko0yaLFEd6ZmvBt/bT0ifMX4OrSoQ="}},"kgUtqxWia6OvN58t8BGVGIw0CncEq5T8gXXZwAQ6Bs4=":{"valueMac":{"type":"Buffer","data":"xOSbEIeasFNe2ooQZipib/hvc/sb/2bV2S0jXSIdnQo="}},"kA59LlFXAIXgUtGuaQM3rfxaL1zOxCtCoxgvGUH/84w=":{"valueMac":{"type":"Buffer","data":"8IqeUjQpqh49xU7bFNRGLDI5L4s4sD7XDaJTrzSBeHw="}},"GMR1aO5o9bF04Kc+8aSljRwGzot2VAwxtMZlA80FZNU=":{"valueMac":{"type":"Buffer","data":"En+SVLJgHydpWo+4Fr0fxnyDcz4wonDScpRbaDCn1Uo="}},"ve6TBMmb5AfVkkcVxlnefK96ELgAzfUkaa52G/wrvI0=":{"valueMac":{"type":"Buffer","data":"aPM0yfZH3U7UZJ8dTBWortItHm6IcTgaotGIrEusuDs="}},"t0G5HFmfjn/cwFg6oxQdNllvtiIwS3FGIcGntVPYszw=":{"valueMac":{"type":"Buffer","data":"08cLiO51TiKYUSStQTf7fUGu0uHqBfyv8ifWXxU2v8Q="}},"9dzBoRMvkRXfwbvNlSZQdavblvZ/1edCuHOZ6VaTMrk=":{"valueMac":{"type":"Buffer","data":"8+skyZxkCmg1fzB1CZxscM/OlHdISR770Sn2ijnopWg="}},"AnhHFtlB0y8df9+83b0O+SLRi3QyKVQ2cyZwrdkngdQ=":{"valueMac":{"type":"Buffer","data":"1h+soPM1sOXqQeHUWUWHVTKzh8Dr/AzJu7ZTkDR0F7E="}},"8cOQxToQtJ1DyjGJcbpGsd5xD7KBot3UgJf9OJt2Ky8=":{"valueMac":{"type":"Buffer","data":"vyHH1aBIKaiX+uDOw4WxbgJXtaqmZ2Z/b4J/hDYRcnY="}},"X9Dm2+/Kc5pKfVNNC9287miarFlMUBJn6t0ZanNnPy4=":{"valueMac":{"type":"Buffer","data":"X/ftYYmkPNshXSr7gKLo1Silpd5c6WfkxP256mQOdTo="}}}}