{"version":12,"hash":{"type":"Buffer","data":"GnE5xGdklVT8qtk01lSGmm69v3VSiJ4tZ7oEh/PCp+3eKsCCFt3nka9dz8XziHDck0tcaDOUsKGcGvyEbaSaeE555RReO/A7HD+mVzsi/tTolkA+72aZjPLEdO5cJo96whLXEvanYkaepfNxEKOjXSVR1Ki1jQCIfggEYwQNI84="},"indexValueMap":{"DpHrLlYbVXfDds072gCWwbArfB3ay5GXKxkfOuxuDMw=":{"valueMac":{"type":"Buffer","data":"x7WqPwG3gz5b4AdT+tBlBqz0/vVmPdW4G8BggvDu700="}},"+JY5sKQy4IfI+qIWzK2Tz5ds0zsX5ze0KCZTt3GX8Mg=":{"valueMac":{"type":"Buffer","data":"ju6Eu73pYL8C9U683/TvF2Js7P9p2GaNYJ81/POi2A0="}},"ebmYsFawd/PBhTsEg/64mE1iKBf8KlQmygvkDL0Afuc=":{"valueMac":{"type":"Buffer","data":"1o7hBP3i7r5hUxvf6H3u/Us0zK/vu23W6gLpXxhK324="}},"cBlBR6h9P7kk8TtDnnBtr3PIbX8h2pHr7izcDWxiyGo=":{"valueMac":{"type":"Buffer","data":"6e9ULGK15N6ijJE/biTX4UEecDHD9JXpbScXDuKvWYE="}},"0Zn0gd/tNEKOy2SPoQPIhz++v7OmeSNukgMPsECxNgY=":{"valueMac":{"type":"Buffer","data":"UxISoZ5S9TEfeJ7SQ1yhkM9etgH0NQaYCt2MopYmNXc="}},"e41mpP9uUPdMX+adACl/5p8jGx4OE9mMqVEggUBB19U=":{"valueMac":{"type":"Buffer","data":"pXgbZ/JXzxm3VB7/GnHgeaIr63Ybrekxma21Wgn3eD8="}},"NLtHn9zGZHPzZB8KNy42ryqTno8MoTH9QN4RT7gARmA=":{"valueMac":{"type":"Buffer","data":"+eP5AEUsaSA/vHuhn4H3IZYi+SAB+hYXILQxfMG0g00="}},"xXeCxJLqxR9cQk6wRPjD01dWnbHr73Hb8tfT/IohsL4=":{"valueMac":{"type":"Buffer","data":"pbG6rQuzeTi2s77zhCkJXlTeU5qzklfAkMDsoTPCSrM="}},"e9OdG+pf8MtdJtXPQxOqEPI62jOQ1Glz2cr3Uvc8ZPE=":{"valueMac":{"type":"Buffer","data":"6AnPTfmYhEiiWCi9AIRt8cYJYKKRhatSbm23MKnZ3Lk="}},"GRkiDTI3yonN+OW0fnBRp37ypUGaSmeVLqz4IvGL9w0=":{"valueMac":{"type":"Buffer","data":"T7aDJxBCuCOdIEz5GVY0sVuRJlQ8qPddb5aFvszz520="}},"ik1UObTpD+7qZLMlWL+Vl/0zgD7oOc18wFKT9Uthywo=":{"valueMac":{"type":"Buffer","data":"75Si2xPD/rjVnFN3L27wj7734ESmPDIraHb0UaX/FN4="}},"fc/IbOgjQVTx417BBu8QOMN2fRiI7g0n0DvdGRpAgsU=":{"valueMac":{"type":"Buffer","data":"K2Fd6tg87CnT25iFTo8ANnaBnP6FRLxJ+zV/LA4NpHI="}},"ihVpyK6uskfiLOkMLIFLWg8nTqfcSvSHYp1oE+5sx5g=":{"valueMac":{"type":"Buffer","data":"60SRpYG7UgPmftpbbBexlPO9uzpoj5eog5TwnKkR6NY="}},"xeON108GLNhZVXmAo2J1iNzNHPnKBTA3yymoTNRVO58=":{"valueMac":{"type":"Buffer","data":"6AYlNuoITiOjCY5W3qiMMOKWNC3wuuZuvPuLPYnumM0="}},"rKFJmVHxik3aWc/oPEHrN92sA1SC3ihrMhmvPaB1hSs=":{"valueMac":{"type":"Buffer","data":"Qe2g2pnYfJEOkWtSAR0/c/Z3a0jvuwjz0kL+1D1kLOA="}},"azPJpa9jyVjhJ6o2qEfLCcKdk62qnca9ZYCY5rh1HyY=":{"valueMac":{"type":"Buffer","data":"/pLVgTiXWuCObC7N1B1xkITIsXEThIwA00OvwNJrJPU="}},"8Jv8inwdqvrAkR67Zi6pk2z1RUHVeaO83SJCsNCxjEU=":{"valueMac":{"type":"Buffer","data":"AZeumgIqwWk1rYJoUlr93GBktxfhB0mkCqTS+zpN8Zc="}},"DTPEFfWvOx+cFeHGbak+4dzr9VWRc59YzQYiiPW/HZ0=":{"valueMac":{"type":"Buffer","data":"2loav7XG/HWtcVnWJKPNBcqBSAK9rylNihuVRlQxNNk="}},"K1pOoyS5j1EwWT7YsNzoB2c8uqQaO7l7fsaW5x/uT4w=":{"valueMac":{"type":"Buffer","data":"Gh/96TgL6DJ7muyrS5veCskdL6Vr3sv98gltY2HPBr8="}},"P7Q9N/BDaFe9MHujfVF2wNjDKKbry182bRsjcj4tsJY=":{"valueMac":{"type":"Buffer","data":"IXWwl5y4yasf6nyvbcV8CQmf+IQ1/aBALXq+2BOxSLc="}}}}