{"noiseKey":{"private":{"type":"Buffer","data":"SAGmUaGEOV4W61Mg1UcNOQ0HTyfNuubYL5LXGqY8JG0="},"public":{"type":"Buffer","data":"xjW5Z1SBo4GuzRtwQhoWhMxlXHASDe0zKVLiiK1i6wQ="}},"pairingEphemeralKeyPair":{"private":{"type":"Buffer","data":"6PmTBmxgWJJu4lPFoqtZkJUPEWffQ/pDWgpA8oSB71E="},"public":{"type":"Buffer","data":"qLqE4beUmlXWAPnwtpjEsatAXprLs8sLECqX5AO/Pgg="}},"signedIdentityKey":{"private":{"type":"Buffer","data":"kLw2JuB6ryi/cXlKB7u4VPmoxFunyhxP0n5KOCM1p38="},"public":{"type":"Buffer","data":"V7l2fRw0yCIiqSQR+UV95Cz1wfUlLlZVSztv5EXU4H0="}},"signedPreKey":{"keyPair":{"private":{"type":"Buffer","data":"6CWcK/U6eTYwRwydq9ywtd7WwZKDzCjpjtMC3rDuvkc="},"public":{"type":"Buffer","data":"sbd5VhUr9JVTkbCLAr6ZqvGoUSSN2+2YTQiS/1fnfSc="}},"signature":{"type":"Buffer","data":"RsA1mp033V2fj7W1ZRYyOiTX7tAxOkDqF5v/mCUJXOH4Ek4f3Dhi3hS/YtUkm1h+fZuJh37swfx0MS078AWBgg=="},"keyId":1},"registrationId":120,"advSecretKey":"IyPeNtCSlF4txmrCLWvjMd+X5zoS5X0xba1o7ljFJkA=","processedHistoryMessages":[{"key":{"remoteJid":"917904090580@s.whatsapp.net","fromMe":true,"id":"3ADAE037B02F0A7EDA2D"},"messageTimestamp":1748288033},{"key":{"remoteJid":"917904090580@s.whatsapp.net","fromMe":true,"id":"3A799A92B9D7C807DA57"},"messageTimestamp":1748288035},{"key":{"remoteJid":"917904090580@s.whatsapp.net","fromMe":true,"id":"3A81FD89F1D9CD086834"},"messageTimestamp":1748288062}],"nextPreKeyId":31,"firstUnuploadedPreKeyId":31,"accountSyncCounter":1,"accountSettings":{"unarchiveChats":false},"registered":false,"account":{"details":"COCg3L0FEJmE08EGGAQgACgA","accountSignatureKey":"iwPUxa868e4pAuWU/Efxa7gehi/vHai61ddfIl6raXw=","accountSignature":"IJFbh9qYYBLPyXDBskeQmyQ0nZMXNqaIGXxFWcmkqf5z0PjM0gc50XwMjMzVxpwUe62E55+naeY1qleEfiT2hQ==","deviceSignature":"Wgk1A7JCivR4O+ZIOyd0BgOZjEERWPTAQy+r5LPVhwFfvq+JWaT2jf4z0pTKBfEESGtlrQarj4SQyaqUrUjChg=="},"me":{"id":"917904090580:4@s.whatsapp.net","name":"DhAnA","lid":"234689931567204:4@lid"},"signalIdentities":[{"identifier":{"name":"917904090580:4@s.whatsapp.net","deviceId":0},"identifierKey":{"type":"Buffer","data":"BYsD1MWvOvHuKQLllPxH8Wu4HoYv7x2outXXXyJeq2l8"}}],"platform":"smbi","routingInfo":{"type":"Buffer","data":"CAUIAg=="},"lastAccountSyncTimestamp":1748288028,"lastPropHash":"2MFKPQ","myAppStateKeyId":"AAAAAAQ+"}