{"noiseKey":{"private":{"type":"Buffer","data":"sPazI0BeK9jMZNqVBJhAMSMtavmdtLn+Q08WWlBXNFo="},"public":{"type":"Buffer","data":"255Ai6rfAEWpBYNLJxwFAS7K2By3wZN5VfnoqkjOa0o="}},"pairingEphemeralKeyPair":{"private":{"type":"Buffer","data":"aNfxFySOXaqGSCrQKEwO70pwOGwqSSAtS1SzGbyXiVA="},"public":{"type":"Buffer","data":"zehj/gaJn7ddm0xlJ+cxZTe/JUNU5FCxxXAV+C/P/xc="}},"signedIdentityKey":{"private":{"type":"Buffer","data":"yHYEhk5YmL/GhGHVfiWte1uR5lZCmesmNP3IQSz6pUs="},"public":{"type":"Buffer","data":"dxIXhaE85mTdS777vGnTGm1M0W3AKfsIlbCv5tYZ/Dk="}},"signedPreKey":{"keyPair":{"private":{"type":"Buffer","data":"AA4Vvw0v1nhHpb/i3Qre+TkRuqOMVXnw5XP4Rq4r/UE="},"public":{"type":"Buffer","data":"/POIdh5k6WeJv4Q7UDQ63PmB1V+oDKpkHAqD09j58Hc="}},"signature":{"type":"Buffer","data":"s/7MQPy3+SxKcmSSyh/10VIZoGahXSmuo8thp8Ti95hevM/DGPx6d3rBkWfKKxHFRmgpS3smZ5L0DX9Cu+crDA=="},"keyId":1},"registrationId":221,"advSecretKey":"pDfmLYqZHop08F+It0l0SvqkLDBarRWGqhcE1ZaEgSA=","processedHistoryMessages":[{"key":{"remoteJid":"917904090580@s.whatsapp.net","fromMe":true,"id":"3A5858527D3DF5207367"},"messageTimestamp":1748281004},{"key":{"remoteJid":"917904090580@s.whatsapp.net","fromMe":true,"id":"3A1946E6968226C586C9"},"messageTimestamp":1748281007},{"key":{"remoteJid":"917904090580@s.whatsapp.net","fromMe":true,"id":"3A7DADAB734DE52B4A16"},"messageTimestamp":1748281018},{"key":{"remoteJid":"917904090580@s.whatsapp.net","fromMe":true,"id":"3ADABCEEC383CBE2892B"},"messageTimestamp":1748281025}],"nextPreKeyId":31,"firstUnuploadedPreKeyId":31,"accountSyncCounter":1,"accountSettings":{"unarchiveChats":false},"registered":false,"account":{"details":"COCg3L0FEJnN0sEGGAIgACgA","accountSignatureKey":"iwPUxa868e4pAuWU/Efxa7gehi/vHai61ddfIl6raXw=","accountSignature":"qyDD2TovbZiQhG5VrRxfwlc5KqXC0ZAIx894506VKPW+zzlHOWgVzrsk6bGUyFbN2aU2oLDtOkNtXPNX6ExFiA==","deviceSignature":"zVhbNmmwK53qVgzbLhoLc+GD5pHKorHI/E0JFHU966HchM2SXk4EUxpLFrDZV1PbM8UK34mvt7nkOrbNEWUJCA=="},"me":{"id":"917904090580:2@s.whatsapp.net","name":"DhAnA","lid":"234689931567204:2@lid"},"signalIdentities":[{"identifier":{"name":"917904090580:2@s.whatsapp.net","deviceId":0},"identifierKey":{"type":"Buffer","data":"BYsD1MWvOvHuKQLllPxH8Wu4HoYv7x2outXXXyJeq2l8"}}],"platform":"smbi","routingInfo":{"type":"Buffer","data":"CAUIAg=="},"lastAccountSyncTimestamp":1748280998,"lastPropHash":"2MFKPQ","myAppStateKeyId":"AAAAAAQ+"}