{"noiseKey":{"private":{"type":"Buffer","data":"uG5Lo4WUw4R2anIrqZJltqrsc1DXNMUdKAemf9q790g="},"public":{"type":"Buffer","data":"0y9K92NDP+xiT9XbHXVuZ2HAvvo3DXZJ8GqiHomEgws="}},"pairingEphemeralKeyPair":{"private":{"type":"Buffer","data":"8NsD3uWZFakRjBhVWgUDaDifnVs2Qv/BC+cowoJqPW4="},"public":{"type":"Buffer","data":"lL36/cDCmbYjLSZPW3KY5sde5by+ktg8JBOB+t7yc2g="}},"signedIdentityKey":{"private":{"type":"Buffer","data":"iKZ2J0Slm0ZoCfA05xE8H2semVs1o/ckWUi6gc95U2k="},"public":{"type":"Buffer","data":"XAgcJjIo1WvuaLwFXkMWwWhm9XC4OSscUf5K2bmVPFo="}},"signedPreKey":{"keyPair":{"private":{"type":"Buffer","data":"gONQ8YPzdbOlLDF8tde9VVosZNiUahLzqr8EyDO+YU0="},"public":{"type":"Buffer","data":"GmSmmdn8ZW3y9H92DASPCAirBXIiXbkg5REuDtO2pxg="}},"signature":{"type":"Buffer","data":"WouLMrzKybOwvIJ9IArYS9fSxdMNfWcZ3d7PzXB6jc3idw0sbKh0jJtBbzSSrCKSToV/9u7wozFgm3K5/bYhBQ=="},"keyId":1},"registrationId":81,"advSecretKey":"GcjZjqDcxJpvpMBmMsNE8AZitRxFaLEurUugK+2tP4I=","processedHistoryMessages":[{"key":{"remoteJid":"919865635573@s.whatsapp.net","fromMe":true,"id":"3AF84CBB5DACDA3B5F40"},"messageTimestamp":1748282729},{"key":{"remoteJid":"919865635573@s.whatsapp.net","fromMe":true,"id":"3AA0CE8742B78ADD5375"},"messageTimestamp":1748282732},{"key":{"remoteJid":"919865635573@s.whatsapp.net","fromMe":true,"id":"3AAD93303ABEBD69B3E4"},"messageTimestamp":1748282742}],"nextPreKeyId":31,"firstUnuploadedPreKeyId":31,"accountSyncCounter":1,"accountSettings":{"unarchiveChats":false},"registered":false,"account":{"details":"CIDI+6wFENTa0sEGGAIgACgA","accountSignatureKey":"8Q3kmQ7Tv+McoOz9bj/jOp9GeuvVgsLkHtKESDOp/Wc=","accountSignature":"YbZ/nikdNuwyc9yvpEZoZD726oQxUfkyXqv4sKnviAl7T4fBx1WKdsVbgrk4wFet3jvf5PVGwDcRpNrj+tCYjA==","deviceSignature":"/5noC2qXaaXFvo6eB0QcqcM5MP3Glzvtv72H+Lzwqa8ZT4TLeCReAqtMcm+bJdTcUp7lnffdoWWWSZymZXDaDQ=="},"me":{"id":"919865635573:17@s.whatsapp.net","lid":"250229257465891:17@lid","name":"DHANA"},"signalIdentities":[{"identifier":{"name":"919865635573:17@s.whatsapp.net","deviceId":0},"identifierKey":{"type":"Buffer","data":"BfEN5JkO07/jHKDs/W4/4zqfRnrr1YLC5B7ShEgzqf1n"}}],"platform":"iphone","routingInfo":{"type":"Buffer","data":"CBIICA=="},"lastAccountSyncTimestamp":1748282721,"lastPropHash":"3fYwCK","myAppStateKeyId":"AAAAAGTh"}