{"_sessions":{"BdYOzSxQmqEte9eXcpgOzUw4cFuD+bg6E3phHOs5NWo0":{"registrationId":1262899710,"currentRatchet":{"ephemeralKeyPair":{"pubKey":"Bd/NJqsRYW4Cds2YQWyhaDjf7sjkk2F6yH/8gEAgUqU5","privKey":"WCcjv78WPCL1G42cRQd+88gvbU9QlUFDuZR6quFMGnQ="},"lastRemoteEphemeralKey":"BUmhPLmoHqMIC544nhXY4zpQR+bec7V2iRyM7qR2tRA1","previousCounter":0,"rootKey":"99nixgENcxbmqu+9dCJlfS6OS5J8hqs1pKcSaTeNdyU="},"indexInfo":{"baseKey":"BdYOzSxQmqEte9eXcpgOzUw4cFuD+bg6E3phHOs5NWo0","baseKeyType":1,"closed":1748282766432,"used":1748282766029,"created":1748282766029,"remoteIdentityKey":"BYsD1MWvOvHuKQLllPxH8Wu4HoYv7x2outXXXyJeq2l8"},"_chains":{"Bd/NJqsRYW4Cds2YQWyhaDjf7sjkk2F6yH/8gEAgUqU5":{"chainKey":{"counter":0,"key":"SMqDyHqjeXTdfltA/BOZHiQ78CZ4uJ2f/PN/Ma7CMuM="},"chainType":1,"messageKeys":{}}},"pendingPreKey":{"signedKeyId":3316623,"baseKey":"BdYOzSxQmqEte9eXcpgOzUw4cFuD+bg6E3phHOs5NWo0","preKeyId":894}},"BUeD96CuFlX10xQ42OBTUR5g/coRsZmJ1Q9NoArMGC8u":{"registrationId":1262899710,"currentRatchet":{"ephemeralKeyPair":{"pubKey":"BW+0fk3wEODv99A+0/5CmjEosDG54BDiaz741UPA5SIY","privKey":"EKXftn5THQt6VvaO5VT50NntaHKKW5+MqrH9l6yc51M="},"lastRemoteEphemeralKey":"BUmhPLmoHqMIC544nhXY4zpQR+bec7V2iRyM7qR2tRA1","previousCounter":0,"rootKey":"3FlHDBinBFcirXIJsI+cERHPQ6Y2FOs86GsGEKC4Y5I="},"indexInfo":{"baseKey":"BUeD96CuFlX10xQ42OBTUR5g/coRsZmJ1Q9NoArMGC8u","baseKeyType":1,"closed":-1,"used":1748282766429,"created":1748282766429,"remoteIdentityKey":"BYsD1MWvOvHuKQLllPxH8Wu4HoYv7x2outXXXyJeq2l8"},"_chains":{"BW+0fk3wEODv99A+0/5CmjEosDG54BDiaz741UPA5SIY":{"chainKey":{"counter":0,"key":"5UnIjIbxOWvwBjTyQ2jUssLj0qzFXD3OM2HTSjoVYMc="},"chainType":1,"messageKeys":{}}},"pendingPreKey":{"signedKeyId":3316623,"baseKey":"BUeD96CuFlX10xQ42OBTUR5g/coRsZmJ1Q9NoArMGC8u","preKeyId":865}}},"version":"v1"}