{"_sessions":{"BasZ1G+/kZ2jGJ+uYakT95MBVuk1lyhgQx1RBvbjTalx":{"registrationId":2073978165,"currentRatchet":{"ephemeralKeyPair":{"pubKey":"BagaTH0US0kWq918ihzHoWqnfJ3SsKZ00xmJGme/AxlY","privKey":"AGFdMnmM42nGicEioxr0cFi1FIs/4tHmToDs7Q0q6mA="},"lastRemoteEphemeralKey":"BXkm9jvlgpFu71lGdng0ImR53+nbRr02vQBoeMdNK+AZ","previousCounter":0,"rootKey":"qtyiW9KE7E2j7F4lx5UlfnCIHbR/5/AhuuJ9l/+3jAA="},"indexInfo":{"baseKey":"BasZ1G+/kZ2jGJ+uYakT95MBVuk1lyhgQx1RBvbjTalx","baseKeyType":1,"closed":1748282766431,"used":1748282766020,"created":1748282766020,"remoteIdentityKey":"BauExPtnW77ppK5rP0e0gWCSRSixP9lXJWrsuwGw7Cpe"},"_chains":{"BagaTH0US0kWq918ihzHoWqnfJ3SsKZ00xmJGme/AxlY":{"chainKey":{"counter":0,"key":"sbe/zdVkPbTxTNvIShqwLLRPeASO2k/5+J8npVHQISc="},"chainType":1,"messageKeys":{}}},"pendingPreKey":{"signedKeyId":10132836,"baseKey":"BasZ1G+/kZ2jGJ+uYakT95MBVuk1lyhgQx1RBvbjTalx","preKeyId":21}},"BTLr07q7BPoM/xVjPZrbG39oqO6FjT7gAoQxEPqDPrlQ":{"registrationId":2073978165,"currentRatchet":{"ephemeralKeyPair":{"pubKey":"BZSlG+/cym3909CIDQz1vdAPVa8MbquZMoRkVKZ2lPIf","privKey":"GBhmVmeeppaYP+T5bCAHZm25NQ4ULRvamCN1UZNKNHs="},"lastRemoteEphemeralKey":"BXkm9jvlgpFu71lGdng0ImR53+nbRr02vQBoeMdNK+AZ","previousCounter":0,"rootKey":"DzVQI6GePNUSz5IKuPFA8qtSjgwsDaMlikqCN4bNHEA="},"indexInfo":{"baseKey":"BTLr07q7BPoM/xVjPZrbG39oqO6FjT7gAoQxEPqDPrlQ","baseKeyType":1,"closed":-1,"used":1748282766422,"created":1748282766422,"remoteIdentityKey":"BauExPtnW77ppK5rP0e0gWCSRSixP9lXJWrsuwGw7Cpe"},"_chains":{"BZSlG+/cym3909CIDQz1vdAPVa8MbquZMoRkVKZ2lPIf":{"chainKey":{"counter":0,"key":"6VedA+JrF/UrohMgP+YknB2s0nWH9lhrBxP1N+t+8a4="},"chainType":1,"messageKeys":{}}},"pendingPreKey":{"signedKeyId":10132836,"baseKey":"BTLr07q7BPoM/xVjPZrbG39oqO6FjT7gAoQxEPqDPrlQ","preKeyId":28}}},"version":"v1"}