{"_sessions":{"BTS6ma1PwZOrtX9QCHEwRWvvoR6qRDwlfz7sIhJaChQE":{"registrationId":1262899710,"currentRatchet":{"ephemeralKeyPair":{"pubKey":"BSH94TR5dd0pwxRDjGs96VYHnXWcOAMyuqEyLWZbQCdu","privKey":"+J+ffdTgpVevbRixUXtiwEI0mv+nfieGKS2qYPNJ5mU="},"lastRemoteEphemeralKey":"BTyCCtMnl3xFBGsQohH5o2CejaUbLB/TrGonWXVpvZtf","previousCounter":0,"rootKey":"p6okPqOcG4/oyXgjILhtMrBwDmnlZ0jC9KuP0oakKV0="},"indexInfo":{"baseKey":"BTS6ma1PwZOrtX9QCHEwRWvvoR6qRDwlfz7sIhJaChQE","baseKeyType":2,"closed":-1,"used":1748288029940,"created":1748288029940,"remoteIdentityKey":"BYsD1MWvOvHuKQLllPxH8Wu4HoYv7x2outXXXyJeq2l8"},"_chains":{"BTyCCtMnl3xFBGsQohH5o2CejaUbLB/TrGonWXVpvZtf":{"chainKey":{"counter":6,"key":"pQFw6ZAB4gassAlMeBgPqi98+kaxtfGp+d3a0dIh3Kc="},"chainType":2,"messageKeys":{}},"BSH94TR5dd0pwxRDjGs96VYHnXWcOAMyuqEyLWZbQCdu":{"chainKey":{"counter":-1,"key":"/Gx+NR+KvHVdKnuTCgk0w+908hCE0J3Il3QqUJ+QuG4="},"chainType":1,"messageKeys":{}}}}},"version":"v1"}