{"_sessions":{"BcRnQZVRknYUq840UcfRrRG6T5BiuZbmFQu3TRVBmBM3":{"registrationId":58,"currentRatchet":{"ephemeralKeyPair":{"pubKey":"BUxRfXVTpDNIAi9BoDwVvNevElE9RlC82agTEyyw+Kx/","privKey":"CH9NZm6b3c7qtn3a9d1dVS3o5h21hR2J/QidaceShGo="},"lastRemoteEphemeralKey":"BZY0uubaaYt5to9w51B2Nns5iZPXyp/WvnLwu6xjaX0x","previousCounter":0,"rootKey":"Ju0He/lS0Ny99Qt7irhUz9J7dOqPUA1DAJV01cO6x1k="},"indexInfo":{"baseKey":"BcRnQZVRknYUq840UcfRrRG6T5BiuZbmFQu3TRVBmBM3","baseKeyType":1,"closed":1748282766432,"used":1748282766026,"created":1748282766026,"remoteIdentityKey":"BVAN4GMiPs4m6PpdhaNzysJTSGh7eO2Xj6NvF/rfw5FX"},"_chains":{"BUxRfXVTpDNIAi9BoDwVvNevElE9RlC82agTEyyw+Kx/":{"chainKey":{"counter":0,"key":"72NPa6A54rqo/rOSW3/gYZXSZe/CMOjNvq7sobAU+uM="},"chainType":1,"messageKeys":{}}},"pendingPreKey":{"signedKeyId":1,"baseKey":"BcRnQZVRknYUq840UcfRrRG6T5BiuZbmFQu3TRVBmBM3","preKeyId":15}},"Beqj6cy3EJgJHp49Dx9RS0/FkKDHkw+phmutV55pzygf":{"registrationId":58,"currentRatchet":{"ephemeralKeyPair":{"pubKey":"BfQwYOGOYJ+mdwUlKqdE8LF2s/QcreHCvo1vMQPxPWwU","privKey":"6GLco20NafrOHzDVrtn5IlVJ67Mli/WBMrXKIgi1cEQ="},"lastRemoteEphemeralKey":"BZY0uubaaYt5to9w51B2Nns5iZPXyp/WvnLwu6xjaX0x","previousCounter":0,"rootKey":"HdI0RXuWRmvg2qQ9xwcbVZCX+fZz5e58OKuLUchDOyw="},"indexInfo":{"baseKey":"Beqj6cy3EJgJHp49Dx9RS0/FkKDHkw+phmutV55pzygf","baseKeyType":1,"closed":-1,"used":1748282766426,"created":1748282766426,"remoteIdentityKey":"BVAN4GMiPs4m6PpdhaNzysJTSGh7eO2Xj6NvF/rfw5FX"},"_chains":{"BfQwYOGOYJ+mdwUlKqdE8LF2s/QcreHCvo1vMQPxPWwU":{"chainKey":{"counter":0,"key":"EyoyqN4irNWHgSZPbgOf67LA/R8J/UhmMFjpKY1rG4Q="},"chainType":1,"messageKeys":{}}},"pendingPreKey":{"signedKeyId":1,"baseKey":"Beqj6cy3EJgJHp49Dx9RS0/FkKDHkw+phmutV55pzygf","preKeyId":25}}},"version":"v1"}