{"_sessions":{"BehdHPvi38fBEMhVGzD01eK1hNa1VnDfy4L8Dt4EYgkB":{"registrationId":221,"currentRatchet":{"ephemeralKeyPair":{"pubKey":"BWjIZuQNRl5mII/uGWnmq9C3NHeOrC2f/X9y4a9PmCUK","privKey":"aCb5XgzztX5g38dxXfGZAaYi0Pqv8METYxKzunWCW30="},"lastRemoteEphemeralKey":"BfzziHYeZOlnib+EO1A0Otz5gdVfqAyqZBwKg9PY+fB3","previousCounter":0,"rootKey":"g3W2St2QfLL8keWEUyrU6+Rdi1jE/BbDm4VehHHw6Sg="},"indexInfo":{"baseKey":"BehdHPvi38fBEMhVGzD01eK1hNa1VnDfy4L8Dt4EYgkB","baseKeyType":1,"closed":1748282766432,"used":1748282766024,"created":1748282766024,"remoteIdentityKey":"BXcSF4WhPOZk3Uu++7xp0xptTNFtwCn7CJWwr+bWGfw5"},"_chains":{"BWjIZuQNRl5mII/uGWnmq9C3NHeOrC2f/X9y4a9PmCUK":{"chainKey":{"counter":0,"key":"WGWPF/04d9r6SzTU9dYK19Kw1I8WbKefwzLO0wvuNbo="},"chainType":1,"messageKeys":{}}},"pendingPreKey":{"signedKeyId":1,"baseKey":"BehdHPvi38fBEMhVGzD01eK1hNa1VnDfy4L8Dt4EYgkB","preKeyId":21}},"BYrfdMP1lgAOqrYMFIY38jx3j62aW8YOwTw6kjkdVCsn":{"registrationId":221,"currentRatchet":{"ephemeralKeyPair":{"pubKey":"BUPEFlPgUmLhCeSV6RrGHwQNZMyAdi8244uLoH4zr60E","privKey":"AHFEPf9XngJkUP5eClneH0GmZ2KxgFR842rFekFSZFU="},"lastRemoteEphemeralKey":"BfzziHYeZOlnib+EO1A0Otz5gdVfqAyqZBwKg9PY+fB3","previousCounter":0,"rootKey":"VPClNEQ/ozvQTXlq30xcEWFfc8BPtskSBWjIlDY7I6Y="},"indexInfo":{"baseKey":"BYrfdMP1lgAOqrYMFIY38jx3j62aW8YOwTw6kjkdVCsn","baseKeyType":1,"closed":-1,"used":1748282766424,"created":1748282766424,"remoteIdentityKey":"BXcSF4WhPOZk3Uu++7xp0xptTNFtwCn7CJWwr+bWGfw5"},"_chains":{"BUPEFlPgUmLhCeSV6RrGHwQNZMyAdi8244uLoH4zr60E":{"chainKey":{"counter":0,"key":"mcMm9H+ywKRdb1w3TcAYP6qXR2EkZABI4ndHpyb0CD4="},"chainType":1,"messageKeys":{}}},"pendingPreKey":{"signedKeyId":1,"baseKey":"BYrfdMP1lgAOqrYMFIY38jx3j62aW8YOwTw6kjkdVCsn","preKeyId":2}}},"version":"v1"}