{"_sessions":{"BcN11f1d9ZZGVCNOtouGHLo4jK+EWMGBuHN6t2CFJ4tj":{"registrationId":410569232,"currentRatchet":{"ephemeralKeyPair":{"pubKey":"BXCtOkuhhknTsGu0eDl4IJntvZoUBknpKRJXrCCTbZNy","privKey":"SLhmwMAXtXAV7hMyk4ZGMD0G7e6Ip9Je9JSG68OvT1k="},"lastRemoteEphemeralKey":"Bf6LIgUxsRogs29WEePeXaHw+iQB6ZscCwRa3TjuKwZV","previousCounter":0,"rootKey":"XUTDrbxES6CAqCYXwjb3WOa9YfcaFwUt8uTPewkAZho="},"indexInfo":{"baseKey":"BcN11f1d9ZZGVCNOtouGHLo4jK+EWMGBuHN6t2CFJ4tj","baseKeyType":1,"closed":1748281083108,"used":1748281083023,"created":1748281083023,"remoteIdentityKey":"BfEN5JkO07/jHKDs/W4/4zqfRnrr1YLC5B7ShEgzqf1n"},"_chains":{"BXCtOkuhhknTsGu0eDl4IJntvZoUBknpKRJXrCCTbZNy":{"chainKey":{"counter":0,"key":"Ut8MtGQI80sqhhb3R6axZ1iK3GmkTKXkgWHMDjy7MSM="},"chainType":1,"messageKeys":{}}},"pendingPreKey":{"signedKeyId":15882311,"baseKey":"BcN11f1d9ZZGVCNOtouGHLo4jK+EWMGBuHN6t2CFJ4tj","preKeyId":2621}},"BcToVEpbp2xitFYds+41SV9V1XnWGHplARSRuP3Ic0c2":{"registrationId":410569232,"currentRatchet":{"ephemeralKeyPair":{"pubKey":"BRMDaTjo7vdbIt4Edw3moxTB74w1Nr1DeRG1NTNkxB99","privKey":"QLRWpqBEno5RV5pvWjIUApcQuwAZb1H+dz5wFhyb3E0="},"lastRemoteEphemeralKey":"Bf6LIgUxsRogs29WEePeXaHw+iQB6ZscCwRa3TjuKwZV","previousCounter":0,"rootKey":"62vUFpG3VzXsaT2HMGoaVwRvl6g95f1UHZVLp9jbzKA="},"indexInfo":{"baseKey":"BcToVEpbp2xitFYds+41SV9V1XnWGHplARSRuP3Ic0c2","baseKeyType":1,"closed":-1,"used":1748281083104,"created":1748281083104,"remoteIdentityKey":"BfEN5JkO07/jHKDs/W4/4zqfRnrr1YLC5B7ShEgzqf1n"},"_chains":{"BRMDaTjo7vdbIt4Edw3moxTB74w1Nr1DeRG1NTNkxB99":{"chainKey":{"counter":0,"key":"zNbfaMwwkt3LDtfnehePnccFz8QxX9zDIDydDL0SeQ0="},"chainType":1,"messageKeys":{}}},"pendingPreKey":{"signedKeyId":15882311,"baseKey":"BcToVEpbp2xitFYds+41SV9V1XnWGHplARSRuP3Ic0c2","preKeyId":3128}}},"version":"v1"}