{"_sessions":{"BSStaL+GFVxpqawWJLhvXZPUjUgjhieLR+1+op2RKQIR":{"registrationId":2073978165,"currentRatchet":{"ephemeralKeyPair":{"pubKey":"BS7BPuUpmN8L0Hx5sWAFZeRhAuZc6pNW0LLSu+j5kys8","privKey":"WBSlg3cBK2e5yvCZz6HmEM8bXG/O8uK1c0ZGpVB+g10="},"lastRemoteEphemeralKey":"BXkm9jvlgpFu71lGdng0ImR53+nbRr02vQBoeMdNK+AZ","previousCounter":0,"rootKey":"1qGLyJPCx0Sj1uKdolZWXsE0zp26QDYltf0qzCH5IjQ="},"indexInfo":{"baseKey":"BSStaL+GFVxpqawWJLhvXZPUjUgjhieLR+1+op2RKQIR","baseKeyType":1,"closed":1748281083107,"used":1748281083017,"created":1748281083017,"remoteIdentityKey":"BauExPtnW77ppK5rP0e0gWCSRSixP9lXJWrsuwGw7Cpe"},"_chains":{"BS7BPuUpmN8L0Hx5sWAFZeRhAuZc6pNW0LLSu+j5kys8":{"chainKey":{"counter":0,"key":"L5CVW8r/ShSc1iuPvKzhqDyt/Ta8VcxhLKY3hxD1PbY="},"chainType":1,"messageKeys":{}}},"pendingPreKey":{"signedKeyId":10132836,"baseKey":"BSStaL+GFVxpqawWJLhvXZPUjUgjhieLR+1+op2RKQIR","preKeyId":131}},"BXIWOeixTxTfRZhCZTE2ADmfFNij8BGzB30vLP7elIc1":{"registrationId":2073978165,"currentRatchet":{"ephemeralKeyPair":{"pubKey":"BfplOCwYCQF5mq29/Izfbsc663sxeEk0laQ0s/+4coZu","privKey":"QG7BQS15jhn7pnOcVHOUyDHMvrmSWTFmKmW9Bd4lgWs="},"lastRemoteEphemeralKey":"BXkm9jvlgpFu71lGdng0ImR53+nbRr02vQBoeMdNK+AZ","previousCounter":0,"rootKey":"Gq+fa+P3LaAc3vZx2MdZYr95g8OBkF0OgrtvqBWyxjc="},"indexInfo":{"baseKey":"BXIWOeixTxTfRZhCZTE2ADmfFNij8BGzB30vLP7elIc1","baseKeyType":1,"closed":-1,"used":1748281083099,"created":1748281083099,"remoteIdentityKey":"BauExPtnW77ppK5rP0e0gWCSRSixP9lXJWrsuwGw7Cpe"},"_chains":{"BfplOCwYCQF5mq29/Izfbsc663sxeEk0laQ0s/+4coZu":{"chainKey":{"counter":0,"key":"JnGXyP4YJrPsUe34Jg7Q/xcF9aAoWN5P9jPSYb0WA40="},"chainType":1,"messageKeys":{}}},"pendingPreKey":{"signedKeyId":10132836,"baseKey":"BXIWOeixTxTfRZhCZTE2ADmfFNij8BGzB30vLP7elIc1","preKeyId":79}}},"version":"v1"}