{"_sessions":{"BSTOST77SP05wroYiqx3t7gKBIWjmxi3xW7MeijbM7sc":{"registrationId":410569232,"currentRatchet":{"ephemeralKeyPair":{"pubKey":"BWCM7XkLVBqv4GB9GYVN2mG+xuvFS55Ej6ZXzcz5JTlh","privKey":"CD61CIon5vTI2w7BJ2ewSYIN5ALeptQbu5MusGZNyGw="},"lastRemoteEphemeralKey":"BQoFTc2rDS4BCRU42WDJm1ToZREMJSq9w3eo5fq/Cj9y","previousCounter":0,"rootKey":"mgQ1gGZ3yymrAx9r1YK+4lWsqtmL5c4viKR7Ud1m+7g="},"indexInfo":{"baseKey":"BSTOST77SP05wroYiqx3t7gKBIWjmxi3xW7MeijbM7sc","baseKeyType":2,"closed":-1,"used":1748282722510,"created":1748282722510,"remoteIdentityKey":"BfEN5JkO07/jHKDs/W4/4zqfRnrr1YLC5B7ShEgzqf1n"},"_chains":{"BQoFTc2rDS4BCRU42WDJm1ToZREMJSq9w3eo5fq/Cj9y":{"chainKey":{"counter":6,"key":"GicoOtpXXmCsFkzumW0jCeStMBSDcuKNj98WvoKhvMo="},"chainType":2,"messageKeys":{}},"BWCM7XkLVBqv4GB9GYVN2mG+xuvFS55Ej6ZXzcz5JTlh":{"chainKey":{"counter":1,"key":"7tr5TPchoml4m0zLs3p+0qbr89jtTVLaAq14ZFwegcw="},"chainType":1,"messageKeys":{}}}}},"version":"v1"}