{"_sessions":{"BQrJK3i9a9tk3og8fAwdrPsY36fzGPDgJ1lXbcAH60Iy":{"registrationId":1262899710,"currentRatchet":{"ephemeralKeyPair":{"pubKey":"BU97Gm7jxU7huYW9N6Eb7CLc6jd2v9bD2DdpL47Hhe0o","privKey":"8IzWh4fUo5/NlF7d1kz5dpC1XoEJ9sG9p46s6IsQLEA="},"lastRemoteEphemeralKey":"BVhpSgFV4CIwouQrJbS9Ok/minHY2dnnd3mnIw+pwdFR","previousCounter":0,"rootKey":"4GKc7QKQc5bHlK8dEjnnyL31GggaIciX3aOAqQb8mR0="},"indexInfo":{"baseKey":"BQrJK3i9a9tk3og8fAwdrPsY36fzGPDgJ1lXbcAH60Iy","baseKeyType":2,"closed":-1,"used":1748280999814,"created":1748280999814,"remoteIdentityKey":"BYsD1MWvOvHuKQLllPxH8Wu4HoYv7x2outXXXyJeq2l8"},"_chains":{"BVhpSgFV4CIwouQrJbS9Ok/minHY2dnnd3mnIw+pwdFR":{"chainKey":{"counter":7,"key":"UsdSsv6W6GIVwfzKCnLlk53zyX+vu20dN/XKDMiuwi0="},"chainType":2,"messageKeys":{}},"BU97Gm7jxU7huYW9N6Eb7CLc6jd2v9bD2DdpL47Hhe0o":{"chainKey":{"counter":1,"key":"b92qvY71pJkAFrepM5kKL1hP/59pvDln7iby7YLOcbI="},"chainType":1,"messageKeys":{}}}}},"version":"v1"}